:020000022000DC
:1060000000000420E545050025460500DD110300DC
:10601000294605002B4605002D460500000000001E
:1060200000000000000000000000000071440500B6
:10603000314605000000000091440500354605008A
:106040004148050037460500374605003D56030028
:106050003746050037460500351A05003746050066
:106060003746050037460500374605003746050028
:106070003746050037460500374605003746050018
:1060800037460500C1410500374605003746050083
:1060900037460500374605005D20040037460500F9
:1060A00037460500374605003746050037460500E8
:1060B00037460500374605000000000000000000DC
:1060C000374605003746050037460500294E0500CE
:1060D000374605003746050037460500A935040058
:1060E000374605003746050037460500000000002A
:1060F000000000003746050000000000A14E05002A
:10610000000000000000000000000000000000008F
:10611000000000000000000000000000000000007F
:10612000000000000000000000000000000000006F
:10613000000000000000000000000000000000005F
:10614000000000000000000000000000000000004F
:10615000000000000000000000000000000000003F
:10616000000000000000000000000000000000002F
:10617000000000000000000000000000000000001F
:10618000000000000000000000000000000000000F
:1061900000000000000000000000000000000000FF
:1061A00000000000000000000000000000000000EF
:1061B00000000000000000000000000000000000DF
:1061C00000000000000000000000000000000000CF
:1061D00000000000000000000000000000000000BF
:1061E00000000000000000000000000000000000AF
:1061F000000000000000000000000000000000009F
:10620000F1EE103A43F08073E1EE103A704700BFB0
:1062100010B5054C237833B9044B13B10448AFF3E0
:1062200000800123237010BD946400200000000052
:10623000CC6B060008B5034B1BB103490348AFF311
:10624000008008BD0000000098640020CC6B0600B0
:10625000154B002B08BF134B9D46A3F5803A002138
:106260008B460F461348144A121A34F07FFF0F4B27
:10627000002B00D098470E4B002B00D098470020F1
:10628000002104000D000D48002802D00C48AFF397
:10629000008034F001FF200029002EF0FBF934F0DB
:1062A000D5FE00BF00000800000004200000000030
:1062B0000000000094640020F400012000000000B1
:1062C0000000000033DF704712DF704700230381B6
:1062D000C36070472A2905D1044BD3F81005C0F3D9
:1062E0008020704708462FF017BB00BF0003005006
:1062F0002BF01EBE08B50A4BDB68D90106D5094B49
:106300001A68D20702D55868800908BD2DF054F8E4
:10631000054BA0FB0301830A43EA815008BD00BF7F
:10632000F0ED00E0001000E040420F003A483B4929
:1063300002680132F8B581FB0231D317C3EB610368
:1063400003EBC303D31A364D364E55F82320364C93
:106350000360B242226012D0344B9A420FD0344BC9
:106360009A420CD0334B344F344D9A4209D0BA4242
:1063700007D0AA4205D0324B9A4204D101E02E4FF9
:106380002E4D09F00DFA03F0B9F803F0C5F82368B3
:10639000BB4222D02A4A934229D02A4A934229D08A
:1063A000AB4211D0224A934227D0B34228D0214A8F
:1063B000934228D01D4A93422BD0234A934225D0A2
:1063C000BDE8F8400CF0FABE03F09AFA2368AB423D
:1063D000F6D1BDE8F8400CF053BC1C491C4A1D4BDB
:1063E0000978117500221A6005F086FDEEE706F0C7
:1063F00093F9EBE706F02CFEE8E704F00BFAE5E78B
:1064000004F0C8FFE2E707F023FDDFE707F0EEF94D
:10641000DCE703F003FFD9E724600020398EE3387E
:106420002860002048F805007C6800204CF8050032
:1064300058FB050050F8050058F8050060F8050005
:1064400068F8050070F8050074F80500D8680020A9
:10645000C8780020C8680020F8B51F491F4F204D9C
:106460000646204874462AF0B5FC1F491D482AF00C
:10647000B1FC102221461B482AF0E6FE1B491948B0
:106480002AF0A8FC396817482AF0A4FC18491548D6
:106490002AF0A0FC134831462AF06EFD002455F87E
:1064A000041F30462BF0D4FC40B90134092CF6D13E
:1064B000BDE8F8400F490B482AF0A4BD54B1013C97
:1064C0000D4A0E4B52F824203A601C60BDE8F8409B
:1064D000FFF72CBF0824F3E778F805007C6800205C
:1064E00024600020ACD000209CF80500A4F8050032
:1064F000B0F80500BCF805002860002024600020EA
:106500002DE9F04F2DED028BA349A5B004462BF0E9
:106510009FFC002873D1A149054620462BF098FC2A
:106520000646002861D19E4D9E4B2968994200F095
:1065300083809D4EB1426CD09C4B994269D09C4B5C
:10654000994200F0F3809B4EB14200F0F6809A4BE6
:10655000994200F01681994B99424BD120462BF07D
:1065600077FC002846D0964B96499B6894F82E20DD
:10657000CB5C9A423ED120460CF0EAF8002800F0AD
:10658000518291490B68002B00F09482236B0A68BA
:10659000501C834200F09282C2F10102D21806D44C
:1065A0008A4C8B4D206802440020226028600B60DA
:1065B000884B1B78042B00F03982874B186833F026
:1065C000D1FF864ACDE9000105A81E2135F0A0FCC7
:1065D000834BD3E9000134F0CDFA824A824B127822
:1065E00018611A7505F088FC04E06D4A6E4B12685C
:1065F0009A4227D025B0BDEC028BBDE8F08FE06950
:1066000034F007FD09F022FD25B0BDEC028BBDE89A
:10661000F08F2BF08DFC754A29681368744D013397
:10662000B1422860136075D072496F4A0968C2E9A7
:10663000421304F0AFFEDDE720462BF009FC60B901
:10664000296876E7E1696C48272235F021FD664B21
:1066500083F8DC5003F0E2FDCCE72046DFF8BCB164
:1066600008F018FB654905A82BF042FADBF800A0FA
:10667000BAF1000F48DD624D624FDFED638A0024FE
:106680004FF000084FF0000997ED0E8AB5EEC08A72
:10669000F1EE10FA25DDB4EEE88AF1EE10FA42468A
:1066A0004B46204629461CD534F026FA034618EE00
:1066B000100A33B933F056FF22462B4634F01CFA49
:1066C00078B118EE100A33F04DFF3B7B04460D46BF
:1066D000002B5FD007F10C0105A82BF0F5FADBF8D1
:1066E00000A00136564507F14007CDDB002200230C
:1066F0002046294634F014FA30B1444B444805A9E9
:10670000C3E900452BF098FA06F006F805A82BF02F
:106710008BFA6FE7E1693848272235F0B9FC324B34
:10672000002283F8DC2003F079FD63E720462BF09C
:106730008FFB002874D1296805E720462BF088FBE1
:1067400090B11F4B1F499B6894F82E20CB5C9A4256
:106750007FF450AF01F0A6FCA38CE26908210EF093
:1067600025F904F057F845E72968B1427FF4EFAE08
:10677000284920462BF06CFB002840F085802968D2
:10678000E5E6254920462BF063FB002840F0DF803A
:106790002968E0E639689FE7D8F80500DCF80500CD
:1067A0007C68002068F805004CF8050048F80500F2
:1067B00070F8050058FB050050F8050058F8050072
:1067C000B060002094600020C8680020E8680020C5
:1067D000B4680020547A0020287A002058F9050077
:1067E000E0680020D8680020C8780020B068002049
:1067F000F0680020F46800207D79002008F9050089
:106800000000F0BFF88500200050434718600020CA
:106810006C680020E4F80500F0F80500F887002017
:10682000B74BB8499B6894F82E20CB5C9A427FF412
:10683000E1AEA28DA16A032A40F2CD800B78502BE5
:1068400000F0D1800023501E76283FF6D3AED4B29C
:106850001944AD4D8DF816404FF4FF73002606A87D
:10686000ADF814308DF8176034F058FC0123AB7587
:106870006E752BF05DFBE86106F0EAFB211DC9B2E5
:1068800005A801F0BBF8B5E69D4B9E499B6894F8BE
:106890002E20CB5C9A427FF4ADAEE6692F213046C4
:1068A00035F099FB044600283FF4A4AE471C384657
:1068B0007E2135F090FB054600283FF49BAE8442D4
:1068C000BFF498AE304634F0A4FB0446384634F0AA
:1068D000A0FB01358046284635F0ADFBE4B2012C23
:1068E0008A4F064600F000812BF022FB3B6847F2FE
:1068F0003052C31A934200F2F780854C844835F039
:106900009AFB8319B3F5007FBFF674AE721C29465B
:10691000204434F003FC7F4A7F491378097801331F
:10692000DBB2994213707FF465AE01F0BBFB044605
:10693000774835F080FB764A83B2082120460EF076
:1069400035F87649764A00230B70137052E6754D80
:10695000754976486C4C2AF00FFA286803685B6E1C
:10696000984710EE100A33F0FDFD41EC100B0221A8
:106970006E482AF061FA6E496C482AF08DFA6D492A
:106980006A482AF0F9F9286803689B6E984710EE68
:10699000100A33F0E7FD41EC100B022163482AF0A6
:1069A0004BFA654961482AF077FA02220023C4E9CC
:1069B000082307F04DFA61495C482AF0DDF94FF4ED
:1069C0007A702BF0C1FA0123236207F041FA5C4888
:1069D00009F030FC0EE6002003460324A2427FF7B4
:1069E00009AE121A2FE74B78542B7FF42BAFCB78DC
:1069F0004F2B7FF427AF501E04284FF0040303DC15
:106A00000BE0A3B2834208DACD5C7E2D03F10104D2
:106A1000F7D1CD186D787E2DF3D102339BB2184695
:106A2000DC1CDBE7474802F049FDE3E5464F474CF5
:106A3000D7E900010022002334F054F8002843D0A5
:106A4000D4E900010022002334F04CF800283BD0A8
:106A50003F4D404ED5E90001D6E90023C7E90001CA
:106A6000C4E9002395ED002B94ED001B96ED003B4F
:106A700097ED000B12F0ECF855EC104B10EE100AED
:106A800000220023294634F055F800286CD0324EFD
:106A90002246D6E900012B4634F02EF808B1C6E9AB
:106AA00000452E4B1B68022B2D4B7FF792ADC3E99F
:106AB00000458EE5236B5A1E0A6068E5274A0B6085
:106AC00013680133136073E5224E214D254AD5E941
:106AD0000001D6E90089CDE90001CDE902891E2136
:106AE00005A835F015FABDE70B4B0A4A084C83F8A8
:106AF00000800023137023702BF01AFA3860FDE633
:106B0000B060002094600020C8780020B0660020AB
:106B1000B0640020B5660020B46600200B69002038
:106B20000A69002004880020F8F80500ACD0002095
:106B30000CF9050014F9050024F9050028F90500F1
:106B400050F9050074F90500B8680020C0680020FD
:106B5000307A0020407A0020D0680020B4680020FD
:106B6000E068002068F90500004B32E5E06800208D
:106B700030B5284B284A1A6087B002F0B1FC274B89
:106B800027481A68002410234FF6FF75CDE9003519
:106B90002146029402F0BCF922492246042002F068
:106BA000A5FC21492246072002F0A0FC01221F4932
:106BB000082002F09BFC204602F094FC08F08CFDBB
:106BC000012121202EF08AFE012123202EF086FEB5
:106BD00001210E202EF082FE21462A202EF0FAFD01
:106BE00021460B202EF0F6FD11481CF0F3F80DF1B4
:106BF0001700FFF769FB9DF8173033B94FF080435A
:106C00000122C3F8002507B030BDFFF75BFB07B0DA
:106C100030BD00BF7C680020EC22060064600020CC
:106C20009807060084F9050094F90500A8F9050005
:106C3000ACD000202DE9F043324CA7B02BF078F90E
:106C4000226841F28833801A984202D827B0BDE802
:106C5000F0832D4D2BF06CF92B682C4A206001330A
:106C600032210CA82B6035F053F9294B28689B681A
:106C700028490190284ACB5C00923221274A19A862
:106C800035F046F90CAB264A1E2104A835F040F930
:106C900019A809F0CFFA64202BF056F9214B1B7884
:106CA000042B17D0204B186833F05CFC1F4ACDE949
:106CB000000104A81E2135F02BF91D4A1D4B126856
:106CC0009A4217D004F066FE2BF032F9206027B00C
:106CD000BDE8F0831849194B194AD1E90089D3E975
:106CE000006704A8CDE90289CDE900671E2135F0CF
:106CF0000FF9E2E7134A144B12781A7505F0FCF805
:106D0000E2E700BFF0680020F4680020B4F9050055
:106D1000B060002094600020C8F90500BCF90500AF
:106D2000D0F90500547A0020287A002058F905008F
:106D30007C68002058F80500407A0020307A002056
:106D400068F90500D8680020C87800202DE9F04FC8
:106D50002DED048BCBB0054635F06DF9AE4B0D90A3
:106D60001B780A93502849D8042BAC4B26D09B683B
:106D7000AB4A00951EACD35CAA4A2046B02135F040
:106D8000C7F80EAE2B46A84A3046402135F0C0F871
:106D9000A64AA7482B46A02135F0BAF8A44800F02F
:106DA0003FFF204609F046FA64202BF0CDF803F0AF
:106DB00031FD4BB0BDEC048BBDE8F08F9D499E4882
:106DC000974A9B68D0E900ABD1E900890EAED35C4D
:106DD0000893304608F01CFC1EAC0E9A0492CDE9D4
:106DE00000ABCDE90289089B944A05952046B02165
:106DF00035F08EF830462AF017FFC3E7904B914AE2
:106E0000009500F14F07A3FB0737BF0904463B4637
:106E10004FF480718C48DFF80492DFF83CB235F013
:106E200077F8894800F0FCFE2A190B927A1EA246D8
:106E300008924FF000081EAC099730E0099FCDE999
:106E40000057774FFB5C35F063F8204635F0F3F8D8
:106E50000B9B3246A3EB0A01204434F05FF9204635
:106E600035F0E9F84AAB33441E180023204606F8F3
:106E7000B03C09F0DFF9B8F1040F744A2B464FF02B
:106E800020010EA8AAF1500A37D9089E464534D0F1
:106E9000C8202BF059F8089B9D42A84638DA0A9B77
:106EA0005646502EA8BF5026042B08F10105D9F8EC
:106EB00008304FF080015A462046BFD15E4A92ED1D
:106EC000008B5C4A92ED009B554A0EA8D35C0C9354
:106ED00008F09EFB0E9A099B019306928DED049B90
:106EE0008DED028B0C9B5A4A00958021204635F08F
:106EF0000FF80EA82AF098FEA7E7099E009635F035
:106F000007F80DF047FE534B187003F083FCBFE702
:106F1000099FAF4274DD0D9BDFF83CA109976FF02C
:106F20004F0606FB0536B0462CE0099FCDE9006709
:106F30003B4FFB5C34F0ECFF204635F07CF80B9BBC
:106F40005A46A3EB0801204434F0E8F8204635F017
:106F500072F84AAB18448344002320460BF8B03C37
:106F600009F068F9042D394A33464FF020010EA884
:106F7000A8F1500836DD089FAF4233D0099BB342D9
:106F800035463DDD0A9BB8F1500FC346A8BF4FF010
:106F9000500B042B05F10106D9F808304FF08001A1
:106FA00052462046C1D1244A92ED008B214A92EDEF
:106FB000009B1B4A0EA8D35C0C9308F029FB0E9A89
:106FC000099B019306928DED049B8DED028B0C9B2A
:106FD0001F4A00968021204634F09AFF0EA82AF01E
:106FE00023FEA9E7099D009534F092FF0DF0D2FD34
:106FF000184B187003F00EFC099BB3423546C1DCF8
:107000000DF0C8FD134B187003F004FC4BB0BDEC41
:10701000048BBDE8F08F00BF547A0020B0600020E0
:1070200094600020F4F90500D0F90500FCF9050092
:10703000C8660020407A0020307A0020DCF9050084
:10704000CDCCCCCC14FA05006867002054FA0500BA
:1070500028FA05000969002048FA050030B5214DDD
:107060008FB004462AF064FF2B6841F28832C31ABD
:10707000934200D8F4B11C4C2AF05AFF23681B4AF3
:1070800028600133322101A8236034F041FF01A8B8
:10709000FFF75CFE2AF04CFF154B164A1B68286070
:1070A000934214D0144A934206D0144A934206D015
:1070B00004F070FC0FB030BD03F0B0F8FAE7104AEE
:1070C000104B12781A7504F017FF0FB030BD0E4A3E
:1070D0000C4B21681268C3E9421204F05BF90FB04F
:1070E00030BD00BFF0680020F4680020B4F905004E
:1070F0007C68002048F805004CF8050058F80500A9
:10710000D8680020C8780020B06800202DE9F04F32
:107110002DED028BB54887B012F06AF8B44812F032
:1071200067F809F085FA07F00FFA0CF0CDFA2A207B
:107130002EF0F2FB68BB2AF0FBFEAE4B1A6841F260
:107140008833801A98422ED8AB4C2378E3B9AB4DE4
:10715000AB4A2B6893422AD0AA4A934262D0AA4AE9
:10716000934200F09B80A94A934228D0A84A9342B8
:107170002FD0A84A934278D0A74A934200F0888142
:10718000A64A934200F0A88007B0BDEC028BBDE890
:10719000F08F2A202EF0C0FB0128D5D12AF0C8FE9E
:1071A000944B1860D0E7FFF7E3FCCDE72B68964AD5
:1071B0009342D8D19A4A1278002AE5D0D3E70B201F
:1071C0002EF0AAFB0028DFD1964A974B12681A606E
:1071D000DAE70B202EF0A0FBB0FA80F405462AF087
:1071E000A7FE924B1A786409A24200F0F980904AF7
:1071F000904E1C701060904C904D2AF099FE2268C1
:1072000040F6B833801A984204D8326A95F90030B3
:107210009A42B9D006F01CFE2AF08AFE336A20603A
:107220002B70B1E70B202EF077FB002800F0CF8009
:10723000DFF83C827C4F7F4EDFF838920020FFF76A
:107240000DFF3B68D8F80020C6E942232AF070FE03
:10725000D9F80030C01AB0F5FA6F37D904F09AF8AF
:107260002AF066FEC9F8000030E00B202EF054FB37
:10727000B0FA80F504462AF05BFE6C4B1A786D0973
:10728000AA4200F0FB806A4A1D706D4D10602B7899
:10729000002B3FF479AFFFF7CDFC75E70DF07AFCDA
:1072A000002800F0EF805E4B664A1B781070002BC0
:1072B00000F02981644B19780F300211B1EB201FC7
:1072C000A4BF02F1FF321A7003F0E6FD2378002B11
:1072D0003FF46CAF2B6846E7DFF89CB15B4903A82D
:1072E0002AF006FC2AF024FEDBF800A00190BAF197
:1072F000000F40F33781564F564CDFED578A00267A
:107300004FF000084FF00009002594ED0E8AB5EE0D
:10731000C08AF1EE10FA26DDB4EEE88AF1EE10FA3A
:1073200042464B46304639461DD533F0E5FB034611
:1073300018EE100A33B933F015F932463B4633F0F4
:10734000DBFB80B118EE100A33F00CF9237B064604
:107350000F46002B00F0D28004F10C0103A82AF0A4
:10736000B3FCDBF800A00135554504F14004CCDB4B
:10737000002200233046394633F0D2FB374C40B16F
:10738000374803A9C4E900672AF056FC354B019A37
:107390001A60354D354E2AF0CBFD2B68C01A40F6E9
:1073A000B833984206D8D4E90001D6E9002333F077
:1073B00099FB40B905F0B0F92AF0BAFDD4E90023F1
:1073C000C6E90023286003A82AF02EFCDCE6154B52
:1073D000154FDFF89C801B683B60C8F800002AE767
:1073E000002D00F09380134E05E700BFA068002039
:1073F000F86800206868002054C500207C680020E0
:1074000070F8050048F8050058FB05004CF8050029
:1074100050F8050058F8050060F8050068F8050008
:107420000B690020EC680020B0680020086900208B
:107430009C680020C8780020BC6600200460002002
:10744000D8680020096900200A69002008F90500B1
:107450000000F0BFF885002000504347186000206E
:107460006C68002078680020C46600200860002056
:10747000F4680020B8660020F8870020002C56D061
:10748000394D04E7394E2B68336003F0C3F91DE72B
:107490000B202EF041FA98B30BF0AAFE344B1C7867
:1074A000BCB1344B3449354A91ED006A93ED007A12
:1074B000D2ED006ADFED325A76EEC66A37EE467AD2
:1074C000C6EE877A67EEA57AFDEEE77A17EE903A78
:1074D0001CB22C4D2C4E2AF02BFD2B68C01AB0F597
:1074E0007A7F04D8B6F90030A3423FF44DAE02F0E3
:1074F00007FA2AF01DFD3480286045E621682DE753
:107500000BF048F9C8E703F085F9DFE61F4A204B86
:1075100012681B68154E801A98427FF66CAE0123E4
:10752000336206F095FC1B4808F084FE63E6174AB8
:10753000174B12681B680C4D801A98427FF6A7AE55
:107540002B7815481549164A046083F001032B7007
:1075500014600C6001F0E0FF044B2A781A7504F007
:10756000CBFC94E60F4C14E7D8680020C8780020C4
:10757000A8C30020746000207C6000206C7B002089
:107580000000C842C0660020106000209C680020F7
:107590002060002050F90500C8680020E86800203D
:1075A000B46800201860002001F0B6BF10B51B4C75
:1075B000237883F00103237013B1194A1378A3B120
:1075C0000DF0E8FAE8B1174A237810700BB3144BAA
:1075D00019780F300211B1EB201FA4BF02F1FF3266
:1075E0001A70BDE8104003F057BC0E4B1B78012BFE
:1075F000E6D90F331B11013B13700DF0CBFA0028B5
:10760000E1D1094A094B12681A60BDE8104003F045
:1076100001B9BDE8104003F0FDB800BF0B690020C0
:107620000A690020096900207C680020C8780020D1
:1076300008B503782A2B0CD00B2B00D008BD1A4BB1
:107640001B78002BFAD00029F8D1BDE808400CF0D7
:1076500007BF79B9144B1B78A3B9144B14491868A8
:1076600034F0C6FC10B9134B1B787BB9BDE8084059
:10767000FEF75CBE03290DD00429DFD1BDE8084028
:107680000CF0D2BEBDE808400DF09EB8BDE8084041
:10769000FFF78CBF08480CF0AFFC08F081F8BDE89C
:1076A000084001F039BF00BF54C500207C680020AD
:1076B00058FB050009690020B0600020154B164AF0
:1076C0001968164B52F82120154910B5154C1A604F
:1076D00020462AF00DFA144A1449204633F072FC71
:1076E000002301222A211248124C11F0B5FC00237C
:1076F00001220B21104811F0AFFC104B104A114829
:1077000011491A610022C3E90540C3E900121A8138
:10771000DA6010BD24600020286000207C68002012
:1077200008F905006C68002000600020291C050095
:10773000A06800209001E803F8680020806800201D
:107740001400C800E803C800A0FA050038B50221FB
:107750002A202EF03FF802210B202EF03BF819488A
:1077600019491A4D044629F035FB2A202EF0D4F889
:10777000174A184B0146002914BF114619462046E6
:1077800029F040FC1449154A0B894A6043F036033E
:107790007D220B814A82E9601148002301220B21DE
:1077A00011F06CFC01E01BF035F920461BF00CF9E0
:1077B00003462046002BF6D12AF0BAFB094B18608D
:1077C00038BD00BFACD000207CFA0500A0680020C6
:1077D0005CFA050068FA0500806800203176020036
:1077E000F86800206868002000B52DED028B0220AB
:1077F00083B02DF091FF0C202DF088FF01202AF09E
:10780000A3FB274B18682DF0B7FF08EE100A0020E5
:107810002DF082FF0A202DF079FFB8EE488ADFEDC7
:10782000217AB4EEE78AF1EE10FA32D49FED1E7A97
:10783000DFED1E7AB4EEC78AF1EE10FA68EE277A11
:1078400014D49FED1B7ADFED1B6A77EEC77AB2EE98
:10785000047AA7EEA67AFCEEC77ACDED017A9DF800
:10786000040003B0BDEC028B5DF804FBDFED126A8F
:107870009FED127A77EEE67A67EE877AFCEEE77A8A
:10788000CDED017A9DF8040003B0BDEC028B5DF8EC
:1078900004FB002003B0BDEC028B5DF804FB00BFCD
:1078A0004C600020CDCC0C459A9919450080BB3F17
:1078B000000061459A99193E00404E458988083D6F
:1078C000F0B587B01C4968462AF012F9694603A84A
:1078D0002AF028F9194903A82AF06EFA83683BB9FF
:1078E00003A82AF0A1F968462AF09EF907B0F0BD76
:1078F000134E0368134A14484FF4827134F008FBA6
:107900003778124B7D1C1B7805F00705AB42E7D09A
:107910000D4834F090FBFF28E2D80D4B0A49441C77
:10792000224603EB072033F0F9FB0A4A0A4BD455F1
:10793000002235701A70D3E7B0FA0500B8FA0500D6
:107940000C690020C8FA0500287300200D6900208A
:10795000106900202073002050600020F0B587B02F
:107960001D4968462AF0C4F8694603A82AF0DAF8E7
:107970001A4903A82AF020FA83684BB903A82AF011
:1079800053F968462AF050F901F0C6FD07B0F0BD82
:10799000134E0368134A14484FF4827134F0B8FA56
:1079A0003778124B7D1C1B7805F00705AB42E5D0FC
:1079B0000D4834F040FBFF28E0D80D4B0A49441C29
:1079C000224603EB072033F0A9FB0A4A0A4BD455A1
:1079D000002235701A70D1E7B0FA0500DCFA050014
:1079E0000C690020C8FA0500287300200D690020EA
:1079F000106900202073002050600020C8B1F8B545
:107A00004BB2002B0C4600DCF8BD0A4F0A4B3E7807
:107A10001B78751C05F00305AB42F5D0074B0146FA
:107A2000224603EBC61033F079FB054B3D709C55A5
:107A3000F8BD70471D7100201E71002020710020CC
:107A400010710020F8B5836803B9F8BD114E0368C2
:107A5000114A12484FF4827134F05AFA3778104BB9
:107A60007D1C1B7805F00705AB42EED00B4834F0C7
:107A7000E2FAFF28E9D80B4B0849441C224603EBE5
:107A8000072033F04BFB084A084BD45500223570D1
:107A90001A70F8BD0C690020C8FA05002873002090
:107AA0000D69002010690020207300205060002024
:107AB0002DE9F04FDFF858A183B09AF8003000AFFD
:107AC000002B64D1DFF84CB19AF8003003F0FF06C8
:107AD000002B5CD1484D9BF800202B789A4256D061
:107AE000DFF820813446334604E00134082C08F5E1
:107AF000807849D09AF80020002A45D12A78A242FD
:107B0000F3D19BF80020013202F007029442E946CB
:107B10004146EAD07B60394BE65C06F1090202F48B
:107B2000FC72ADEB020D6846324633F0F7FA0DEB0E
:107B300006014FF07E000DF80600B21C4870304878
:107B4000694618F05FF906467B683220002E4DD159
:107B50002AF0FAF92B78294A9BF80010D6545A1CBF
:107B600002F007021B0227482A709142C65404F112
:107B7000010404BF01238AF80030082C4FF00103F0
:107B800008F58078CD46B5D11E46002E9CD11E4DFD
:107B9000DFF884902A7899F800309A4222D01B4C62
:107BA000DFF878A0DFF85880261D514614F8012B25
:107BB000404618F027F983460AF1800A1420BBF1E9
:107BC000000F0FD12AF0C0F999F8003004F801BC79
:107BD000013303F00303A64289F8003002D02A786B
:107BE0009A42E2D10C37BD46BDE8F08F1E46CD4625
:107BF000002E7FF469AFCAE70D69002020730020D2
:107C000044780020106900201D71002010710020B0
:107C1000506000200C6900201E710020207100209F
:107C20002DE9F04782B0E84602AF10B10278044671
:107C30001AB9C546BD46BDE8F08734F0FCF900F13D
:107C40000A0323F00703ADEB030D02AE0546214600
:107C500030462A4633F062FAAB1C71197E22DFF8F7
:107C600070A072554FF000094A70134806F803904F
:107C7000124A0096DE2134F04BF99AF80060104B5E
:107C8000741C1B7804F00704A342D2D00A4834F0D5
:107C9000D2F90C4B0849451C2A4603EB062033F069
:107CA0003DFA094A094B95558AF8004083F800903F
:107CB000C546BD46BDE8F0872C740020E8FA0500F3
:107CC0000D69002010690020207300205060002002
:107CD0000C6900202DE9F041B849B9481F46ADF5BF
:107CE000167D904629F076F8B54839460A2229F0E3
:107CF00065FA002F00F03F81444607EB0806404636
:107D000005E0012D01D90D290BD1B04242D010F868
:107D1000011B0A06F9D41F29A1F10905F1D97F2910
:107D2000F3D1032F04D998F80030FE2B00F08680A1
:107D3000A348A449A44FDFF80083054629F04AF878
:107D400007E029F079FA4146284629F043F8B44281
:107D500019D03946284629F03DF814F8011B0F299F
:107D60004FF010022846ECD8984929F033F814F85F
:107D7000011C1022284629F05FFA4146284629F0C6
:107D800029F8B442E5D18E4829F0D6F80DF5167DD4
:107D9000BDE8F08101AD8E49284629F0A9FE14F80E
:107DA000011B284629F0BAFFB442F8D1894984481A
:107DB00029F010F82946824829F0DEF83A212846B1
:107DC0002AF070F8431C044678D004A82346002209
:107DD00029462AF077F8AB68621C07A829462AF0E2
:107DE00071F87D49764828F0F5FF04A9744829F018
:107DF000C3F87A49724828F0EDFF07A9704829F0C6
:107E0000BBF8774904A82AF023F800284BD175491C
:107E100004A82AF01DF80446002875D00798FEF73C
:107E200095FF07A829F000FF04A829F0FDFE2846C9
:107E300029F0FAFE0DF5167DBDE8F08198F80150A5
:107E4000012D7FF475AF98F8034098F8023053EA9B
:107E500004249BD0E31C9F4298DD634B634E644A2D
:107E60009B68644FD35C644AFF21304634F050F87D
:107E7000304634F0E0F808F10401034622464FF0A2
:107E8000000830181C4433F049F97D7587F81680D6
:107E90002AF04EF8F86105F0DBF84246A1B2304610
:107EA00007F0FCFD72E707A90AA829F03BFE0AA823
:107EB000FEF7D2FA0AA829F0B7FEB2E74F492846E2
:107EC00029F0C6FF58B106F0D5FE4D4A03462021E1
:107ED0000AA834F01DF80AA8FFF7A2FEA7E749494F
:107EE000284629F0B5FF78B3474E484C0BF0ECFB21
:107EF0000FCE0FC496E8030044F8040B204600F8A8
:107F00001419FFF78DFE92E7414904A829F0A0FF5C
:107F1000F8B1079F384634F08EF801381E2830D863
:107F20003C4E39461F22304634F0B2F83046F477E2
:107F300000F044FB384A33460AA8302133F0E8FF0A
:107F40000AA8FFF76DFE6CE734491D4829F05AF87E
:107F50006DE7334904A829F07BFFB0B1079800F022
:107F6000A9FA304A034630210AA833F0D1FF0AA803
:107F7000FFF756FE55E701AD1549284629F0B8FD33
:107F800014E72948FFF74CFE4BE7284904A829F0DD
:107F90005FFF002852D026484FF4007100F01AFA13
:107FA000002856D0224B234A0AA84FF40C7133F014
:107FB000AFFF0AA8FFF734FE33E700BF00FB050060
:107FC000ACD000204CFC0500DC210600A8410600D6
:107FD00008F9050024FB050038FB050044FB0500FB
:107FE0004CFB050054FB0500B06000200C75002020
:107FF00094600020C878002044FC0500ECFB0500DC
:10800000F8FB0500C8FB0500D4FB05000C7600203A
:108010005CFB05002478002064FB05001CFC0500C7
:1080200084FB050090FB050070FB0500A0FB05002C
:1080300024760020ACFB050058090600124904A86C
:1080400029F006FF48B10BF03FFB1048FFF7E8FDB1
:10805000E7E60F48FFF7E4FDE3E60E4904A829F040
:10806000F7FE58B106F006FE0B4A034620210AA887
:1080700033F04EFF0AA8FFF7D3FDD2E607490848C0
:1080800028F0C0FFCDE600BFC8FB0500D4FB05000B
:10809000BCFB0500ECFB0500F8FB05000CFC050033
:1080A000ACD0002008B5074803780BB1054808BDDF
:1080B0004FF08053044A1B6E092133F029FF014819
:1080C00008BD00BF1471002064FC050030B500221B
:1080D00089B001213E483F4C19F06EFD04213C4817
:1080E00019F028FF4FF080533B4A1B6E01A819215D
:1080F00033F00EFF364801A919F0F4FE01E01AF042
:1081000089FC20461AF060FC03462046002BF6D17D
:108110000A2029F019FF31482E4C19F027FA30486F
:108120001A2117F055FE112211462D4817F056FE60
:108130002B48FD2117F050FE2A492948012217F04B
:1081400053FE01E01AF066FC20461AF03DFC03469F
:108150002046002BF6D10A2029F0F6FE20481D4DBE
:1081600017F04CFB20491A4818F024FB1F49184807
:1081700018F022FB19491E4817F0FAF81C4817F0AE
:108180000DF901E01AF046FC28461AF01DFC0446E1
:108190002846002CF6D10A2029F0D6FE21461448A4
:1081A0000C4C17F0ADF901E01AF034FC20461AF03F
:1081B0000BFC03462046002BF6D10E49054828F05B
:1081C00009FE01A9034828F01DFF09B030BD00BF1A
:1081D0002CC80020ACD000206CFC05009C7800204E
:1081E00044780020D57C02005D790200C17802004D
:1081F0006CCE002080FC050010B5044B044640F80E
:10820000083B19F0EFF9204610BD00BF243D0600E1
:1082100030B5124D1249134C85B0684619F0F8F983
:108220006946284619F0BEF9684619F0DBF90E4A8E
:108230000E49284632F0C6FE0D49684619F0E8F9A5
:108240006946204617F08EFD684619F0CBF9064ABC
:108250000849204632F0B6FE05B030BD9C780020BB
:10826000A4FC05004478002000600020F981020091
:10827000ACFC0500C9F703005C30002914BFFF21E6
:10828000002141F2883232F071BF00BF2DE9F84F72
:108290004C4C2778054688469FB34B4B1E6876B3F7
:1082A0006DB3B8F1000F2AD0404633F0C4FE30B3AE
:1082B0000F2824D8284633F0BEFE0138C0B2062865
:1082C0001DD896F804A0BAF1000F39D006F10509BF
:1082D000CB46002703E057450BF1200B2ED0294653
:1082E0000BF1100033F084FE013704460028F2D170
:1082F00041460F22584633F0CBFE8BF80F40BDE8C5
:10830000F88F324EDFF8C8A03368DFF8BC905345D1
:10831000C9F8006002D101232370C1E7304640F262
:108320000522394632F022FF3771C6F800A0D9F88D
:10833000006001232370002EB2D1E0E70F2F1AD87E
:108340004FEA4A100530331800220AF1010A86F874
:1083500004A0414632505A609A60DA601A615A614C
:1083600018460F2233F094FE29461030BDE8F84F2E
:10837000072233F08DBE013F3771012206EB421315
:1083800009F12009D3F80500D3F80940D3F80D709E
:10839000D3F811C049F814CC49F8200C49F81C4C0A
:1083A00049F8187CD3F81500D3F8194049F80C4C5B
:1083B00049F8100C96F804A0924502F10102DDDCA8
:1083C000BEE700BFB8780020B4780020007C002011
:1083D000594C44422DE9F04F314C257885B0804608
:1083E0008946002D40D02F4B03931E68002E37D0B6
:1083F000B8F1000F34D0002588F8005096F804E05A
:10840000BEF1000F25D0DFF8A8A02C466B01053384
:10841000A9EB040716F803C0334408EB04005246E6
:108420003946013503F1100BBCF1000F0FD0CDF828
:1084300000B033F06DFD002883B2184610DB9F4278
:108440000EDD039B1E68204496F804E084B2AE451E
:10845000DCDCBEF1000018BF012005B0BDE8F08FE4
:10846000002005B0BDE8F08F0E4A0F4B0F4F03926E
:1084700011461A680B60BA4203D101221E462270CF
:10848000B6E740F205221846294632F06FFE057124
:10849000039A1668076001232370002EA8D1DFE736
:1084A000B8780020B4780020007C0020594C444269
:1084B000B4FC05002DE9F0413C4D86B0044600288F
:1084C00053D02B78002B50D02578002D57D0002684
:1084D000374609E020462C2133F07DFD00284FD09F
:1084E0004578441C002D4BD0204633F0A4FD0528D0
:1084F00046D9432DEED163784E2BEBD17C2120461B
:1085000033F069FD05460028E4D04378442BE1D1DF
:10851000031BDBB2DA1E0E2ADCD8023B5FFA83F8BB
:108520004246A11C02A833F0B3FD06AB9844681C78
:108530002C2108F8107C33F04EFD023580B3401B2F
:108540005FFA80F808F1FF33062BC3D8424629466C
:10855000684633F09DFD06AB9844684602A908F8CA
:10856000187C0136FFF792FEB4E7114A114B124E08
:1085700013601A68B24207D101232B70A4E72E467C
:10858000304606B0BDE8F08140F2052218460021D1
:1085900032F0ECFD00220123066002712B7093E79C
:1085A000284633F048FD5FFA80F8CBE7B878002022
:1085B000B4780020007C0020594C44422DE9F84F4B
:1085C000494E3778054667B3484B1C683CB335B312
:1085D000284633F030FD10B30F2820D894F804A0BB
:1085E000BAF1000F64D0671DDFF808B1B8464FF04C
:1085F000000903E0CA4508F120082FD0594608F1C8
:10860000100033F0F5FC09F1010906460028F1D10C
:1086100029460F22404633F03BFD88F80F60BDE845
:10862000F88F334CDFF8D0902368DFF8C0804B45DB
:10863000C8F8004002D101233370C8E7204640F259
:108640000522394632F092FD2771C4F80090D8F81F
:10865000004001233370002CB9D1E0E7BAF10F0FCD
:1086600026D90AF1FF3A84F804A03B46012104EB25
:1086700041122033D2F80560D2F80970D2F80DC04B
:10868000D2F811E043F814EC43F8206C43F81C7C5A
:1086900043F818CCD2F81560D2F8197043F80C7C66
:1086A00043F8106C94F804A08A4501F10101DEDC66
:1086B0004FEA4A100530231800220AF1010A84F813
:1086C00004A0294622505A609A60DA601A615A6101
:1086D00018460F2233F0DCFCBDE8F84F0549103096
:1086E000072233F0D5BC00BFB8780020B478002052
:1086F000007C0020C0FC0500594C44422DE9F041AB
:10870000174D2E78A6B1174B1C68237933B1164943
:1087100004F1150033F06CFC631D10B11348BDE883
:10872000F08162791148002A18BF1846BDE8F0812F
:108730000F4CDFF8408023680A4F43453C6002D16C
:1087400001232B70E1E7204640F20522314632F04A
:108750000DFD26710123C4F800803C682B70D4E71E
:10876000B8780020B4780020C0FC050008F90500A6
:10877000007C0020594C444200207047704700BFE5
:10878000F8B50C1E60DB17461E4605460DF0A4FF2B
:10879000A04259DD002F57DB28460DF0A1FFB8425B
:1087A00052DD41F2E633EB5C002B56D1A4B22846F1
:1087B0000DF07EFF022863D003285BD0012853D040
:1087C000BBB2214641F2F23241F2E730AA5A285CAC
:1087D0008A1A12B241F2F431002836D16F5ADF1BE7
:1087E000BBB23FB2002A2FDB41F2F631685E695A14
:1087F000824229DA002F27DB41F2F830285EB842A6
:1088000022DD41F2F03041F2EC34285A2C5B14FBAB
:1088100000F41B1B1CB2002C9BB215DB00B284427F
:1088200012DAC90811FB03F303EBE2039BB21D4408
:108830007EB302F0070295F85C10C2F10702012333
:1088400093400B4385F85C30F8BD6F89695A7F1AF5
:10885000013FFF1ABBB23FB2C4E728460DF03CFF10
:10886000E14301448CB2A2E72989FA430A44234632
:1088700091B2A7E76B89013B1C1BB9B2A3B2A1E778
:1088800029896B89FF4301391F44091BBBB289B297
:1088900098E702F00703C3F1070395F85C20012174
:1088A00001FA03F322EA030385F85C30F8BD00BF48
:1088B0002DE9F04F9E499F489F4DDFF8ACB2B3B011
:1088C00028F0A0FB01212B202CF084FF01212B207C
:1088D0002DF004F801212B202DF000F89749954840
:1088E00028F090FB14202BF015FF1D2394490093D2
:1088F00026221F2304460CF0D3FB032300931C22E3
:108900002C6002231E2114A80EF0FEFBDDE91D01E0
:10891000BDF964200792189A179B1A9DBDF86CC088
:108920000E922CAE1C9A0D9386E80300219B0895AD
:10893000CDF818C0209D9DF87FC0099241F2FC300F
:10894000229A9DF87CA09DF87D909DF87E80CDF8C0
:1089500028C0DDE915470B930C920F952BF0DAFE3A
:10896000C822054611460DF0E5F9B5F90A20DFF8F1
:10897000FCC16C6296E803008CFB02C4D617C6EB00
:10898000A4140D9EEE620E9E2E63079EAE86089E78
:10899000AE630023069EAE876AF30703099E2E642A
:1089A00069F30F230A9EAF6268F3174366F31F63F0
:1089B000644E2E6005F1440C0F9E8CE803002E657A
:1089C0000B9E6E654FF0C80A0C9EAE650AFB14271D
:1089D00041F2EE36DFF898C1C5F820C0002FD4BFB1
:1089E0002746671C41F2E63EEB6441F2F039AF5393
:1089F00041F2F43841F2F83600244FF44803AA5308
:108A000025F80E4041F2EC3245F809A045F808304F
:108A100041F2E4334C49EC544648AC52CBF8005098
:108A200028F0F0FA494B23934FF48073ADF890305F
:108A3000414BDBF800501968454F23AB05F120008E
:108A40000CCB06900EF08CF80698009421464FF45B
:108A5000967301220EF0E0F841F2F23941F2EC3265
:108A600041F2F63841F2E4316B8932486C54AC5231
:108A70003849AB5345F8094025F808A028F0C2FA58
:108A8000504629F061FA34492A4828F0BBFADBF84D
:108A90000000036803211B6B98473049254828F0E4
:108AA000B1FADBF80000FF2120300EF043FF2C4923
:108AB000204828F0A7FADBF800502B686A895B6C25
:108AC00041F2E431BB426C5445F8094025F808A056
:108AD000AA5340F0038241F28832FF2105F15C0085
:108AE00032F044FB284600210DF0DAFD1D49DBF889
:108AF00000000DF0DFFDDBF8006035686B6CBB42F9
:108B000040F0F38141F28832FF2106F15C0032F03F
:108B10002DFB344641F2EC320023B35241F2E532F0
:108B2000DFF85080B3546B6CBB4240F0088123E007
:108B3000C8FC0500ACD00020BC780020ECFC05008F
:108B4000003002405CFE050004FD050000093D0008
:108B50007982020038FD050058FD050078FD05000A
:108B6000A4FD05002CFF0500C07800201F85EB51F7
:108B700014380600C8FD050041F28832FF2104F1D7
:108B80005C0032F0F3FA204628220A210DF084FD21
:108B9000DBF80000414628F01DF941F2EE3ADBF81F
:108BA000004034F80A00012800F0D08041F2EC3592
:108BB00041F2F033665FE15A41F2E432B3B2A25CB3
:108BC00013FB01FE1FFA8EFE002A73D0421E12B262
:108BD000964241F2F43941F2F836B8BF714434F8A4
:108BE00009C0A8BF6189A25BB8BF89B26144624471
:108BF00089B292B29142E6441FFA8EFE28BF114616
:108C00008E451ED241F2E533A1EB0E01E35C41F249
:108C1000F23209B2002B40F02E81A25E0191CDE923
:108C2000033341F2F6300293235E009304F12000F7
:108C30000FFA8EF304F15C010EF06CFC34F80A00BC
:108C4000635B01331BB200B28342635340F0E080A8
:108C500041F2E53A002214F80A306253002B00F08A
:108C60002381A649A64828F0CDF9DBF800000021B1
:108C7000203006900FF09CFB06980EF0FDF9A149FC
:108C80009F4828F0BFF9A04911A828F031FF11A989
:108C900023A828F047FF9D4923A829F08DF8FEF767
:108CA000D1FE23A828F0C0FF11A828F0BDFF33B0E3
:108CB000BDE8F08F41F2E536A35D002B40F08C80DB
:108CC000CDE9033302936289A2EB0E0292B2914284
:108CD00028BF114609B24FF0C80C04F15C0904F139
:108CE00020001A4601910FFA8EF34946CDF800C0D4
:108CF00006900EF029FC0698635B34F90A200133D4
:108D00001BB29A4263535ED1A15D002363530029D5
:108D100040F0C7800FF04CFB23685B6C0122BB4224
:108D2000A25554D1484641F28832FF2132F01EFA52
:108D3000DBF8004025686B6CBB423FF41DAF20465A
:108D40004FF6FF719847DBF800401CE741F2E4332F
:108D5000E55C002D68D041F2F43941F2F23800258B
:108D600034F9093034F908200295CDE9035541F270
:108D7000F83741F2F636E15F0191A15F009104F10D
:108D80005C0A04F12000514606900EF0C3FB34F952
:108D900007C0A35F34F9092034F908100698CDF80C
:108DA00000C00FF079FA34F9093034F9082002953F
:108DB000CDE90355E15F0191A15F0091069851460D
:108DC0000EF0C2FB4DE723685B6CBB42AAD0204685
:108DD0004FF6FF719847ABE7CDE903220292638912
:108DE000A3EB0E039BB2994228BF194609B24FF07C
:108DF000C80C04F15C0904F1200001910FFA8EF314
:108E00004946CDF800C006900EF09EFB069873E729
:108E100023685B6CBB42DAD104F15C0041F288321A
:108E2000FF2132F0A3F983E7CDE903550295B4F9A8
:108E30000A30019304F15C06C82704F120002B4698
:108E40002A463146009706900EF07EFB069829468A
:108E50000FF0AEFACDE903550295B4F90A30069841
:108E6000CDE9007331462B462A460EF06DFB06987D
:108E70000EF002F9F5E60023A25E0191CDE903337D
:108E800041F2F6300293235E009304F120000FFAC2
:108E90008EF304F15C010EF057FB34F80A00635BBB
:108EA000CFE60EF0E9F8DCE641F2F63341F2F231BA
:108EB000A05F34F90920E35E615E009004F12000B8
:108EC0000FF0EAF923685B6C0122BB4204F80A2028
:108ED000A2D020464FF6FF71984729E728464FF663
:108EE000FF719847DBF80050FCE54FF6FF71304604
:108EF0009847DBF8004025680CE600BFD8FD050068
:108F0000ACD00020F8FD0500B0FA05002CFE0500ED
:108F10002DE9F04F89B0DFF8888004AFD8F800C0A1
:108F2000BD6BDCF800E0BC8F01941E460FFA85F99A
:108F3000760009B212B2CDF800901BB20736C7E92D
:108F40000132F96026F00706DEF840B0B7F840A01D
:108F500004466046D847ADEB060D002DD7E9022147
:108F60007B6804AE0FDD023C04EB4505A6F1020C64
:108F700034F8020F5FFA80FE000A40EA0E20AC428D
:108F80002CF8020FF4D10093CDE9019AD8F8000033
:108F900033460DF0B7F81437BD46BDE8F08F00BF7B
:108FA000C07800202DE9F047C04B86B0984204AF4E
:108FB00000F0D280BE4B197800295ED1BD4B98429B
:108FC00000F09380BC4B984200F0FF80BB4B98426E
:108FD00000F03381BA4B984200F08E81B94B984231
:108FE00000F02482B84B984200F0DF81B74AB84BBA
:108FF000B84CD2F80090B84A9842B84B20681E6826
:10900000B2F9002003680FFA89F54FF6FF7CCDE92D
:10901000005C0FFA86F8D3F840A07A60434600F06F
:10902000A381D0477300073323F007036E46B9F1DD
:10903000000FADEB030D7A6804AB11DD03EB4909BA
:10904000DFF89CC2A9F10209981E3CF8021B5FFAE6
:1090500081FE090A41EA0E2120F8021F4845F4D199
:10906000002120680195CDF8008002910DF04AF8AA
:10907000B5460837BD46BDE8F087944A954CD2F80E
:1090800000902068954B944A1E68B2F9002003684E
:109090004FF6FF710FFA89F5CDE900510FFA86F806
:1090A000D3F840A07A6043460021D04773000733CD
:1090B00023F007036E46B9F1000FADEB030D7A689C
:1090C00004ABCDDD03EB490CDFF818E2ACF1020C88
:1090D000981E3EF8021B5FFA81F9090A41EA09214C
:1090E00020F8021F6045F4D1BAE7784A794CD2F8EB
:1090F00000902068794B784A1E68B2F90020036816
:109100004FF6FF7C0FFA89F5CDE9005C0FFA86F87F
:10911000D3F840A07A604346D0477300073323F06A
:1091200007036E46B9F1000FADEB030D7A6804AB8F
:1091300096DD03EB4909DFF8B0C1A9F10209981ED9
:109140003CF8021B5FFA81FE090A41EA0E2120F871
:10915000021F4845F4D183E75C4A5E4CD2F8009088
:1091600020685E4B5C4A1E68B2F9002003684FF627
:10917000FF710FFA89F5CDE900510FFA86F8D3F89F
:1091800040A07A6043460021D0477300073323F0A4
:1091900007036E46B9F1000FADEB030D7A6804AB1F
:1091A0007FF75EAF03EB4909DFF840C1A9F102097F
:1091B000981E3CF8021B5FFA81FE090A41EA0E2163
:1091C00020F8021F4845F4D14AE7404A414CD2F802
:1091D00000902068414B404A1E68B2F900200368A5
:1091E0004FF6FF7C0FFA89F5CDE9005C0FFA86F89F
:1091F000D3F840A07A604346D0477300073323F08A
:1092000007036E46B9F1000FADEB030D7A6804ABAE
:109210007FF726AF03EB4909DFF8D4C0A9F10209B3
:10922000981E3CF8021B5FFA81FE090A41EA0E21F2
:1092300020F8021F4845F4D112E7244A254CD2F801
:1092400000902068254B244A1E68B2F9002003686C
:109250004FF6FF7C0FFA89F5CDE9005C0FFA86F82E
:10926000D3F840A07A604346D0477300073323F019
:1092700007036E46B9F1000FADEB030D7A6804AB3E
:109280007FF7EEAE03EB4909DFF868C0A9F10209E8
:10929000981E3CF8021B5FFA81FE090A41EA0E2182
:1092A00020F8021F4845F4D1DAE600BFEC220600A0
:1092B00054C5002070F8050058FB05004CF8050067
:1092C00048F8050058F8050050F805005C600020DB
:1092D00068F80500C0780020646000205860002015
:1092E000ACFE05000CFF05001806060098070600F6
:1092F0005806060038060600684A694CD2F8009005
:109300002068684B684A1E68B2F9002003684FF66F
:10931000FF7C0FFA89F5CDE9005C0FFA86F8D3F8E7
:1093200040A07A604346D0477300073323F0070319
:109330006E46B9F1000FADEB030D7A6804AB7FF711
:109340008FAE03EB4909DFF864C1A9F10209981E49
:109350003CF8021B5FFA81FE090A41EA0E2120F85F
:10936000021F4845F4D17BE6D0477300073323F052
:1093700007036E46B9F1000FADEB030D7A6804AB3D
:109380007FF76EAE03EB4909DFF824C1A9F10209AA
:10939000981E3CF8021B5FFA81FE090A41EA0E2181
:1093A00020F8021F4845F4D15AE63C4A3C4CD2F81A
:1093B000009020683B4B3C4AD3F80080B2F9002073
:1093C00003684FF6FF750FFA89F6CDE900650FFACD
:1093D00088F5D3F840A07A602B46D0474FEA48037F
:1093E000073323F00703E846B9F1000FADEB030D97
:1093F0007A6804AB11DD03EB4909DFF8B8C0A9F1C5
:109400000209981E3CF8021B5FFA81FE090A41EA34
:109410000E2120F8021F4845F4D100212068019652
:10942000009502910CF06EFEC54622E61B4A1C4CCC
:10943000D2F8009020681B4B1B4A1E68B2F900202E
:1094400003684FF6FF7C0FFA89F5CDE9005C0FFA4F
:1094500086F8D3F840A07A604346D04773000733BC
:1094600023F007036E46B9F1000FADEB030D7A68E8
:1094700004AB7FF7F5AD03EB4909DFF83CC0A9F178
:109480000209981E3CF8021B5FFA81FE090A41EAB4
:109490000E2120F8021F4845F4D1E1E55C60002070
:1094A000C078002058600020646000209806060004
:1094B000ECFE050078060600CCFE050038B5064D2A
:1094C00006490446284627F085FC21462846BDE883
:1094D000384027F097BD00BFACD0002040FE05000B
:1094E000704700BF01462B202CF0F8B9704700BF31
:1094F000704700BF704700BF704700BF014B01229B
:109500001A70704751600020024B187808B1002291
:109510001A7070475160002002F03CBA2DE9F04704
:10952000274C284E82B088460546FFF73BFD206851
:1095300025490DF0BFF82068B6F900200368002720
:109540004FF01009CDE900971821D3F840A064230B
:10955000D047326820680B3212B21C210DF09CF803
:1095600020684FF6FF710DF09BF82946206827F020
:1095700031FC2068154BB6F900201D680368CDE961
:109580000097A5F15A01D3F8409009B25623C84775
:1095900032682068563D0B3212B229B20DF07CF8C9
:1095A00020684FF6FF710DF07BF84146206827F0E8
:1095B00011FC2068394602B0BDE8F0470DF070B8E4
:1095C000C078002064600020080A0600686000205F
:1095D000F0B54A4C4A4D20682A680368494E8DB060
:1095E00000212027CDE90071203A1F6CB6F9003028
:1095F00012B2B847444B2F68186830F0B3FFA7F198
:109600000C05CDE90001414A0C2109A832F080FC8B
:109610002DB220683E490DF04DF82A4620680421FD
:109620000DF03AF820684FF6FF710DF039F809A9EE
:10963000206827F0CFFB374904A80DF013F99DF8F7
:109640001530354A009309219DF8143006A832F0F0
:109650005FFC06A832F0EFFC33680146A3EBC101C2
:1096600001EBD1712A46206841F34F010DF014F847
:1096700006A9206827F0AEFB20682A4698210DF045
:109680000BF8264B206819680A2227F041FEFEF7E6
:10969000ABF85A2803D850281DD9214800E02148AA
:1096A000214A2249336812680968DFF898C000929D
:1096B0009B1A00254FF6FF76A7F11E02591ACDE935
:1096C0000156DCF80030FFF723FC206829460CF037
:1096D000E7FF0DB0F0BD3C2805D8282805D8142890
:1096E00005D91348DCE71348DAE71348D8E7134BEA
:1096F000134A0A288CBF18461046D1E7C0780020CC
:1097000054600020686000206C7B0020B8070600D1
:10971000080A060058C50020C0070600487A002045
:1097200078070600D80606005C6000206060002014
:10973000180706005807060038070600F806060056
:10974000B8060600586000202DE9F04F5F4E604AD1
:10975000306803685B6C9342D3B040F0B3805C30F8
:1097600041F28832FF2131F001FD5A4B5A49D3E9C9
:10977000022300938B5C594A142104A832F0C8FBE1
:10978000574804A9FFF7CAFE564B93F80080B8F17A
:10979000000F00F093803068DFF85CB10268DBF8FE
:1097A0000030DFF85891504F00211024CDE90041DE
:1097B000183B156C1BB220220C21A84799F80030E9
:1097C000CDF8048008F10F0212110133009220211C
:1097D000464A09A832F09CFB2B22306821460CF047
:1097E0005BFF434930680CF065FF30684FF6FF714E
:1097F0000CF056FF306809A927F0ECFA3D4B1B68C6
:10980000543B87FB0327DB17C3EBA707B8F1000F17
:109810004FD099F800301D016C42A74249DD002D60
:1098200047D1DFF8CCA02A4609E099F80030A5EB33
:109830000314A7424FEA03123BDD002C39DB9542AB
:1098400003F1010332DBB5EB031F40F2011211A952
:10985000E8B22BDA04EB84040BF0A8F9620030685C
:1098600093B21A460A244FF6FF7301680392CDE9BA
:109870000043DBF800403232A4F118031BB20C6C39
:1098800012B20C21A047039A30683A3212B210216A
:109890000CF002FF306851460CF00CFF30680021DC
:1098A0000CF0FEFE306811A927F094FA0135A845A6
:1098B000BBD1FFF78DFE53B0BDE8F08F0BF06AF916
:1098C000804668E74FF6FF7198474EE7C078002062
:1098D00079820200B060002094600020CC0706006E
:1098E00058FB05000969002067666666DC0706000C
:1098F000080A060054600020686000200A69002001
:109900002DE9F04F9FB0FFF7FFFDB04B08901B789B
:10991000002B00F0C583AE4AAE49AF4B92ED006A12
:10992000D1ED006A93ED007ADFEDAC5AAC4B0793B2
:1099300036EEC65A37EE467A16EE900AC5EE077A2C
:109940001C46DFF8D4A2DFF8D4B267EEA57AFDEEAC
:10995000E77AC3ED0A7A30F005FEA24ACDE90001AC
:1099600004F12C00102132F0D3FA089B002B00F0F8
:10997000A483DAF8006041F2E432002341F2F231CC
:10998000B35441F2F6327350C823B352356872892A
:1099900041F2F833F2526B6C934A934240F0F583F4
:1099A00041F28832FF2106F15C0031F0DFFB3446E2
:1099B00041F2E53241F2EC3100237352B3546B6C47
:1099C000894A934240F04E8241F28832FF2104F1ED
:1099D0005C0031F0CBFB6B6C834A934240F04E82CB
:1099E00004F15C0041F28832FF2131F0BFFB7F4A75
:1099F0007F49D2E902320AA8CB5C009214217D4A49
:109A000032F086FA7C480AA9FFF788FDDAF80000F0
:109A1000DBF80030026812214FF6FF76CDE9001620
:109A2000183B1BB2146C0C212022A0477349DAF8B2
:109A300000000CF03FFEDAF800002C2210210CF0A0
:109A40002BFEDAF8000000210CF02AFE079B93F8A9
:109A50002C30002B00F0B1822D2B00F0AE825D4B3C
:109A6000186830F07FFD664ACDE9000114210FA887
:109A700032F04EFA0FA9DAF8000027F0ABF9079E92
:109A80005E49B36ADAF80000002B40F37E820CF0E6
:109A900011FE3E22DAF800000C210CF0FDFDDAF890
:109AA000000000210CF0FCFD5649DAF8000027F018
:109AB00091F9DAF80000DBF8003002680021082490
:109AC000CDE90041203B156C1BB246221021A8476E
:109AD000DBF80010B36AA1F1280203FB02F2632A4B
:109AE000354615DD484880FB0260D2172739C2EBA6
:109AF00060128A420CDADAF800004FF6FF73016850
:109B0000CDE9004313B20C6C46221021A047AB6A8A
:109B10003E4A14AE0A21304632F0FAF9304632F0AD
:109B20008AFADBF80030203B03EBD3735B10103371
:109B30000146A3EB81014C22DAF8000009B20CF0D7
:109B4000ABFD4FF06A09DAF80000314627F042F920
:109B50004C4664255A22079EDAF8000096F8B46055
:109B6000069600270E260168DBF80030CDE9006775
:109B7000183B1BB20E6C0C21B0472049DAF80000EC
:109B80000CF098FD2A46DAF8000010210CF084FD54
:109B9000DAF800004FF6FF710CF082FD1C49DAF88C
:109BA000000027F017F91B4B1B681B1BA32B40F36E
:109BB0000B82069E002E00F0F2820A25DFF820803C
:109BC00009954F46002414AE2DE000BFA8C3002025
:109BD0007C6000206C7B0020746000200000C84284
:109BE000C8780020B807060079820200B060002023
:109BF00094600020CC07060060F80500080A060003
:109C0000F0070600080806001F85EB51140806003F
:109C10002C08060054600020C078002068600020F6
:109C2000099B9C425EDADAF80000DBF8003002683B
:109C30000C214FF6FF75CDE90015126C183B1BB2D5
:109C400015463AB2A847D8F8440030F08BFC0B46D2
:109C50000246D8F84010D8F83C000291CDE9042320
:109C600030F080FCA24ACDE900012821304632F0D4
:109C70004FF907F1090212B2DAF8000010210CF0D6
:109C80000BFDDAF8000000210CF00AFDDAF8000004
:109C9000314627F09FF80134069AE3B20C379A4216
:109CA000BFB208F10C08BBD8099DAC421ADA04EB2C
:109CB000440609EB8606B6B20C27DAF80000DBF89A
:109CC000003002684FF6FF71CDE90071183BD2F801
:109CD00040801BB232B20C210134C0470C36AC427A
:109CE000B6B2EADBFFF774FC41F2EE36DAF8004078
:109CF00034F806C0BCF1010F00F0FE8041F2F033F1
:109D000041F2EC3534F803E0675F41F2E433B8B276
:109D1000E15C10FB0EF39BB200295DD00CF1FF3229
:109D200012B2974241F2F43841F2F837B8BF9E447C
:109D300034F80890A8BFB4F80AE0E15BB8BF1FFA96
:109D40008EFECE4449448AB21FFA8EFE72454B44C1
:109D50009BB228BF724693421ED241F2E531D21A1D
:109D6000605C41F2F23E11B2002840F0678134F9A4
:109D70000E200290CDE9030041F2F63C019134F946
:109D80000C10009104F120001BB204F15C010DF0F5
:109D9000C1FB34F806C0605B013000B20FFA8CFCE6
:109DA000604560536FD141F2E5360022A35D6253F6
:109DB000002B00F05A81089BDAF80000002B00F01D
:109DC000DD802030002106900EF0F2FA06980DF0AA
:109DD00053F91FB0BDE8F08F41F2E53814F80820C0
:109DE000002A67D1CDE9032202926189C91A89B29A
:109DF0008E4528BF8E460FFA8EF14FF0C80C04F145
:109E00005C0704F1200001911BB23946CDF800C077
:109E100006900DF099FB0698635BA25F01331BB2BD
:109E20009A4263533CD114F808100023635300296D
:109E300040F001810EF0BCFA236801225B6C04F84B
:109E400008202C4A934230D1384641F28832FF2113
:109E500031F08CF9DAF80040264A25686B6C9342A1
:109E60003FF4B2AD20464FF6FF719847DAF8004054
:109E7000204A25686B6C93423FF4B2AD20464FF602
:109E8000FF719847B3E523681A4A5B6C93420CD183
:109E900004F15C0041F28832FF2131F067F9D9E723
:109EA0002368144A5B6C9342CED020464FF6FF7174
:109EB0009847CFE7CDE9031102916289D21A92B295
:109EC000964528BF96460FFA8EFE4FF0C80C04F157
:109ED0005C0704F120000A46CDF804E01BB23946C5
:109EE000CDF800C006900DF02FFB069894E700BF58
:109EF0003C0806007982020041F2E433E55C002D63
:109F000072D041F2F43941F2F238002534F90930C7
:109F100034F908200295CDE9035541F2F83741F2B2
:109F2000F636E15F0191A15F009104F15C0B04F151
:109F30002000594606900DF0EDFA34F907C0A35FF2
:109F400034F9092034F908100698CDF800C00EF055
:109F5000A3F934F9093034F908200295CDE9035505
:109F6000E15F0191A15F0698009159460DF0ECFA6E
:109F7000089BDAF80000002B7FF423AF012120308A
:109F80000EF016FA1FB0BDE8F08F0CF093FB3E22E6
:109F9000DAF800000C210CF07FFBDAF80000002159
:109FA0000CF07EFB4FF05C099449DAF8000026F0D3
:109FB00011FF4C4656254C22CDE5914B93E8070006
:109FC0000FAB83E8070055E58E4AA3F1200582FB1D
:109FD0000512ED17C5EB6205069A002A00F0DD8038
:109FE0002B2B3FF7EBAD7DE6CDE903550295B4F998
:109FF0000A30019304F15C06C82704F120002B46C7
:10A000002A463146009706900DF09EFA069829469A
:10A010000EF0CEF9CDE903550295B4F90A30069851
:10A02000CDE9007331462B462A460DF08DFA06988D
:10A030000DF022F8BFE60DF01FF8BCE6002034F961
:10A040000E200290CDE9030041F2F63C019134F973
:10A050000C10009104F120001BB204F15C010DF022
:10A0600073FA34F806C0605B96E641F2F63341F2CB
:10A07000F231E05F34F90820E35E615E009004F1A4
:10A0800020000EF009F9236801225B6CA2555E4A9C
:10A0900093423FF4FDAE20464FF6FF719847D9E654
:10A0A0005A495B4A8B62089BDFF868A1DFF868B108
:10A0B0000791CA62002B7FF45CACDAF80040BBF871
:10A0C000007041F2F23520460CF006FB089B63530A
:10A0D00020460CF005FB80B20C2841F2F43628BF74
:10A0E0000C20A05320460CF0F7FA635BC01A80B234
:10A0F000B84241F2F63828BF384624F80800204616
:10A100000CF0EEFAA35BC01A80B2B82841F2F8371F
:10A1100028BFB820E05320460CF0CAFA02285AD0D3
:10A1200003284CD001283DD034F80810635B03F0BD
:10A1300007020A4491B2570716BF21F0070141F206
:10A14000F63241F2F63241F2E43018BF083101250F
:10A150002554A15241F2E73241F2F231A25C23F0E0
:10A16000070363524AB141F2F83341F2F432E05A44
:10A170006389A15A1B1A5B1AA352DAF80060224ABB
:10A1800035686B6C93423FF40BAC4FF6FF71304671
:10A190009847DAF8004025680AE4144685E5344615
:10A1A0000A2584E5A25B2389E15B34F80800E053CB
:10A1B0009B1A5B1A625BA2539BB26353B7E7615B66
:10A1C000628934F80800A35B6353521A121AA2532F
:10A1D000E15BE053ABE7238934F805E034F808107D
:10A1E000628934F806C0E05BA3EB0E03A2EB0C021D
:10A1F0005B1A121A9BB2A253635398E71C0806001D
:10A20000FC070600ABAAAA2A79820200C8780020BF
:10A210002D2D2D00C0780020686000202DE9F04F22
:10A2200091B0FFF771F9A64BA64D0790089300284F
:10A2300000F049822E68A44FD6F8008041F2E43243
:10A24000002341F2F231B35441F2F6327350C82385
:10A25000B35241F2F8337289F252D8F84430BB421B
:10A2600040F0998241F28832FF2106F15C0030F023
:10A270007DFF344641F2EC320023B35241F2E53225
:10A28000DFF860B2B3544646736CBB4240F00981BC
:10A2900041F28832FF2104F15C0030F067FF736CFB
:10A2A000BB4240F0088104F15C0041F28832FF219A
:10A2B00030F05CFFDBE9023284490BA8CB5C0092F2
:10A2C0001421834A31F024FE82480BA9FFF726F9B6
:10A2D0002868089B02681B6850214FF6FF74CDE97F
:10A2E0000014183B146C1BB220220C21A0477A4B9F
:10A2F00093F8B540002C00F04E812E2228681021E2
:10A300000CF0CAF9754928680CF0D4F928680021C6
:10A310000CF0C6F97249286826F05CFDFFF758F981
:10A3200041F2EE392C6834F809C0BCF1010F00F09D
:10A33000DB8041F2F03341F2EC3634F803E034F9DB
:10A34000068041F2E4331FFA88F0E15C10FB0EF363
:10A350009BB200295ED00CF1FF3212B2904541F25F
:10A36000F43A41F2F83834F80A20A8BFB4F80AE009
:10A3700034F80810BCBF9E441FFA8EFE9644114468
:10A380001FFA8EFE13448AB272459BB228BF7246F2
:10A3900093421ED241F2E531D21A605C41F2F23EA4
:10A3A00011B2002840F05C8134F90E200290CDE912
:10A3B000030041F2F63C019134F90C10009104F1D4
:10A3C00020001BB204F15C010DF0A4F834F809C0C0
:10A3D000A05B013000B20FFA8CFC6045A05340F046
:10A3E000CE8041F2E539002214F80930A253002B47
:10A3F00000F04D81079B2868002B00F0B9802030C9
:10A40000002107900DF0D4FF07980CF035FE11B035
:10A41000BDE8F08F41F2E53A14F80A20002A40F036
:10A42000D680CDE9032202926189C91A89B28E458C
:10A4300028BF8E460FFA8EF14FF0C80C04F15C086D
:10A4400004F1200001911BB24146CDF800C00990F3
:10A450000DF07AF80998A35B34F9092001331BB297
:10A460009A42A35340F0A98014F80A100023A35382
:10A47000002940F0F2800DF09BFF23685B6C012205
:10A48000BB4204F80A2040F09D80404641F28832E9
:10A49000FF2130F06BFE2C682668736CBB423FF4E2
:10A4A000F7AE20464FF6FF7198472C682668736C0C
:10A4B000BB423FF4F8AE20464FF6FF719847F9E6ED
:10A4C00068600020C078002079820200946000203B
:10A4D000CC0706004CF80500C8780020080A0600E2
:10A4E0007D790020B060002041F2E433E65C002E6C
:10A4F00000F08A8041F2F43A41F2F239002634F950
:10A500000A3034F909200296CDE9036641F2F838A1
:10A5100041F2F63734F908100191E15F009104F13E
:10A520005C0B04F12000594608900CF0F3FF34F95D
:10A5300008C0E35F34F90A2034F909100898CDF80F
:10A5400000C00DF0A9FE34F90A3034F90920029652
:10A55000CDE9036634F908100191E15F0898009194
:10A5600059460CF0F1FF079B2868002B7FF447AF9A
:10A57000012120300DF01CFF11B0BDE8F08F2368E1
:10A580005B6CBB421ED104F15C0041F28832FF21BA
:10A5900030F0ECFD7FE728689B490CF08BF82868C9
:10A5A0002E220C210CF078F8286821460CF078F85F
:10A5B0009649286826F00EFCB0E623685B6CBB4227
:10A5C0003FF463AF20464FF6FF71984763E7CDE94C
:10A5D000031102916289D21A92B2964528BF96461B
:10A5E0000FFA8EFE4FF0C80C04F15C0804F1200055
:10A5F0000A46CDF804E01BB24146CDF800C00990F0
:10A600000CF0A2FF099826E7CDE903660296B4F99B
:10A610000A30019304F15C074FF0C80804F12000F0
:10A62000334632463946CDF8008008900CF08CFF56
:10A63000089831460DF0BCFECDE903660296B4F9E8
:10A640000A300898CDE900833946334632460CF08B
:10A650007BFF08980CF010FDCCE60CF00DFDC9E670
:10A66000002034F90E200290CDE9030041F2F63CBF
:10A67000019134F90C10009104F120001BB204F197
:10A680005C010CF061FF34F809C0A05BA1E641F267
:10A69000F63341F2F23134F9080034F90A20E35E6E
:10A6A000615E009004F120000DF0F6FD23685B6C04
:10A6B0000122BB4204F809203FF465AF20464FF663
:10A6C000FF719847E7E62C68B3F8009041F2F23644
:10A6D00020460CF001F8079BA35320460CF000F82D
:10A6E00080B20C2841F2F43728BF0C20E0532046FA
:10A6F0000BF0F2FFA35BC01A80B2484541F2F63876
:10A7000028BF484624F8080020460BF0E9FFE35B29
:10A71000C01A80B2B82841F2F83928BFB82024F80E
:10A72000090020460BF0C4FF022859D0032849D065
:10A73000012838D034F80810A35B03F0070241F277
:10A74000E4300A44012691B22654560717BF21F07F
:10A75000070141F2F63241F2F6320831A15241F2DC
:10A76000E73241F2F231A25C23F0070363524AB1AF
:10A7700041F2F83341F2F432E05A6389A15A1B1ACC
:10A780005B1AA3522E68224FD6F80080D8F84430C6
:10A79000BB423FF467AD4FF6FF71304698472C68D7
:10A7A000D4F8008066E5E25B238934F8091034F8B8
:10A7B000080024F809009B1A5B1AA25BE2539BB2C3
:10A7C000A353BAE7A15B628934F80800E35BA353A3
:10A7D000521A121AE25334F8091024F80900ACE7AF
:10A7E000238934F806E034F80810628934F807C089
:10A7F00034F80900A3EB0E03A2EB0C025B1A121A49
:10A800009BB2E253A35398E7080A060050080600DB
:10A81000798202002DE9F04F9DB0FEF775FEC84D1C
:10A82000DFF844B30690002800F08F82D5F800804E
:10A83000C44FD8F8006041F2E432002341F2F23113
:10A8400008F8023041F2F63248F80130C82328F8FF
:10A85000023041F2F833B8F80A2028F80320736C6C
:10A86000BB4240F0DB8241F28832FF2108F15C00FC
:10A8700030F07CFC444641F2EC3141F2E5320023F9
:10A8800028F8013008F80230736CBB4240F0368182
:10A8900041F28832FF2104F15C0030F067FC736CF8
:10A8A000BB4240F0358104F15C0041F28832FF2167
:10A8B00030F05CFCA44AA549D2E9023208A8CB5C7E
:10A8C00000921421A24A31F023FBA24808A9FEF706
:10A8D00025FE2868DBF80030026850214FF6FF762D
:10A8E000CDE90016183B146C1BB220220C21A047A6
:10A8F000994B1878002800F071810346974A3C2153
:10A900000DA831F005FB2E22286810210BF0C4FEA3
:10A91000934928680BF0CEFE286800210BF0C0FE9A
:10A9200028680DA926F056FA8B4B1C78002C00F0F5
:10A930001D810AF02FF90446002800F0EE8001384E
:10A940003C220DA9C0B20AF031F92868DBF80030CA
:10A9500002680E214FF6FF74CDE90014183B146C09
:10A960001BB238220C21A0472868102142220BF08C
:10A9700093FE28680DA926F02DFAFEF729FE41F274
:10A98000EE382C6834F808C0BCF1010F00F02981C2
:10A9900041F2F03341F2EC3634F803E034F906903A
:10A9A00041F2E4331FFA89F0E15C10FB0EF39BB235
:10A9B00000295ED00CF1FF3212B2914541F2F43A17
:10A9C00041F2F83934F80A20A8BFB4F80AE034F8A4
:10A9D0000910BCBF9E441FFA8EFE964411441FFA14
:10A9E0008EFE13448AB272459BB228BF72469342D0
:10A9F0001ED241F2E531D21A605C41F2F23E11B250
:10AA0000002840F0708134F90E200290CDE9030057
:10AA100041F2F63C019134F90C10009104F1200050
:10AA20001BB204F15C010CF075FD34F808C0A05BAA
:10AA3000013000B20FFA8CFC6045A05340F01B813E
:10AA400041F2E538002214F80830A253002B00F040
:10AA50006181069B2868002B00F0068120300021D0
:10AA600006900DF0A5FC06980CF006FB1DB0BDE8A5
:10AA7000F08F41F2E53A14F80A20002A40F0918064
:10AA8000CDE9032202926189C91A89B28E4528BF95
:10AA90008E460FFA8EF14FF0C80C04F15C0904F1F8
:10AAA000200001911BB24946CDF800C007900CF080
:10AAB0004BFD0798A35B34F9082001331BB29A427F
:10AAC000A35365D114F80A100023A353002940F0C2
:10AAD00007810DF06DFC23685B6C0122BB4204F81A
:10AAE0000A2059D1484641F28832FF2130F03EFB1E
:10AAF0002C682668736CBB423FF4CAAE20464FF602
:10AB0000FF7198472C682668736CBB423FF4CBAE4C
:10AB100020464FF6FF719847CCE6286810490BF0A5
:10AB2000C9FD286842220C210BF0B6FD2868214699
:10AB30000BF0B6FD0B49286826F04CF91DE700BF65
:10AB4000C078002079820200B0600020946000206C
:10AB5000CC07060058FB05000969002054080600D0
:10AB6000080A060060080600686000202868BD49E1
:10AB70000BF0A0FD286842220C210BF08DFD286807
:10AB800021460BF08DFDB849286826F023F9F4E63C
:10AB900023685B6CBB42A5D020464FF6FF719847F7
:10ABA000A6E7CDE9031102916289D21A92B29645C5
:10ABB00028BF96460FFA8EFE4FF0C80C04F15C09D0
:10ABC00004F120000A46CDF804E01BB24946CDF856
:10ABD00000C007900CF0B8FC07986BE709F0DAFFAB
:10ABE0008BE641F2E433E65C002E50D041F2F43AB9
:10ABF00041F2F239002634F90A3034F9092002967C
:10AC0000CDE9036641F2F83841F2F63734F908101D
:10AC10000191E15F009104F15C0B04F120005946C1
:10AC200007900CF077FC34F908C0E35F34F90A2090
:10AC300034F909100798CDF800C00DF02DFB34F958
:10AC40000A3034F909200296CDE9036634F9081078
:10AC50000191E15F0798009159460CF075FC069B45
:10AC60002868002B7FF4FAAE012120300DF0A0FB04
:10AC70001DB0BDE8F08F23685B6CBB428CD104F142
:10AC80005C0041F28832FF2130F070FA30E7CDE904
:10AC900003660296B4F90A30019304F15C074FF0A1
:10ACA000C80804F12000334632463946CDF800800A
:10ACB00007900CF049FC079831460DF079FBCDE97F
:10ACC00003660296B4F90A300798CDE90083394645
:10ACD000334632460CF038FC07980CF0CDF9B8E654
:10ACE0000CF0CAF9B5E6002034F90E200290CDE947
:10ACF000030041F2F63C019134F90C10009104F18B
:10AD000020001BB204F15C010CF01EFC34F808C0FA
:10AD1000A05B8DE641F2F63341F2F23134F90900DD
:10AD200034F90A20E35E615E009004F120000DF02A
:10AD3000B3FA23685B6C0122BB4204F808209ED062
:10AD400020464FF6FF719847D2E62C68BBF800907A
:10AD500041F2F23620460BF0BFFC069BA35320467F
:10AD60000BF0BEFC80B20C2841F2F43728BF0C2057
:10AD7000E05320460BF0B0FCA35BC01A80B24845FC
:10AD800041F2F63828BF484624F8080020460BF068
:10AD9000A7FCE35BC01A80B2B82841F2F83928BF9B
:10ADA000B82024F8090020460BF082FC02285FD06E
:10ADB000032849D0012838D034F80810A35B03F0E9
:10ADC00007020A4491B2570716BF21F0070141F26A
:10ADD000F63241F2F63241F2E43018BF0831012672
:10ADE0002654A15241F2E73241F2F231A25C23F043
:10ADF000070363524AB141F2F83341F2F432E05AA8
:10AE00006389A15A1B1A5B1AA352D5F80080174F09
:10AE1000D8F80060736CBB423FF425AD4FF6FF716C
:10AE2000404698472C68266825E5E25B238934F87C
:10AE3000091034F8080024F809009B1A5B1AA25B79
:10AE4000E2539BB2A353BAE7A15B628934F80800CE
:10AE5000E35BA353521A121AE25334F8091024F890
:10AE60000900ACE7080A06006C08060079820200B7
:10AE7000238934F806E034F80810628934F807C0F2
:10AE800034F80900A3EB0E03A2EB0C025B1A121AB2
:10AE90009BB2E253A35392E72DE9F04F89B0FEF73E
:10AEA00033FBB94E0690002800F0D0813468B74FCC
:10AEB000256841F2E432002341F2F231A35441F219
:10AEC000F6326350C821A15241F2F8336289E2524E
:10AED0006B6CBB4240F0228241F28832FF2104F1C8
:10AEE0005C0030F043F9204641F2EC3141F2E532AA
:10AEF00000236352A3546B6CBB4240F0C7805C30AC
:10AF000041F28832FF2130F031F9FEF71DFC41F2A9
:10AF1000EE38346834F808C0BCF1010F00F0DD8071
:10AF200041F2F03341F2EC35E15A34F905E041F2F7
:10AF3000E4331FFA8EF0E25C10FB01F39BB2002AAF
:10AF40005ED00CF1FF3212B2964541F2F43A41F272
:10AF5000F839B8BFC91834F80AB0ACBFB4F80AE081
:10AF60001FFA81FE34F80910DE4459448AB21FFAF0
:10AF70008EFE72455B449BB228BF724693421ED23E
:10AF800041F2E531D21A605C41F2F23E11B2002882
:10AF900040F0278134F90E200290CDE9030041F200
:10AFA000F63C019134F90C10009104F120001BB221
:10AFB00004F15C010CF0AEFA34F808C0605B0130BB
:10AFC00000B20FFA8CFC6045605340F0D08041F233
:10AFD000E538002214F808306253002B00F01B8182
:10AFE000069B3068002B00F0BB80203000210690CB
:10AFF0000DF0DEF9069809B0BDE8F04F0CF03CB852
:10B0000041F2E53914F809E0BEF1000F4BD1CDE96A
:10B0100003EECDF808E06289D21A92B2914228BFBD
:10B02000114609B24FF0C80C04F15C0A04F120008B
:10B03000019172461BB25146CDF800C007900CF04A
:10B0400083FA0798635B34F9082001331BB29A42F4
:10B0500063531FD114F8091000236353002940F0F3
:10B06000D7800DF0A5F923685B6C0122BB4204F880
:10B07000092013D1504641F28832FF2130F076F892
:10B08000306805686B6CBB423FF439AF4FF6FF7117
:10B0900098473AE723685B6CBB42EBD020464FF6FB
:10B0A000FF719847ECE7CDE9032202926089C01A4C
:10B0B00080B2814228BF014609B24FF0C80C04F1AA
:10B0C0005C0A04F1200001911BB25146CDF800C08A
:10B0D00007900CF039FA0798B4E741F2E433E55CE5
:10B0E000002D55D041F2F43A41F2F239002534F9FD
:10B0F0000A3034F909200295CDE9035541F2F838B8
:10B1000041F2F63734F908100191E15F009104F142
:10B110005C0B04F12000594607900CF0FBF934F960
:10B1200008C0E35F34F90A2034F909100798CDF814
:10B1300000C00DF0B1F834F90A3034F90920029555
:10B14000CDE9035534F908100191E15F07980091AA
:10B1500059460CF0F9F9069B3068002B7FF445AF97
:10B160000121203009B0BDE8F04F0DF021B923686E
:10B170005B6CBB4292D104F15C0041F28832FF214A
:10B180002FF0F4FF7CE700BFC07800207982020036
:10B19000CDE903550295B4F90A30019304F15C0737
:10B1A0004FF0C80804F120002B462A463946CDF856
:10B1B000008007900CF0C8F9079829460DF0F8F8C0
:10B1C000CDE903550295B4F90A300798CDE900831B
:10B1D00039462B462A460CF0B7F907980BF04CFF7E
:10B1E000FEE6002034F90E200290CDE9030041F282
:10B1F000F63C019134F90C10009104F120001BB2CF
:10B2000004F15C010CF0A0F934F808C0605BD6E6EC
:10B210000BF032FFE4E641F2F63341F2F23134F959
:10B22000090034F90A20E35E615E009004F1200019
:10B230000DF032F823685B6C0122BB4204F8082051
:10B2400099D020464FF6FF71984719E734684F4B65
:10B2500041F2F2352046B3F800900BF03DFA069B20
:10B26000635320460BF03CFA80B20C2841F2F437CD
:10B2700028BF0C20E05320460BF02EFA635BC01A67
:10B2800080B2484541F2F63828BF484624F8080005
:10B2900020460BF025FAE35BC01A80B2B82841F2D1
:10B2A000F83928BFB82024F8090020460BF000FA2E
:10B2B000022857D0032847D0012836D034F8081088
:10B2C000635B03F007020A4491B2520716BF21F0F4
:10B2D000070141F2F63241F2F63241F2E43018BF92
:10B2E000083101252554A15241F2E73241F2F231F1
:10B2F000A25C23F0070363524AB141F2F83341F2F2
:10B30000F432E05A6389A15A1B1A5B1AA3523468BB
:10B310001F4F25686B6CBB423FF4DEAD20464FF6F5
:10B32000FF71984730680568DEE5E25B238934F8F1
:10B33000091034F8080024F809009B1A5B1A625BB4
:10B34000E2539BB26353BCE7615B628934F8080047
:10B35000E35B6353521A121AE25334F8091024F8CB
:10B360000900AEE7238934F805E034F80810628953
:10B3700034F807C034F80900A3EB0E03A2EB0C026B
:10B380005B1A121A9BB2E25363539AE7686000207B
:10B39000798202002DE9F04F9BB0FEF7B5F8BC4B67
:10B3A000BC4D07900893002800F050822E68BA4FD9
:10B3B000D6F8008041F2E432002341F2F231B35476
:10B3C00041F2F6327350C823B35241F2F833728916
:10B3D000F252D8F84430BB4240F0A08241F28832A9
:10B3E000FF2106F15C002FF0C1FE344641F2EC3142
:10B3F00041F2E53200237352B3544646DFF8BCB243
:10B40000736CBB4240F01F8141F28832FF2104F18E
:10B410005C002FF0ABFE736CBB4240F01E8104F168
:10B420005C0041F28832FF212FF0A0FEDBE90232FE
:10B430009A490BA8CB5C00921421994A30F068FD20
:10B4400098480BA9FEF76AF82868089B02681B68F1
:10B4500050214FF6FF74CDE90014183B146C1BB259
:10B4600020220C21A0479049904B0C681B68904A01
:10B47000282110A830F04CFD2E22286810210BF056
:10B480000BF98C4928680BF015F9286800210BF09E
:10B4900007F910A9286825F09DFC2346864A282133
:10B4A00010A830F035FD4222286810210BF0F4F886
:10B4B000804928680BF0FEF8286800210BF0F0F8AE
:10B4C00010A9286825F086FC41F2EE39FEF780F8D5
:10B4D0002C6834F809C0BCF1010F00F00E8141F274
:10B4E000F03341F2EC3634F803E034F9068041F2EF
:10B4F000E4331FFA88F0E15C10FB0EF39BB20029E5
:10B500005DD00CF1FF3212B2904541F2F43A41F2B3
:10B51000F83834F80A20A8BFB4F80AE034F8081064
:10B52000BCBF9E441FFA8EFE964411441FFA8EFE45
:10B5300013448AB272459BB228BF724693421ED210
:10B5400041F2E531D21A605C41F2F23E11B20028BC
:10B5500040F0468134F90E200290CDE9030041F21B
:10B56000F63C019134F90C10009104F120001BB25B
:10B5700004F15C010BF0CEFF34F809C0A05B013090
:10B5800000B20FFA8CFC6045A0536BD141F2E53953
:10B59000002214F80930A253002B00F03B81079BD6
:10B5A0002868002B00F0EC802030002107900CF080
:10B5B000FFFE07980BF060FD1BB0BDE8F08F41F275
:10B5C000E53A14F80A20002A7AD1CDE90322029242
:10B5D0006189C91A89B28E4528BF8E460FFA8EF14D
:10B5E0004FF0C80C04F15C0804F1200001911BB27B
:10B5F0004146CDF800C009900BF0A6FF0998A35B67
:10B6000034F9092001331BB29A42A35336D114F8FE
:10B610000A100023A353002940F0F9800CF0C8FE63
:10B6200023685B6C0122BB4204F80A202AD1404601
:10B6300041F28832FF212FF099FD2C682668736C47
:10B64000BB423FF4E1AE20464FF6FF7198472C68AD
:10B650002668736CBB423FF4E2AE20464FF6FF71A2
:10B660009847E3E623685B6CBB420BD104F15C00B6
:10B6700041F28832FF212FF079FDDEE723685B6C11
:10B68000BB42D4D020464FF6FF719847D5E700BFA4
:10B6900068600020C0780020798202009460002059
:10B6A000CC07060048F80500B0680020F4680020C8
:10B6B0007C080600080A060088080600B060002022
:10B6C000CDE9031102916289D21A92B2964528BF40
:10B6D00096460FFA8EFE4FF0C80C04F15C0804F198
:10B6E00020000A46CDF804E01BB24146CDF800C068
:10B6F00009900BF029FF099881E741F2E433E65CF9
:10B70000002E44D041F2F43A41F2F239002634F9E5
:10B710000A3034F909200296CDE9036641F2F8387F
:10B7200041F2F63734F908100191E15F009104F11C
:10B730005C0B04F12000594608900BF0EBFE34F945
:10B7400008C0E35F34F90A2034F909100898CDF8ED
:10B7500000C00CF0A1FD34F90A3034F9092002963A
:10B76000CDE9036634F908100191E15F0898009172
:10B7700059460BF0E9FE079B2868002B7FF414AFB5
:10B78000012120300CF014FE1BB0BDE8F08FCDE994
:10B7900003660296B4F90A30019304F15C074FF096
:10B7A000C80804F12000334632463946CDF80080FF
:10B7B00008900BF0C9FE089831460CF0F9FDCDE970
:10B7C00003660296B4F90A300898CDE90083394639
:10B7D000334632460BF0B8FE08980BF04DFCDEE61F
:10B7E000002034F90E200290CDE9030041F2F63C2E
:10B7F000019134F90C10009104F120001BB204F106
:10B800005C010BF0A1FE34F809C0A05BB7E60BF0B9
:10B8100033FCC4E641F2F63341F2F23134F9080068
:10B8200034F90A20E35E615E009004F120000CF020
:10B8300033FD23685B6C0122BB4204F809203FF40E
:10B8400015AF20464FF6FF719847F6E62C68B3F81F
:10B85000009041F2F23620460AF03EFF079BA353C8
:10B8600020460AF03DFF80B20C2841F2F43728BF91
:10B870000C20E05320460AF02FFFA35BC01A80B2D1
:10B88000484541F2F63828BF484624F808002046CB
:10B890000AF026FFE35BC01A80B2B82841F2F839FB
:10B8A00028BFB82024F8090020460AF001FF02282A
:10B8B00059D0032849D0012838D034F80810A35BA8
:10B8C00003F0070241F2E4300A44012691B2265403
:10B8D000560717BF21F0070141F2F63241F2F63266
:10B8E0000831A15241F2E73241F2F231A25C23F079
:10B8F000070363524AB141F2F83341F2F432E05A9D
:10B900006389A15A1B1A5B1AA3522E68204FD6F8DE
:10B910000080D8F84430BB423FF460AD4FF6FF7171
:10B92000304698472C68D4F800805FE5E25B2389B5
:10B9300034F8091034F8080024F809009B1A5B1A3F
:10B94000A25BE2539BB2A353BAE7A15B628934F8CE
:10B950000800E35BA353521A121AE25334F8091099
:10B9600024F80900ACE7238934F806E034F808101D
:10B97000628934F807C034F80900A3EB0E03A2EB88
:10B980000C025B1A121A9BB2E253A35398E700BF52
:10B99000798202002DE9F04F8FB0FDF7B5FDDFF899
:10B9A00030830690002800F00282D8F80050C34E81
:10B9B0002C6841F2E432002341F2F231AB5441F2FF
:10B9C000F6326B50C821A95241F2F8336A89EA5223
:10B9D000636CB34240F0538241F28832FF2105F19B
:10B9E0005C002FF0C3FB284641F2EC320023AB523F
:10B9F00041F2E532DFF8DC92AB54636CB34240F0C5
:10BA0000DD805C3041F28832FF212FF0AFFBAC4B80
:10BA1000AC4A1B689342D9F8083000F05D81AA490E
:10BA2000D9F80C20CB5C00921421A84A09A830F068
:10BA30006FFAA34B09A91868FDF770FD41F2EE37C4
:10BA4000FDF7C6FDD8F8004034F807C0BCF1010F7F
:10BA500000F0EA8041F2F03341F2EC3534F803E0D3
:10BA600034F905A041F2E4331FFA8AF0E15C10FBDF
:10BA70000EF39BB200295DD00CF1FF3212B2924559
:10BA800041F2F43B41F2F83A34F80B20A8BFB4F885
:10BA90000AE034F80A10BCBF9E441FFA8EFE96449A
:10BAA00011441FFA8EFE13448AB272459BB228BF1E
:10BAB000724693421ED241F2E531D21A605C41F2E5
:10BAC000F23E11B2002840F03D8134F90E20029080
:10BAD000CDE9030041F2F63C019134F90C100091DC
:10BAE00004F120001BB204F15C010BF013FD34F8EB
:10BAF00007C0605B013000B20FFA8CFC60456053F8
:10BB000060D141F2E5370022E35D6253002B00F083
:10BB10003381069BD8F80000002B00F0C78020304E
:10BB2000002106900CF044FC06980BF0A5FA0FB02B
:10BB3000BDE8F08F41F2E53B14F80B20002A56D106
:10BB4000CDE9032202926189C91A89B28E4528BFC4
:10BB50008E460FFA8EF14FF0C80C04F15C0A04F126
:10BB6000200001911BB25146CDF800C007900BF0A8
:10BB7000EBFC0798635BE25F01331BB29A426353AD
:10BB80002CD114F80B1000236353002940F0F180EE
:10BB90000CF00EFC23685B6C0122B34204F80B200E
:10BBA00020D1504641F28832FF212FF0DFFAD8F839
:10BBB00000000468636CB3423FF423AF4FF6FF719B
:10BBC000984724E723685B6CB3420BD104F15C0017
:10BBD00041F28832FF212FF0C9FAE8E723685B6C55
:10BBE000B342DED020464FF6FF719847DFE7CDE93C
:10BBF000031102916289D21A92B2964528BF9646E5
:10BC00000FFA8EFE4FF0C80C04F15C0A04F120001C
:10BC10000A46CDF804E01BB25146CDF800C00790AB
:10BC20000BF092FC0798A5E741F2E433E55C002DA8
:10BC300061D041F2F43A41F2F239002534F90A3088
:10BC400034F909200295CDE9035541F2F83741F264
:10BC5000F636E15F0191A15F009104F15C0B04F104
:10BC60002000594607900BF055FC34F907C0A35F3C
:10BC700034F90A2034F909100798CDF800C00CF007
:10BC80000BFB34F90A3034F909200295CDE903554C
:10BC9000E15F0191A15F0798009159460BF054FCB8
:10BCA000069BD8F80000002B7FF439AF012120302B
:10BCB0000CF07EFB0FB0BDE8F08F00BF7982020070
:10BCC0007C68002070F8050094600020CC07060016
:10BCD000C0780020B0600020834AD9F80000D35C0F
:10BCE000079308F04FFE079B0090804A142109A893
:10BCF00030F00EF99DE6CDE903550295B4F90A300E
:10BD0000019304F15C06C82704F120002B462A4663
:10BD10003146009707900BF017FC079829460CF066
:10BD200047FBCDE903550295B4F90A300798CDE9F0
:10BD3000007331462B462A460BF006FC07980BF0A1
:10BD40009BF9E6E6002034F90E200290CDE90300CD
:10BD500041F2F63C019134F90C10009104F12000FD
:10BD60001BB204F15C010BF0EFFB34F807C0605B21
:10BD7000C0E60BF081F9CCE641F2F63341F2F23144
:10BD800034F90A0034F90B20E35E615E009004F19F
:10BD900020000CF081FA23685B6C0122B342E2556B
:10BDA0003FF414AF20464FF6FF719847FFE6D8F8EE
:10BDB00000404F4B41F2F2352046B3F800900AF0B4
:10BDC0008BFC069B635320460AF08AFC80B20C2849
:10BDD00041F2F43628BF0C20A05320460AF07CFC28
:10BDE000635BC01A80B2484541F2F63728BF484627
:10BDF000E05320460AF074FCA35BC01A80B2B82856
:10BE000041F2F83928BFB82024F8090020460AF08A
:10BE10004FFC022856D0032847D0012837D0E15BD9
:10BE2000635B03F007020A4491B2520716BF21F088
:10BE3000070141F2F63241F2F63241F2E43018BF26
:10BE4000083101252554A15241F2E73241F2F23185
:10BE5000A25C23F0070363524AB141F2F83341F286
:10BE6000F432E05A6389A15A1B1A5B1AA352D8F81C
:10BE70000050204E2C68636CB3423FF4ADAD2846B1
:10BE80004FF6FF719847D8F800000468ACE5A25B54
:10BE9000238934F80910E05B24F809009B1A5B1A27
:10BEA000625BA2539BB26353BBE7615B6289E05B59
:10BEB000A35B6353521A121AA25334F8091024F8E0
:10BEC0000900AEE7238934F805C0E15B6289A75B0E
:10BED00034F80900A3EB0C03D21B5B1A121A9BB2B5
:10BEE000A25363539DE700BF9460002094080600AE
:10BEF00068600020798202002DE9F04F97B0FDF7CD
:10BF000003FB9A4D9A4E0690002800F05983D5F80D
:10BF1000008041F2E432002341F2F23108F80230AD
:10BF200041F2F63248F80130C82328F80230D8F838
:10BF30000070B8F80A2041F2F83328F803207B6C2F
:10BF40008C4A934240F0A78341F28832FF2108F1E6
:10BF50005C002FF00BF9444641F2E53241F2EC313E
:10BF6000002328F8013008F802307B6C814A9342A4
:10BF70004FF6FF7840F05D8141F28832FF2104F1F5
:10BF80005C002FF0F3F87B6C7A4A934240F05C81BE
:10BF900004F15C0041F28832FF212FF0E7F8764A85
:10BFA0007649D2E9023209A8CB5C00921421744A86
:10BFB0002FF0AEFF734809A9FDF7B0FA286833687F
:10BFC0000268CDF8048050210091183B146C1BB21C
:10BFD00020220C21A047286833680268102400271B
:10BFE000CDE90047183B1BB2D2F840900C21242227
:10BFF000C8472F22286821460AF04EFB28684FF6D2
:10C00000FF710AF04DFB604B604A1978604B28685D
:10C01000B94214BF1146194624F0DCFE5D4B1B7873
:10C02000042B00F06F815C4B18682EF09BFA5B4A82
:10C03000CDE9000120210EA82FF06AFF286833689F
:10C040000268CDF804800E210091183BD2F8409090
:10C050000C2138221BB2C8472146422228680AF028
:10C060001BFB286800210AF01BFB0EA9286824F09E
:10C07000B1FE41F2EE39FDF7ABFA2C6834F809C095
:10C08000BCF1010F00F0E58041F2F03341F2EC37F2
:10C0900034F803E034F907A041F2E4331FFA8AF0E0
:10C0A000E15C10FB0EF39BB2002979D00CF1FF325A
:10C0B00012B2924541F2F43B41F2F83A34F80B20C7
:10C0C000A8BFB4F80AE034F80A10BCBF9E441FFAB7
:10C0D0008EFE964411441FFA8EFE13448AB27245B6
:10C0E0009BB228BF724693421ED241F2E531D21A6A
:10C0F000605C41F2F23E11B2002840F02D8234F92A
:10C100000E200290CDE9030041F2F63C019134F992
:10C110000C10009104F120001BB204F15C010BF043
:10C12000F9F934F809C0E05B013000B20FFA8CFC79
:10C130006045E05340F0D88041F2E539002214F820
:10C140000930E253002B00F01E82069B2868002B6A
:10C1500000F0C3802030002106900CF029F90698E9
:10C160000AF08AFF17B0BDE8F08F00BFC07800204A
:10C170006860002079820200B06000209460002096
:10C18000CC07060058F80500D8680020A40806006F
:10C19000B4080600547A0020287A0020C40806005B
:10C1A00041F2E53B14F80B20002A40F07681CDE9FE
:10C1B000032202926189C91A89B28E4528BF8E4630
:10C1C0000FFA8EF14FF0C80C04F15C0A04F1200064
:10C1D00001911BB25146CDF800C007900BF0B4F9A5
:10C1E0000798E35B34F9092001331BB29A42E35309
:10C1F00040F0488114F80B100023E353002940F06D
:10C20000A8810CF0D5F8236801225B6C04F80B20A0
:10C21000B04A934240F03C81504641F28832FF21BF
:10C220002EF0A4FF2C68AB4A27687B6C93423FF446
:10C23000A3AE20464FF6FF7198472C68A54A2768A1
:10C240007B6C93423FF4A4AE20464FF6FF719847B3
:10C25000A5E641F2E433E65C002E00F0518141F2A4
:10C26000F43A41F2F239002634F90A3034F909205F
:10C270000296CDE9036641F2F83841F2F63734F917
:10C2800008100191E15F009104F15C0B04F12000C2
:10C29000594607900BF03EF934F908C0E35F34F9D2
:10C2A0000A2034F909100798CDF800C00BF0F4FF0C
:10C2B00034F90A3034F909200296CDE9036634F9DD
:10C2C00008100191E15F0798009159460BF03CF985
:10C2D000069B2868002B7FF43DAF012120300CF035
:10C2E00067F817B0BDE8F08F23687A4A5B6C934219
:10C2F00040F0CE8004F15C0041F28832FF212EF044
:10C3000035FF8FE7744B754AD3E900AB2021CDE9A7
:10C3100000AB0EA82FF0FCFD286833680268CDF84A
:10C3200004804FF00E09CDF80090183B1BB2D2F8F4
:10C3300040A00C213822D0474222286821460AF02A
:10C34000ABF9286839460AF0ABF90EA9286824F041
:10C3500041FD634B614AD3E900AB2021CDE900AB3D
:10C360000EA82FF0D5FD286833680268CDE9009843
:10C37000183B1BB2D2F840900C214A22C8475422E5
:10C38000286821460AF088F9286839460AF088F9B1
:10C390000EA9286824F01EFD524BD3E900AB002201
:10C3A0000023504659462EF0BBFB18B94FF0000A47
:10C3B0004FF0000BCDE900AB4B4A20210EA82FF027
:10C3C000A7FD286833680268CDF804800E2100912B
:10C3D000183B1BB2146C0C215E22A047682228680F
:10C3E00010210AF059F9286800210AF059F90EA91C
:10C3F000286824F0EFFC3D4BD3E900AB002200237A
:10C40000504659462EF08CFB18B94FF0000A4FF0F9
:10C41000000B374A2021CDE900AB0EA82FF078FDA4
:10C42000286833680268CDF804800E240094183B15
:10C430001BB2176C0C217022B8477A222868102191
:10C440000AF02AF9286800210AF02AF90EA92868BA
:10C4500024F0C0FC274A284B126800921B68274A28
:10C4600020210EA82FF054FD286833680268CDE91A
:10C470000048183B146C0C2182221BB2A0478C226E
:10C480001021EBE52368134A5B6C93423FF4C4AE82
:10C4900020464FF6FF719847C4E6CDE9031102919B
:10C4A0006289D21A92B2964528BF96460FFA8EFE3E
:10C4B0004FF0C80C04F15C0A04F120000A46CDF8E4
:10C4C00004E01BB25146CDF800C007900BF03CF8D9
:10C4D000079886E679820200307A0020D0080600AC
:10C4E000407A0020E0680020D8080600D0680020CC
:10C4F000E4080600B4680020E8680020F0080600A0
:10C50000CDE903660296B4F90A30019304F15C07A1
:10C510004FF0C80804F12000334632463946CDF8C2
:10C52000008007900BF010F8079831460BF040FFA1
:10C53000CDE903660296B4F90A300798CDE9008385
:10C540003946334632460AF0FFFF07980AF094FD59
:10C55000FBE50AF091FDF8E5002034F90E20029089
:10C56000CDE9030041F2F63C019134F90C10009141
:10C5700004F120001BB204F15C010AF0E5FF34F87D
:10C5800009C0E05BD0E541F2F63341F2F23134F913
:10C590000A0034F90B20E35E615E009004F1200094
:10C5A0000BF07AFE236801225B6C04F80920584ADC
:10C5B00093423FF49FAE20464FF6FF71984731E615
:10C5C0002C68B6F800A041F2F23720460AF084F851
:10C5D000069BE35320460AF083F880B20C2841F210
:10C5E000F43828BF0C2024F8080020460AF074F81C
:10C5F000E35BC01A80B2504541F2F63928BF50467D
:10C6000024F8090020460AF06BF834F80830C01A04
:10C6100080B2B82841F2F83A28BFB82024F80A00BE
:10C6200020460AF045F802285DD003284BD00128A7
:10C6300038D034F80910E35B03F007020A4491B2E2
:10C64000520716BF21F0070141F2F63241F2F632ED
:10C6500041F2E43018BF083101272754A15241F2BA
:10C66000E73241F2F231A25C23F0070363524AB190
:10C6700041F2F83341F2F432E05A6389A15A1B1AAD
:10C680005B1AA352D5F80080214AD8F800707B6C61
:10C6900093423FF459AC4FF6FF71404698472C68DF
:10C6A000276859E434F80820238934F80A1034F84C
:10C6B000090024F80A009B1A5B1AE25B24F80820A0
:10C6C0009BB2E353B8E7E15B628934F8090034F8C0
:10C6D0000830E353521A121A24F8082034F80A10CA
:10C6E00024F80A00A8E7238934F807E034F8091091
:10C6F000628934F808C034F80A00A3EB0E03A2EBF9
:10C700000C025B1A121A9BB224F80820E35393E739
:10C7100079820200000000002DE9F04F2DED028B20
:10C72000ADB0FCF7F1FEDFF8C4B2DFF8C4A20990A7
:10C73000002800F0ED83DBF8005041F2E4320023E2
:10C7400041F2F231AB5441F2F6326B50C823AB5296
:10C750002E686A8941F2F833EA52736C924A934226
:10C7600040F03D8441F28832FF2105F15C002EF05B
:10C77000FDFC2C4641F2E53241F2EC3100236B52D4
:10C78000AB54736C884ADFED898A934240F016827D
:10C7900041F28832FF2104F15C002EF0E7FC736C5B
:10C7A000814A934240F0168204F15C0041F28832E3
:10C7B000FF212EF0DBFC7E4A7E49D2E902320DA831
:10C7C000CB5C009214217C4A2FF0A2FB7B480DA980
:10C7D000FCF7A4FEDBF80000DAF800300268502114
:10C7E0004FF6FF74CDE90014183B156C1BB22022E4
:10C7F0000C21A847724B7349D3E900670AA825F0BA
:10C8000091F900220023304639462EF089F920B1F3
:10C810006D4B1B68002B00F35F826C49DBF8000056
:10C8200009F048FFDBF800002E220C2109F034FF4C
:10C83000DBF80000002109F033FF6549DBF8000058
:10C8400024F0C8FADBF80000DAF8003002680E21A4
:10C850004FF6FF74CDE90014183B146C1BB24A224A
:10C860000C21A047584C5B4A23681E2117A82FF0C3
:10C870004FFB5422DBF80000102109F00DFFDBF81C
:10C880000000002109F00CFF17A9DBF8000024F0DC
:10C89000A1FA514B21681A685048A2F1680380FB45
:10C8A000034000294FEAE373C3EB600940F32E8392
:10C8B000732A40F3BE806127CDF82090484E0025B2
:10C8C0001FACB94665E056F80C8C96F82420DBF8CE
:10C8D000000007920C214FF6FF72D0F800C0DAF882
:10C8E0000030CDE90012183BA9F10902DCF84070D4
:10C8F0001BB212B2B8473B4A4346322120462FF0C2
:10C9000007FBB5EEC08AF1EE10FAB4EEE88A40F308
:10C910006082F1EE10FA00F1538218EE100A2DF049
:10C9200021FE1FA3D3E900232DF074FE2E4ACDE98A
:10C93000000112A814212FF0EBFA20462FF07BFB08
:10C9400012A9C0F1310220462FF07DFB079B002B7E
:10C9500040F027820FFA89F2DBF80000102109F07D
:10C960009BFEDBF80000002109F09AFEDBF80000D6
:10C97000214624F02FFA144B1B680135AB4239DDF8
:10C9800009F10C031FFA83F9089BAB4206F140063C
:10C990004FDD337896ED0B8A002B94D0B04694E7A8
:10C9A000FCA9F1D24D62503F7982020000007A4426
:10C9B000B060002094600020CC07060068F80500F5
:10C9C000186000206C680020F8870020080A060024
:10C9D0000C0906001809060054600020ABAAAA2A18
:10C9E00004860020F8F905002C090600C078002014
:10C9F00068600020DDF82090A9451ADD05EB4504AC
:10CA0000A4005834A4B24FF6FF770C26DBF80000E0
:10CA1000DAF800300268CDE90067183BD2F84080B0
:10CA20001BB222B20C210135C0470C34A945A4B277
:10CA3000ECD1FCF7CDFD0AA825F0F6F841F2EE3670
:10CA4000DBF8004034F806C0BCF1010F00F0D480E0
:10CA500041F2F03341F2EC35E15A675F41F2E433E1
:10CA6000B8B2E25C10FB01F39BB2002A5ED00CF17D
:10CA7000FF3212B2974241F2F43841F2F837B8BFB0
:10CA8000C91834F80890ACBFB4F80AE01FFA81FE68
:10CA9000E15BCE4449448AB21FFA8EFE72454B4494
:10CAA0009BB228BF724693421ED241F2E531D21AA0
:10CAB000605C41F2F23E11B2002840F0F58134F999
:10CAC0000E200290CDE9030041F2F63C019134F9C9
:10CAD0000C10009104F120001BB204F15C010AF07B
:10CAE00019FD34F806C0605B013000B20FFA8CFC0F
:10CAF0006045605373D141F2E5360022A35D625375
:10CB0000002B00F0E881099BDBF80000002B00F00F
:10CB1000B6802030002107900BF04AFC07980AF0FD
:10CB2000ABFA2DB0BDEC028BBDE8F08F41F2E537DA
:10CB300014F807E0BEF1000F40F0B480CDE903EE39
:10CB4000CDF808E06289D21A92B2914228BF11460C
:10CB500009B24FF0C80C04F15C0804F12000019107
:10CB600072461BB24146CDF800C007900AF0ECFCBB
:10CB70000798635BA25F01331BB29A42635340F094
:10CB80008780E15D00236353002940F076810BF03C
:10CB90000FFC236801225B6CE255BB4A93427CD1B7
:10CBA000404641F28832FF212EF0E0FADBF80040E7
:10CBB000B54A2668736C93423FF4EAAD20464FF6BF
:10CBC000FF719847DBF80040AF4A2668736C9342C8
:10CBD0003FF4EAAD20464FF6FF719847EBE5236836
:10CBE000A94A5B6C934258D104F15C0041F288324F
:10CBF000FF212EF0BBFAD9E741F2E433E55C002DCA
:10CC000000F0FB8041F2F43941F2F238002534F9AA
:10CC1000093034F908200295CDE9035541F2F8377F
:10CC200041F2F636E15F0191A15F009104F15C0AE7
:10CC300004F12000514607900AF06CFC34F907C05B
:10CC4000A35F34F9092034F908100798CDF800C023
:10CC50000BF022FB34F9093034F908200295CDE9B4
:10CC60000355E15F0191A15F0798009151460AF0D9
:10CC70006BFC099BDBF80000002B7FF44AAF01211D
:10CC800020300BF095FB2DB0BDEC028BBDE8F08F92
:10CC900023687D4A5B6C934282D020464FF6FF7139
:10CCA000984783E7CDE9032202926089C01A80B2D7
:10CCB000814228BF014609B24FF0C80C04F15C085C
:10CCC00004F1200001911BB24146CDF800C007904D
:10CCD0000AF03AFC07984CE76C49DBF8000009F0D1
:10CCE000E9FCDBF80000DAF80030026812210025C8
:10CCF000CDE90015183B1BB2D2F840800C2124224C
:10CD0000C0473022DBF80000102109F0C5FC2146A5
:10CD1000DBF8000009F0C4FC12A80AA924F002FF05
:10CD2000149B122B1FAC00F28F8014221299204604
:10CD30002FF0AEF92146DBF8000024F04BF8DBF8C9
:10CD40000000DAF80030026812214FF6FF74CDE9D6
:10CD50000014183B1BB2146C0C213A22A047462247
:10CD6000DBF80000102109F097FCDBF8000000213F
:10CD700009F096FC464B0022304639462DF0BCFEA9
:10CD800060B3CDE90067434A14210DA82FF0C0F825
:10CD9000DBF800000DA924F01DF812A824F044FFD0
:10CDA00050E53D4A0C2112A82FF0B2F820462FF092
:10CDB00042F912A9C0F1310220462FF044F9C9E529
:10CDC00018EE100A2DF0CEFB344ACDE9000112A86E
:10CDD000B0E5F1EE10FAFFF6B9AD9EE528A3D3E970
:10CDE0000023304639462DF015FC2D4ACDE90001CF
:10CDF00014210DA82FF08CF8CAE7CDE90355029550
:10CE0000B4F90A30019304F15C06C82704F120004C
:10CE10002B462A463146009707900AF095FB079863
:10CE200029460BF0C5FACDE903550295B4F90A304D
:10CE30000798CDE9007331462B462A460AF084FB59
:10CE400007980AF019F95EE62A461123204612A92E
:10CE500025F038F8214617A824F064FE114917A8D8
:10CE600024F0AAFF014612A824F0E6FE17A824F039
:10CE7000DBFE204624F0D8FE57E70AF0FDF842E634
:10CE8000FCA9F1D24D62503F79820200080A0600E7
:10CE900000408F40FC080600340906002409060003
:10CEA0000409060098290600002034F90E2002909B
:10CEB000CDE9030041F2F63C019134F90C100091E8
:10CEC00004F120001BB204F15C010AF03DFB34F8D0
:10CED00006C0605B08E641F2F63341F2F231E05FF2
:10CEE00034F90820E35E615E009004F120000BF04D
:10CEF000D3F9236801225B6CA255534A93423FF455
:10CF000073AE20464FF6FF7198474FE6002573E554
:10CF1000DBF80040BAF8008041F2F235204609F013
:10CF2000DBFB099B6353204609F0DAFB80B20C2837
:10CF300041F2F43628BF0C20A053204609F0CCFB68
:10CF4000635BC01A80B2404541F2F63728BF4046C5
:10CF5000E053204609F0C4FBA35BC01A80B2B82896
:10CF600041F2F83828BFB82024F80800204609F01C
:10CF70009FFB022857D0032848D0012838D0E15B16
:10CF8000635B03F007020A4491B2520716BF21F017
:10CF9000070141F2F63241F2F63241F2E43018BFB5
:10CFA000083101252554A15241F2E73241F2F23114
:10CFB000A25C23F0070363524AB141F2F83341F215
:10CFC000F432E05A6389A15A1B1A5B1AA352DBF8A8
:10CFD00000501D4A2E68736C93423FF4C3AB4FF66A
:10CFE000FF7128469847DBF800402668FFF7C2BB70
:10CFF000A25B238934F80810E05B24F808009B1A30
:10D000005B1A625BA2539BB26353BAE7615B6289AE
:10D01000E05BA35B6353521A121AA25334F8081050
:10D0200024F80800ADE7238934F805C0E15B628984
:10D03000A75B34F80800A3EB0C03D21B5B1A121A8F
:10D040009BB2A25363539CE7798202000000000068
:10D050002DE9F04F2DED048BABB0FCF755FAC24D26
:10D060000890002800F01483D5F80080BF4FD8F84E
:10D07000006041F2E432002341F2F23108F802305C
:10D0800041F2F63248F80130C82128F8021041F286
:10D09000F833B8F80A2028F80320736CBB4240F03C
:10D0A000618341F28832FF2108F15C002EF05EF8C6
:10D0B000444641F2EC3141F2E532002328F80130D8
:10D0C000079308F80230736CDFF8C892BB429FEDFB
:10D0D000A29B9FEDA38B40F0A38141F28832FF21F8
:10D0E00004F15C002EF042F8736CBB4240F0A28168
:10D0F00004F15C0041F28832FF212EF037F89C4B9E
:10D100005E7D002E40F09F81994B9C7D002C00F0AD
:10D110002782984B93E807000FAB03C3B0461A80F1
:10D120004FF6FF74944AD9F80830D9F80000D35C60
:10D13000099307F027FC099B904A009014210AA844
:10D140002EF0E6FE8E480AA9FCF7E8F92868522678
:10D150000368CDE9006430221C6C0C21B023A04789
:10D160002868079A0368019200963022DC6C0C2133
:10D17000B023A0478349286809F09CFA5022286808
:10D18000122109F089FA2868414609F089FA2868CD
:10D190000FA923F01FFE764B5B7D002B00F0EA8188
:10D1A0002424464621B216342868009606236A22B3
:10D1B000A4B208F035FF662CF4D173492868734C8B
:10D1C00009F078FA962228680C2109F065FA002106
:10D1D000286809F065FA684AD9F80830D9F80000DB
:10D1E000D35C099307F0CEFB099B644A0090202191
:10D1F00015A82EF08DFE15A9286823F0EBFD2868F0
:10D20000A6220C2109F048FA2068002800F0A3812A
:10D2100003685B6E9847206810EE104A002800F003
:10D22000D98203689B6E984710EE100A2DF09AF988
:10D23000824620468B462DF095F9CDE90201544AED
:10D240003221CDE900AB1DA82EF062FE1DA9286891
:10D2500023F0C0FD41F2EE38FCF7BAF92C6834F83F
:10D2600008C0BCF1010F00F02A8141F2F03341F215
:10D27000EC3634F803E034F906A041F2E4331FFA47
:10D280008AF0E15C10FB0EF39BB2002900F0848071
:10D290000CF1FF3212B2924541F2F43B41F2F83AFE
:10D2A00034F80B20A8BFB4F80AE034F80A10BCBF69
:10D2B0009E441FFA8EFE964411441FFA8EFE1344BC
:10D2C0008AB272459BB228BF724693421ED241F287
:10D2D000E531D21A605C002840F0998141F2F23EBB
:10D2E00011B234F90E200290CDE9030041F2F63C70
:10D2F000019134F90C10009104F120001BB204F1EB
:10D300005C010AF007F934F808C0A05B013000B2F4
:10D310000FFA8CFC6045A05340F09F8041F2E53845
:10D32000079BA35314F80830002B00F08C81089B56
:10D330002868002B00F006812030002107900BF0B8
:10D3400037F8079809F098FE2BB0BDEC048BBDE8C8
:10D35000F08F00BFAFF300800000000000C05FC08E
:10D360000000000000000000C07800207982020068
:10D37000C878002044090600946000209408060044
:10D3800070F80500140A0600080A06000488002048
:10D390005C090600B060002041F2E53B14F80B2068
:10D3A000002A6FD1CDE9032202926189C91A89B29C
:10D3B0008E4528BF8E460FFA8EF14FF0C80C04F14F
:10D3C0005C0A04F1200001911BB25146CDF800C067
:10D3D00009900AF0B9F80998A35B34F908200133E1
:10D3E0001BB29A42A35344D114F80B10079BA353CA
:10D3F000002940F025810AF0DBFF23685B6C0122E5
:10D40000BB4204F80B2038D1504641F28832FF214C
:10D410002DF0ACFE2C682668736CBB423FF45DAE09
:10D4200020464FF6FF7198472C682668736CBB4204
:10D430003FF45EAE20464FF6FF719847904B5E7DFD
:10D44000002E3FF461AE8F4B93E803000FAB83E8EF
:10D4500003004FF6FF78002464E623685B6CBB4250
:10D460000BD104F15C0041F28832FF212DF07EFEE9
:10D47000D0E723685B6CBB42C6D020464FF6FF71F5
:10D480009847C7E7CDE9031102916289D21A92B297
:10D49000964528BF96460FFA8EFE4FF0C80C04F151
:10D4A0005C0A04F120000A46CDF804E01BB25146A4
:10D4B000CDF800C009900AF047F809988CE741F2CE
:10D4C000E433E65C002E79D041F2F43A41F2F239CD
:10D4D000002634F90A3034F909200296CDE90366B2
:10D4E00041F2F83841F2F63734F908100191E15F62
:10D4F000009104F15C0B04F12000594607900AF0FA
:10D5000009F834F908C0E35F34F90A2034F9091046
:10D510000798CDF800C00AF0BFFE34F90A3034F99C
:10D5200009200296CDE9036634F908100191E15F04
:10D530000798009159460AF007F8089B2868002BC5
:10D540007FF4FAAE012120300AF032FF2BB0BDEC9F
:10D55000048BBDE8F08F51EC190B5BEC18AB6CE65B
:10D56000494B93E807000FAB03C3A0461A804FF660
:10D57000FF74D7E5424B9B7D002B3FF41EAE434E1C
:10D580000FCE1DAC0FC496E80F001CAE84E80F0050
:10D59000182456F8042F286811B203680091CDF8BA
:10D5A000048021B2C2F16A020734D3F840A012B25B
:10D5B0000423A4B2D047502CEBD1FEE5CDE903669D
:10D5C0000296B4F90A30019304F15C074FF0C808E1
:10D5D00004F12000334632463946CDF800800790EA
:10D5E00009F0B2FF079831460AF0E2FECDE9036682
:10D5F0000296B4F90A300798CDE9008339463346DC
:10D60000324609F0A1FF079809F036FD8FE641F296
:10D61000F23C11B234F90C20019107990291CDE945
:10D62000031141F2F6301BB2215E009104F120009B
:10D6300004F15C0109F088FF34F808C0A05B65E6DE
:10D6400009F01AFD73E641F2F63341F2F23134F992
:10D650000A0034F90B20E35E615E009004F12000C3
:10D660000AF01AFE23685B6C0122BB4204F8082012
:10D670003FF4F7AE20464FF6FF719847CAE600BF69
:10D68000C87800203C09060050090600E809060099
:10D690002C68544B41F2F2362046B3F8009009F062
:10D6A0001BF8089BA353204609F01AF880B20C28F7
:10D6B00041F2F43728BF0C20E053204609F00CF863
:10D6C000A35BC01A80B2484541F2F63828BF4846ED
:10D6D00024F80800204609F003F8E35BC01A80B282
:10D6E000B82841F2F83928BFB82024F809002046AC
:10D6F00008F0DEFF022859D0032849D0012838D08D
:10D7000034F80810A35B03F007020A4491B25207F1
:10D7100016BF21F0070141F2F63241F2F63241F232
:10D72000E43018BF083101262654A15241F2E732F5
:10D7300041F2F231A25C23F0070363524AB141F295
:10D74000F83341F2F432E05A6389A15A1B1A5B1A8A
:10D75000A352D5F80080244FD8F80060736CBB4208
:10D760003FF49FAC4FF6FF71404698472C682668FF
:10D770009FE4E25B238934F8091034F8080024F8A8
:10D7800009009B1A5B1AA25BE2539BB2A353BAE750
:10D79000A15B628934F80800E35BA353521A121AA2
:10D7A000E25334F8091024F80900ACE7238934F86F
:10D7B00006E034F80810628934F807C034F809002C
:10D7C000A3EB0E03A2EB0C025B1A121A9BB2E253FC
:10D7D000A35398E710EE100A2CF0C4FE5BEC18ABD4
:10D7E0002BE500BF68600020798202002DE9F04F30
:10D7F0009FB0FBF789FEBF4BBF4D079008930028F1
:10D8000000F07E822E68BD4FD6F8009041F2E432DF
:10D81000002341F2F231B35441F2F6327350C8237F
:10D82000B35241F2F8337289F252D9F84430BB4214
:10D8300040F0CE8241F28832FF2106F15C002DF0EB
:10D8400095FC344641F2EC3141F2E532002373524B
:10D85000B3544E46DFF8C482736CBB4240F02D8156
:10D8600041F28832FF2104F15C002DF07FFC736CE3
:10D87000BB4240F02C8104F15C0041F28832FF2170
:10D880002DF074FC9E4A9F49D2E902320AA8CB5C73
:10D89000009214219C4A2EF03BFB9C480AA9FBF7FE
:10D8A0003DFE2868089B02681B6850214FF6FF74F4
:10D8B000CDE90014183B1BB2146C0C212022A047A8
:10D8C000D8E94401CDE900013C21914A0DEB01006A
:10D8D0002EF01EFB2E222868102108F0DDFE8D4957
:10D8E000286808F0E7FE2868002108F0D9FE0FA993
:10D8F000286823F06FFAD8E94601CDE900013C2100
:10D90000854A0DEB01002EF003FB2868422210210E
:10D9100008F0C2FE28680FA923F05CFA98F83D31A0
:10D92000002B40F05E81D8ED487AF5EEC07AF1EE3A
:10D9300010FA00F34081FBF74BFE41F2EE3A2C68FF
:10D9400034F80AC0BCF1010F00F0EA8041F2F03374
:10D9500041F2EC3634F803E034F9069041F2E43356
:10D960001FFA89F0E15C10FB0EF39BB200295DD039
:10D970000CF1FF3212B2914541F2F43B41F2F83919
:10D9800034F80B20A8BFB4F80AE034F80910BCBF83
:10D990009E441FFA8EFE964411441FFA8EFE1344D5
:10D9A0008AB272459BB228BF724693421ED241F2A0
:10D9B000E531D21A605C41F2F23E11B2002840F02B
:10D9C0006C8134F90E200290CDE9030041F2F63C5F
:10D9D000019134F90C10009104F120001BB204F104
:10D9E0005C0109F097FD34F80AC0A05B013000B279
:10D9F0000FFA8CFC6045A0536ED141F2E53A00224B
:10DA000014F80A30A253002B00F05E81079B2868AF
:10DA1000002B00F0C9802030002107900AF0C8FCDC
:10DA2000079809F029FB1FB0BDE8F08F41F2E53BF4
:10DA300014F80B20002A40F0E780CDE9032202927F
:10DA40006189C91A89B28E4528BF8E460FFA8EF1B8
:10DA50004FF0C80C04F15C0904F1200001911BB2E5
:10DA60004946CDF800C0099009F06EFD0998A35B06
:10DA700034F90A2001331BB29A42A35340F0BA8012
:10DA800014F80B100023A353002940F003810AF07F
:10DA90008FFC23685B6C0122BB4204F80B2040F032
:10DAA000AE80484641F28832FF212DF05FFB2C68A2
:10DAB0002668736CBB423FF4D3AE20464FF6FF712D
:10DAC00098472C682668736CBB423FF4D4AE20465E
:10DAD0004FF6FF719847D5E623685B6CBB4240F078
:10DAE0008E8004F15C0041F28832FF212DF03EFB74
:10DAF000DDE700BF68600020C07800207982020066
:10DB0000B060002094600020CC07060074F8050087
:10DB100074090600080A060080090600C87800207B
:10DB200041F2E433E65C002E00F08B8041F2F43ADF
:10DB300041F2F239002634F90A3034F9092002960C
:10DB4000CDE9036641F2F83841F2F63734F90810AE
:10DB50000191E15F009104F15C0B04F12000594652
:10DB6000089009F0D7FC34F908C0E35F34F90A20C3
:10DB700034F909100898CDF800C00AF08DFB34F98B
:10DB80000A3034F909200296CDE9036634F9081009
:10DB90000191E15F08980091594609F0D5FC079B77
:10DBA0002868002B7FF437AF012120300AF000FCF9
:10DBB0001FB0BDE8F08F17EE900A2CF0D3FCCDE932
:10DBC00000013C219F4A0DEB01002EF0A1F92868CD
:10DBD0005622102108F060FD28680FA923F0FAF8FA
:10DBE000A9E63C21D8F84031974A0DEB01002EF010
:10DBF0008FF9ECE723685B6CBB423FF452AF2046E1
:10DC00004FF6FF71984752E7CDE9031102916289FF
:10DC1000D21A92B2964528BF96460FFA8EFE4FF062
:10DC2000C80C04F15C0904F120000A46CDF804E0B8
:10DC30001BB24946CDF800C0099009F085FC09984F
:10DC400015E7CDE903660296B4F90A30019304F1B1
:10DC50005C074FF0C80804F12000334632463946CD
:10DC6000CDF80080089009F06FFC089831460AF062
:10DC70009FFBCDE903660296B4F90A300898CDE916
:10DC8000008339463346324609F05EFC089809F0B5
:10DC9000F3F9BBE609F0F0F9B8E6002034F90E20FC
:10DCA0000290CDE9030041F2F63C019134F90C10E9
:10DCB000009104F120001BB204F15C0109F044FC66
:10DCC00034F80AC0A05B91E641F2F63341F2F2313A
:10DCD00034F9090034F90B20E35E615E009004F131
:10DCE00020000AF0D9FA23685B6C0122BB4204F8D9
:10DCF0000A203FF4F6AE20464FF6FF719847D6E66D
:10DD00002C68B3F8009041F2F236204608F0E4FCAB
:10DD1000079BA353204608F0E3FC80B20C2841F295
:10DD2000F43728BF0C20E053204608F0D5FCA35B55
:10DD3000C01A80B2484541F2F63828BF484624F858
:10DD40000800204608F0CCFCE35BC01A80B2B8287B
:10DD500041F2F83928BFB82024F80900204608F01D
:10DD6000A7FC022859D0032849D0012838D034F81C
:10DD70000810A35B03F0070241F2E4300A440126D5
:10DD800091B22654560717BF21F0070141F2F6322F
:10DD900041F2F6320831A15241F2E73241F2F2315A
:10DDA000A25C23F0070363524AB141F2F83341F217
:10DDB000F432E05A6389A15A1B1A5B1AA3522E68E7
:10DDC000224FD6F80090D9F84430BB423FF432AD30
:10DDD0004FF6FF71304698472C68D4F8009031E533
:10DDE000E25B238934F8091034F8080024F80900AC
:10DDF0009B1A5B1AA25BE2539BB2A353BAE7A15BE7
:10DE0000628934F80800E35BA353521A121AE253F2
:10DE100034F8091024F80900ACE7238934F806E047
:10DE200034F80810628934F807C034F80900A3EB0D
:10DE30000E03A2EB0C025B1A121A9BB2E253A3531D
:10DE400098E700BF9C0906008C0906007982020051
:10DE50002DE9F04F9BB0FBF757FBBA4BBA4D07903B
:10DE60000893002800F06C822E68B84FD6F8008026
:10DE700041F2E432002341F2F231B35441F2F6327E
:10DE80007350C823B35241F2F8337289F252D8F872
:10DE90004430BB4240F0BC8241F28832FF2106F19F
:10DEA0005C002DF063F9344641F2EC3141F2E53289
:10DEB00000237352B3544646DFF8B8B2736CBB42CA
:10DEC00040F0248141F28832FF2104F15C002DF002
:10DED0004DF9736CBB4240F0238104F15C0041F2C8
:10DEE0008832FF212DF042F9DBE9023298490BA874
:10DEF000CB5C00921421974A2EF00AF896480BA9A1
:10DF0000FBF70CFB2868089B02681B6850214FF642
:10DF1000FF74CDE90014183B146C1BB220220C21B5
:10DF2000A0478E4B1A6A012A00F082818C4B8D49E2
:10DF3000022A08BF0B468C4A282110A82DF0E8FFC2
:10DF40002E222868102108F0A7FB8849286808F0CD
:10DF5000B1FB2868002108F0A3FB286810A922F073
:10DF600039FF7E4B5B6A002B40F35081804A2821A9
:10DF700010A82DF0CDFF28681021422208F08CFB5C
:10DF8000286810A922F026FFFBF722FB41F2EE39A8
:10DF90002C6834F809C0BCF1010F00F0ED8041F2AB
:10DFA000F03341F2EC3634F803E034F9068041F204
:10DFB000E4331FFA88F0E15C10FB0EF39BB20029FA
:10DFC0005DD00CF1FF3212B2904541F2F43A41F2C9
:10DFD000F83834F80A20A8BFB4F80AE034F808107A
:10DFE000BCBF9E441FFA8EFE964411441FFA8EFE5B
:10DFF00013448AB272459BB228BF724693421ED226
:10E0000041F2E531D21A605C41F2F23E11B20028D1
:10E0100040F0638134F90E200290CDE9030041F213
:10E02000F63C019134F90C10009104F120001BB270
:10E0300004F15C0109F06EFA34F809C0A05B01300C
:10E0400000B20FFA8CFC6045A0536ED141F2E53965
:10E05000002214F80930A253002B00F05581079BD1
:10E060002868002B00F0CB802030002107900AF0B8
:10E070009FF9079809F000F81BB0BDE8F08F41F256
:10E08000E53A14F80A20002A40F0DE80CDE90322A8
:10E0900002926189C91A89B28E4528BF8E460FFA4D
:10E0A0008EF14FF0C80C04F15C0804F120000191DE
:10E0B0001BB24146CDF800C0099009F045FA099815
:10E0C000A35B34F9092001331BB29A42A35340F0F9
:10E0D000B18014F80A100023A353002940F0FA80FD
:10E0E0000AF066F923685B6C0122BB4204F80A203F
:10E0F00040F0A580404641F28832FF212DF036F8ED
:10E100002C682668736CBB423FF4DCAE20464FF6A9
:10E11000FF7198472C682668736CBB423FF4DDAEF4
:10E1200020464FF6FF719847DEE623685B6CBB42E2
:10E1300040F0858004F15C0041F28832FF212DF02F
:10E1400015F8DDE768600020C078002079820200C1
:10E1500094600020CC07060050F80500C878002025
:10E16000B0090600B8090600C4090600080A06003E
:10E17000D0090600B060002041F2E433E65C002ED6
:10E180007FD041F2F43A41F2F239002634F90A30F4
:10E1900034F909200296CDE9036641F2F83841F2DC
:10E1A000F63734F908100191E15F009104F15C0B3E
:10E1B00004F120005946089009F0ACF934F908C080
:10E1C000E35F34F90A2034F909100898CDF800C04B
:10E1D0000AF062F834F90A3034F909200296CDE9E0
:10E1E000036634F908100191E15F089800915946DF
:10E1F00009F0AAF9079B2868002B7FF435AF0121AD
:10E2000020300AF0D5F81BB0BDE8F08F28689D4992
:10E2100008F050FA286842220C2108F03DFA2868DC
:10E22000002108F03DFA9849286822F0D3FDABE6BA
:10E23000964B80E623685B6CBB423FF45BAF2046A5
:10E240004FF6FF7198475BE7CDE9031102916289B0
:10E25000D21A92B2964528BF96460FFA8EFE4FF01C
:10E26000C80C04F15C0804F120000A46CDF804E073
:10E270001BB24146CDF800C0099009F065F9099834
:10E280001EE7CDE903660296B4F90A30019304F162
:10E290005C074FF0C80804F1200033463246394687
:10E2A000CDF80080089009F04FF9089831460AF03F
:10E2B0007FF8CDE903660296B4F90A300898CDE9F3
:10E2C000008339463346324609F03EF9089808F093
:10E2D000D3FEC4E608F0D0FEC1E6002034F90E20DB
:10E2E0000290CDE9030041F2F63C019134F90C10A3
:10E2F000009104F120001BB204F15C0109F024F943
:10E3000034F809C0A05B9AE641F2F63341F2F231EB
:10E3100034F9080034F90A20E35E615E009004F1EC
:10E32000200009F0B9FF23685B6C0122BB4204F8AE
:10E3300009203FF4FFAE20464FF6FF719847DFE615
:10E340002C68B3F8009041F2F236204608F0C4F988
:10E35000079BA353204608F0C3F980B20C2841F272
:10E36000F43728BF0C20E053204608F0B5F9A35B32
:10E37000C01A80B2484541F2F63828BF484624F812
:10E380000800204608F0ACF9E35BC01A80B2B82858
:10E3900041F2F83928BFB82024F80900204608F0D7
:10E3A00087F9022859D0032849D0012838D034F8F9
:10E3B0000810A35B03F0070241F2E4300A4401268F
:10E3C00091B22654560717BF21F0070141F2F632E9
:10E3D00041F2F6320831A15241F2E73241F2F23114
:10E3E000A25C23F0070363524AB141F2F83341F2D1
:10E3F000F432E05A6389A15A1B1A5B1AA3522E68A1
:10E40000234FD6F80080D8F84430BB423FF444ADE7
:10E410004FF6FF71304698472C68D4F8008043E5EA
:10E42000E25B238934F8091034F8080024F8090065
:10E430009B1A5B1AA25BE2539BB2A353BAE7A15BA0
:10E44000628934F80800E35BA353521A121AE253AC
:10E4500034F8091024F80900ACE7238934F806E001
:10E4600034F80810628934F807C034F80900A3EBC7
:10E470000E03A2EB0C025B1A121A9BB2E253A353D7
:10E4800098E700BF080A0600DC090600A809060094
:10E490007982020038B52848284D4FF4165106F00D
:10E4A000CDFC0A2023F050FD01E014F0B3FA284619
:10E4B00014F08AFA04462846002CF6D1214624207E
:10E4C00027F088F90121222027F084F90121222058
:10E4D00027F004FA0A2023F037FD0121252027F038
:10E4E00079F90121252027F0F9F90A2023F02CFDE4
:10E4F0002146252027F0F2F90A2023F025FD0121ED
:10E50000252027F0EBF90E4B0C4C0122D8201A7075
:10E5100026F000F9054609F0B3FF0A4B1D6001E043
:10E5200014F078FA204614F04FFA03462046002BE8
:10E53000F6D1012038BD00BF48C30020ACD0002078
:10E54000547A0020147A00202DE9F04F014C024D3E
:10E5500095B00AE0147A002048C30020266806F02F
:10E5600061FBC1B230460AF00FFB284606F000FC02
:10E570000346002B2846F1DC2368D3F8C830092B6A
:10E5800040F2CA81C24D2B68002B00F3B081C14E0E
:10E590003368042B0DDD236893F849204AB193F8C2
:10E5A000393033B1242027F0B7F90128054600F0AF
:10E5B000E881B94D23F0BCFC2B68C01A41F28833C6
:10E5C000984240F29181276897F879308BB1002307
:10E5D00087F87930D7F88000DFF808832BF0B0FF98
:10E5E000A5A3D3E900232CF015F82CF00BFBC8F8F9
:10E5F000000097F88930002B00F08A80D7F890301F
:10E6000032684FF000099A4287F889907CD0FAF777
:10E610006FFFA24BA24AD3F80080A24BB2F800A031
:10E620001F88404608F058F8404608F059F8404620
:10E6300008F052F81FFA80FBD345404628BFD34666
:10E6400008F04EF81FFA80FABA45404628BFBA468D
:10E6500008F02EF8022800F0E881032800F0DC81A1
:10E66000012800F0CE814F46524641F2E73318F8B8
:10E670000330002B40F080810FFA8AF34FF0000A3C
:10E68000CDE907AA3FB20FFA8BF241F2F0310397BE
:10E6900004920593CDF80890CDF818A04FF0C80C5F
:10E6A0000C9308F15C0B38F901300B9208F1200053
:10E6B000CDF800C0019359463B464A460D9009F0FB
:10E6C00085FA0C9B0D9800933A460B9B494609F03E
:10E6D000E3FD0B9A0C9BCDF818A0CDE90372CDE9B0
:10E6E00007AA41F2F0310593CDF8089038F90130CE
:10E6F0000193C82300930D983B4659464A4609F0BA
:10E70000E9FB2768D7F890303360002387F8893019
:10E7100097F839308BB197F83830002B00F006812C
:10E7200023F006FC7B6C2768C01A5F4A5F4B1060C1
:10E73000FA6B1A60002387F8393097F849308BB1AB
:10E7400097F84830002B00F0F48023F0F1FB7B6D4C
:10E750002768C01A564A574B1060FA6C1A6000239B
:10E7600087F8493097F85930EBB1002387F85930D2
:10E77000386E514E2BF0E4FE41A3D3E900238046CE
:10E7800089462BF047FF2CF03DFA84463EA3D3E99F
:10E790000023C6F800C0404649462BF03BFF2CF052
:10E7A00031FA464B186097F8693073B1002387F847
:10E7B0006930386F424E2BF0C3FE2FA3D3E90023FC
:10E7C0002BF028FF2CF01EFA306097F899304BB1EF
:10E7D000D7ED287A3B4AF8EEE77A0023C2ED007ABB
:10E7E00087F899307B78002B3FD03B78002B00F0E6
:10E7F000A780D7F890200023032A87F8893040F2B9
:10E800009B8097F8982032B1D7F8A02087F89930EC
:10E81000642A40F316812C4B2C492D4803221A7090
:10E8200022F0D8FA23682A48D3F8A010002283F8EF
:10E8300099200A2222F0A0FC2649254822F0E2FB7A
:10E8400020680AF0D9FA244B206883ED000B0AF007
:10E85000FBFA2468214A237882ED000B002B40F05C
:10E86000CB804FF0FF301E4B1860FAF743FE23F0C9
:10E870005FFB286038E000BF7B14AE47E17A843F3D
:10E8800066A54929E8F6923F3CF443475712753F85
:10E89000107A0020487A0020607A0020C07800209A
:10E8A0006860002054600020207A0020247A002034
:10E8B000587A00205C7A00204C7A0020507A0020A0
:10E8C0001C7A0020287A0020547A0020E81A0600DA
:10E8D000ACD0002008F90500307A0020407A0020F2
:10E8E000387A0020187A002015B0BDE8F08F7349FF
:10E8F0007348744E22F040FA296871480A2222F0C7
:10E9000007FD71496E4822F07DFB00232B603368C0
:10E91000042B7FF74EAE3EE66C4A6D491368022029
:10E9200001331360087015B0BDE8F08F4FF0FF3071
:10E93000FBE64FF0FF300DE7654B03221A7094E7BA
:10E94000634B64495E4803221A7022F05BFB624904
:10E950000EA823F0CDF80EA911A823F0E3F85F4923
:10E9600011A823F029FAF9F76DF811A823F05CF942
:10E970000EA823F059F978E7B8F80A70BF1ABFB2A9
:10E980007AE6206848300AF0B7FA814620684830B5
:10E990000AF0BEFA8246206848300AF0D1FA0746EB
:10E9A000206838300AF078FA8046206838300AF05B
:10E9B00083FA024620680C9238300AF091FA4849EE
:10E9C000034611A80B9307F04DFF9DF84A10B9427A
:10E9D0000BD0DDE90B32CDE901A74148CDF800901D
:10E9E000414607F091FE3F4B1D70394B1A78012AC2
:10E9F00004BF03221A70DCE523F09AFA636BC01A95
:10EA000031E7B8F808305A46A3EB0A034F46D3461D
:10EA10000FFA83F9924628E6B8F80A205B46A2EB83
:10EA20000B07BFB2D3469A461FE6B8F80A20B8F8DB
:10EA30000890A2EB0A07A9EB0B09BFB20FFA89F9FC
:10EA400013E623F075FA7B6BC01AB0F57A6F18D213
:10EA500020680AF0D1F9244B206883ED000B0AF0FE
:10EA6000F3F92468214A237882ED000B03B323F0E5
:10EA70005FFA636BC01A1E4A154B106004221A70AD
:10EA8000F3E6134B1B490E4803221A7022F0A2F939
:10EA9000246823787BB123F04BFA616B411A0A2278
:10EAA000074822F0B1FB1449054822F0ABFADCE636
:10EAB0004FF0FF30DFE74FF0FF31F0E7BC1A060000
:10EAC000ACD00020487A0020D01A0600107A00202E
:10EAD000547A0020181B0600B0FA0500301B06000F
:10EAE00058C50020F6C50020307A0020407A00206A
:10EAF000387A0020001B060008F90500014B0122AE
:10EB00001A707047307C002038B5054CA4F5E075CC
:10EB1000204623F089F8AC42A4F14004F8D138BD76
:10EB2000B887002070B5194E306803681B6B10EE73
:10EB3000105A9847044618BB154B01201D60FAF780
:10EB4000DBFC1449144822F017F928462BF00AFD83
:10EB500041EC100B0221104822F06EF90F490E48CB
:10EB600022F00AF921460A220B4822F027FB3068DE
:10EB70000B4A036800211B6911709847204670BD3D
:10EB80000849054822F0F8F8DFE700BF04880020B4
:10EB90006C7B0020481B0600ACD000207C1B0600CC
:10EBA00044C300205C1B06002DE9F0438BB00146F6
:10EBB00004230022059007A823F084F907A823F076
:10EBC000AFF9074607A823F02FF80599062304227A
:10EBD00007A823F077F907A823F0A2F9804607A831
:10EBE00023F022F805990823062207A823F06AF9E2
:10EBF00007A823F095F9814607A823F015F8059991
:10EC00000A23082207A823F05DF907A823F088F952
:10EC1000044607A823F008F805990C230A2207A840
:10EC200023F050F907A823F07BF9054607A822F046
:10EC3000FBFF05990E230C2207A823F043F907A830
:10EC400023F06EF90646F6B207A8EDB2E4B222F060
:10EC5000EBFFCDE90156064800945FFA89F35FFAAD
:10EC600088F2B9B207F050FD0BB0BDE8F08300BFE9
:10EC700058C5002008B523F05BF9044A044B12681C
:10EC8000801A98428CBF0020012008BD107C002013
:10EC90002F6F01002DE9F04786B000F164010546B1
:10ECA00003A822F03FFF059B2BB903A822F0BCFF6D
:10ECB00006B0BDE8F087F9F7F5F9014603A823F09F
:10ECC000C7F804460028F0D1604E614F23F030F9B8
:10ECD0003368002B8046C8BFB94603DC7DE033684B
:10ECE000A34242DD484603A923F096F84FEA841A6E
:10ECF00009F1400901340028F1D0D5E9142307EBCC
:10ED00000A04C4E90823D5E91623C4E90A230AF151
:10ED10000C0095F8603084F8303005F1700138440B
:10ED2000102201912DF0B4F90023237795F870306B
:10ED30000199002B40F08580464B1B785744042BEB
:10ED4000C7F83480B1D1444A444B92ED001B93ED97
:10ED5000000B95ED163B95ED142B09F079FF51EC66
:10ED6000100B2BF04FFFB8639FE7072B35DD013BFE
:10ED7000DFF8DCA033600446D1460AF1400A514670
:10ED8000484622F059FF4B46D9F8782053F84CCF2B
:10ED900058689968D3F80CE0C9F818E0C9F8100071
:10EDA000C9F81410C9F80CC01B7C89F81C3099ED07
:10EDB000187BD9E91A013368C9F83820013499F869
:10EDC000702089F83020A342D9F87420C9F8342083
:10EDD00089ED087BC9E90A01CEDC07EB83195A1CCF
:10EDE0009C0103A94846326022F026FF05F1700617
:10EDF00004F10C003844314610222DF049F900236B
:10EE000089F81C3095F87030B3B9D5E9142327443C
:10EE1000C7E90823D5E91623C7E90A230D4B95F85E
:10EE200060101B7887F830100022042BC7F834805C
:10EE3000BA637FF43AAF86E703983146F9F726FACA
:10EE4000E3E70398F9F722FA76E700BFF887002096
:10EE5000F8850020547A0020407A0020307A002083
:10EE600070B51D4B1D4D93ED007AD5ED007A1C4E0B
:10EE70001C4CD6ED006A37EE677AC7EE267AFDEEB7
:10EE8000E77A17EE900AB0F1805F34BFC0004FF010
:10EE9000FF30C4ED007A25F03FFC2168124B0029B9
:10EEA000186017DD04300023D6ED006A95ED007A76
:10EEB00002461C4607EE903AF8EEE77AB0EE476A53
:10EEC000A7EEA66A083202ED036A00F83340013368
:10EED0008B42EFD170BD00BF746000207C600020C9
:10EEE000806000202C7C0020707B0020002944DD05
:10EEF0004B1E062B70B4064641D921F0030505448C
:10EF00000346002253F8044BAB4282EA0402F9D1D3
:10EF1000C2F30723C2F307405340434083EA12621F
:10EF2000D0B28A0721F0030325D0F45C5A1C914229
:10EF300080EA04001FDDB25C50409A1C9142C0B2CE
:10EF400019DDB45CDA1C914280EA040013DDB45C84
:10EF50001A1D914280EA04000DDDB45C5A1D9142F5
:10EF600080EA040007DDB25C0633994280EA0200C1
:10EF700001DDF35C584070BC7047002070470023EF
:10EF80001846D2E7002966D000232DE9F0479146C4
:10EF90000E4680461A46411E02E09AB2964224D995
:10EFA00011F8010F7E2803F10103F6D1013294B26A
:10EFB0002B49484622F088FE631C9E4215DD371F10
:10EFC00018F804207E2A13D0A6420CD99DB2013D28
:10EFD000454400E0631C9CB2A6423AD015F8013FBC
:10EFE0007E2BF7D1631CB342EADB0020BDE8F0873B
:10EFF00018F803207E2AF8D0A21CB24299B204DA93
:10F0000018F80120532A0B4601D00C46EAE7434486
:10F010005B78442BF9D1E31C9BB29E421DD93C1B6B
:10F0200008EB03025D1E12FA84FA45441C4605E013
:10F0300022F074FE0134AA45A4B204D015F8011FD1
:10F040007E294846F4D1D9F808300E2BCAD10120C8
:10F05000CCE7731CC7E7002070471C46F3E700BFEE
:10F0600008F905002DE9F043C56C8FB00446002D6A
:10F0700000F09C800E2D02D00FB0BDE8F08300F1AF
:10F08000440841460A23082205A822F01BFF05A8D0
:10F0900022F046FF41460C230A22064608A822F029
:10F0A00011FF08A822F03CFF0BAF84462B464146D7
:10F0B0000C223846654622F005FF384622F030FF24
:10F0C0008146384622F0B0FD08A822F0ADFD05A823
:10F0D00022F0AAFD7B4908A807F0C4FB7A4B1B78F5
:10F0E000002B77D09DF825209DF824409DF8261010
:10F0F000C5EB0513C2EB02124FF461659B00920051
:10F1000005FB063305FB04220A4403EB0904A41A99
:10F1100084EAE473A3EBE473052B67DC621CC0F2A2
:10F12000AA80002CA8D0012CA8BF0124654938462C
:10F1300007F098FB9DF831309DF830209DF83200A3
:10F14000C3EB03139B004FF4616101FB02330344E3
:10F150001C44631C00F092805C4B9C4240F39780FF
:10F160005B4D5C4BA4F5A834A4F5C074A3FB042349
:10F17000A5FB04204009DA0A01FB1242C0EB001093
:10F18000A5FB0212A4EB8004C3F3C723C2F347120A
:10F19000E4B2CDE9012400939DF82E209DF82F3094
:10F1A000BDF82C10474807F0AFFA65E70BAF4A49A6
:10F1B000384622F09DFCA18DA06A3A46FFF7E2FE98
:10F1C00010B10D9B0E2B0DD0384622F02DFD0FB047
:10F1D000BDE8F083E36C0E2B7FF44EAF4046FFF7A3
:10F1E000E3FC49E73846FFF7DFFCEDE735493846F1
:10F1F00007F038FB9DF831209DF830309DF8321033
:10F20000C2EB02129200032C05FB0323A8BF0324C8
:10F210000B446FF002029442ACBF1C199C18002CE6
:10F2200030DB2A4B9C42C4BFA4F5A834A4F5C074BB
:10F23000274E28499DF82F309DF82E20A6FB040567
:10F24000A1FB0401C90A6D094FF46160C5EB051506
:10F2500000FB1140A4EB8504A6FB0050E4B2C0F310
:10F260004710C9B2CDE9010400911648BDF82C1031
:10F2700007F04AFA00E74FF0FF3457E73B242246F5
:10F28000172386E704F5A83404F5C074D0E7104DC1
:10F29000104B83FB042385FB04022244E017234424
:10F2A000C0EBE323C0EB6210C0EB001001FB134284
:10F2B000A5FB0212A4EB8004DBB2C2F34712E4B256
:10F2C00067E700BF58C50020F6C500207F51010048
:10F2D00089888888C5B3A29108F905004A1E002ACA
:10F2E0006BDD02390629F0B46FD922F0030505441D
:10F2F0000346002153F8044BAB4281EA0401F9D1E3
:10F30000C1F30723C1F307444B40634083EA116311
:10F310009407DBB222F0030125D0455C4C1CA242CD
:10F3200083EA05031FDD045D63408C1CA242DBB24F
:10F3300019DD055DCC1CA24283EA050313DD055DE2
:10F340000C1DA24283EA05030DDD055D4C1DA242A2
:10F3500083EA050307DD045D06318A4283EA04037C
:10F3600001DD415C4B40815C994221D119491A4B26
:10F370000C681D68043400230327022606E0C15CE4
:10F3800009B904F83360013393420FD09D420DDD7B
:10F3900014F833100029F2D00129F4D1C15C0029FE
:10F3A000F1D104F8337001339342EFD1F0BC7047D0
:10F3B000F0BC0A490A4821F025BE084410F8013C77
:10F3C00033B10649064821F01DBE00231946A4E7C3
:10F3D000704700BF707B00202C7C0020B41B06000F
:10F3E000ACD000202DE9F04F7B4FD7F800A00AF1F8
:10F3F000FF35002DC5B06BDD784CD4F80C21D4F866
:10F4000084309A42A14604F1880604F5CC780ED2E5
:10F410008822494622A82BF081FE882231466F4877
:10F420002BF07CFE22A9882230462BF077FE012D9E
:10F430004ED0D4F89421D4F80C319A420FD28822BD
:10F44000314622A82BF06AFE65498822A1F1880086
:10F450002BF064FE624822A988222BF05FFE022D69
:10F460002CD0D4F89421D4F81C329A420ED95C499D
:10F47000882222A82BF052FE8822414658482BF0C1
:10F480004DFE22A9882240462BF048FE032D15D0C0
:10F49000D4F81C22D4F8A4329A420FD988224146CB
:10F4A00022A82BF03BFE4F498822A1F188002BF0C7
:10F4B00035FE4C4822A988222BF030FED4F80C21CE
:10F4C000D4F884309A4205F1FF35A1D3012DB0D193
:10F4D000BAF1000F7ADD414CDFF81091424EDFF8AF
:10F4E0001081002505E0684602F0E8FF3B68AB426A
:10F4F0006CDD684602F0ACFFB4F880202146684617
:10F5000002F0FCFF013588340028ECD04946304633
:10F5100021F032FC0A220C99304621F095FED8F8F1
:10F5200000300C9A01339A42DDD1694622A822F0BC
:10F53000F9FA03A925A822F0F5FABDF81830ADF8BC
:10F54000A03007A929A822F0EDFADDE90C320A99CA
:10F55000BDF82CE09DF82EC02C9130A80EA9ADF876
:10F56000B4E08DF8B6C0CDE92E3222F0DBFA11A955
:10F5700033A822F0D7FADDE91623DDE914AB9DF8B4
:10F5800060108DF8E8103BA819A9CDE93823CDE922
:10F5900036AB22F0C7FA0DF1700EBEE80F000DF188
:10F5A000F80CACE80F00DEF800308CF8003022A830
:10F5B000F6F7A6FF22A802F081FF0C9BC8F80030E6
:10F5C000684602F07BFF3B68AB4292DC00233B6065
:10F5D00045B0BDE8F08F00BFB08A00200888002049
:10F5E00018890020288A0020ACD00020001C0600CA
:10F5F000147C0020054BD3ED007AF4EE407AF1EE56
:10F6000010FA01D0FFF78EBA002070476C7B002003
:10F6100010B58CB00446104906A807F023F99DF8F0
:10F620001E309DF81C109DF81B209DF81D000493B2
:10F630009DF81A300390CDE901210093074ABDF8E7
:10F64000183008A80F212CF063FC08A9204622F0EE
:10F650004FFA20460CB010BD58C500201C1C0600F7
:10F6600030B52DED028B83B0B0B1FDEEC07A6423CE
:10F67000009317EE900A00236FF013026FF08101E0
:10F6800022F028FA6428A8BF64200128B8BF01200E
:10F6900003B0BDEC028B30BDFDEEC07A28230546D9
:10F6A00000936FF0130203466FF0810117EE900A8A
:10F6B000B0EE608A22F00EFAFDEEC87A3C220446D3
:10F6C000009217EE900A2B460A226FF0130122F0E7
:10F6D00001FA2044D6E700BF0D4B00B51868036857
:10F6E0008FB05B68984730B90A490B4821F0D4FBCA
:10F6F0000FB05DF804FB0346084A322101A82CF044
:10F7000007FC01A8F9F7DAFE0FB05DF804FB00BFB3
:10F7100004880020381C0600ACD000205C1C0600C9
:10F72000144A154B92ED007AD3ED007A134B144A2C
:10F73000D3ED006A1168134B134A37EE677A70B540
:10F74000C7EE267A114C124E116004F50075FDEEDD
:10F75000E77AC3ED007A20463146403422F0C8F9FA
:10F76000AC42F8D1BDE870400A4A0B4900202BF0AA
:10F7700029BC00BF746000207C60002080600020F5
:10F78000706000202C7C00206C7B0020F88500201D
:10F7900008F905000060002009EB020000000000ED
:10F7A0002DE9F041A44CA54DA548A6492278002397
:10F7B00090B02B7003700B70002A00F008810121BB
:10F7C000182026F007F80121182026F087F80021DC
:10F7D000142025F0FFFF0121192025F0FBFF002157
:10F7E000112025F0F7FF0A2022F0AEFB142024F0B0
:10F7F00091FF1623172204469349944F0093132335
:10F8000005F04EFC20463C6005F07CFC01211820F0
:10F8100026F064F8012022F097FB8D4B0D934820D1
:10F820004FF48073ADF8383024F074FF0DAE044609
:10F8300096E803003F68874D02AB112283E803007E
:10F8400019231821019720460092142209F0A8FDDF
:10F850004FF4DC7024F05EFF214607460BF008F8F9
:10F860007D4B2F6093ED000A9FED7C1ADFED7C0A43
:10F87000082300244FF00A08CDE901343846CDF8BA
:10F8800000801223072209210BF002F80746002806
:10F8900069D174497448754F734C21F0FDFA74496D
:10F8A0000AA822F025F90AA9304622F03BF971494D
:10F8B000304622F081FAF8F7C5F8304622F0B4F964
:10F8C0000AA822F0B1F928686B490CF075FB397B66
:10F8D00028680CF05BFC052022F036FB01E013F0F9
:10F8E00099F8204613F070F803462046002BF6D115
:10F8F000386A5D4C2AF024FE4DA3D3E900232AF098
:10F9000089FE2BF07FF900EE100A28680CF070FBDE
:10F91000052022F019FB01E013F07CF8204613F0DB
:10F9200053F803462046002BF6D197F82410286898
:10F930000CF080FC2868036818215B6D98472868E4
:10F94000036814219B6C98479FED4C0A28680CF0C3
:10F950002FFD286803681B699847B0FA80F04009BA
:10F9600010B0BDE8F08146493F4821F005FA424613
:10F9700039463D4821F022FC3D4904A822F0B8F860
:10F9800004A9304622F0CEF83E490AA822F0B0F889
:10F990004246394607A822F0DFF807A90AA822F054
:10F9A000DFF90146304622F0DBF9F8F74BF807A8FB
:10F9B00022F03AF90AA822F037F9304622F034F959
:10F9C00004A822F031F9204610B0BDE8F0812E4B9A
:10F9D00003F596611A601A725A720C339942F9D182
:10F9E0002A4B2B4D00210020C3E90001C3E902018D
:10F9F000C3E90401C3E90601C3E90801C3E90A0137
:10FA0000C3E90C01C3E90E01224B2A6001222270D6
:10FA100003F56151002283F88C20C3F888209033CD
:10FA20008B42F8D11C49104821F036FAC7E600BFD6
:10FA3000FCA9F1D24D62503F287C0020747B00204D
:10FA400044C30020307C002000F0024038C3002076
:10FA500000093D000488002070600020CDCCCC3F20
:10FA60000000FA42401D0600ACD00020B06000202B
:10FA7000B0FA0500641D0600FDEA02000000F04235
:10FA8000F81C0600281D0600347C0020B88A0020DF
:10FA9000187C0020F88A0020981C06002DE9F04F01
:10FAA000DFF84CB39BF80030C3B080460E46002B05
:10FAB00040F0478115461AB9B84B1D6801351D60E5
:10FAC0000322414607A82CF0E3FA4FF00003B449A3
:10FAD0008DF81F300AA806F0C5FE9DF82C109DF881
:10FAE0002B209DF82A309DF82D409DF82E00049083
:10FAF000CDE90032CDE90214BDF82830A94A0F2122
:10FB00001AA82CF005FA1AA90DA821F0F1FF0D9BF7
:10FB1000A54A0093A0212B461AA82CF0F9F9033E20
:10FB20008146B6B2C24606EB09070DA8BFB222F065
:10FB30007BF898F802203AF8033B8DF86A20802F72
:10FB4000ADF8683000F2A580984B95491A889B78EB
:10FB5000ADF86B2008A88DF86D3006F083FE9DF897
:10FB600026409DF825009DF824109DF823209DF83F
:10FB700022300093CDE90304CDE90121BDF8203006
:10FB8000884A0F210DA82CF0C3F90DA90AA821F06D
:10FB9000AFFF0A9B844A00939D212B460DF16B0019
:10FBA0002CF0B6F90AA822F03FF81AAB324613FA45
:10FBB00089F051462BF0B2FA42AB3B444FF00002C1
:10FBC0001AAC03F8A02C802FB846794E7948DFF89C
:10FBD00024A2DFF8249228BF4FF080084246214635
:10FBE0002BF09CFA3068744B02687449A3F80080CB
:10FBF0000D60D26E39469047714902467148CAF885
:10FC0000002021F0B9F8DAF800106E480A2221F03D
:10FC10004DFB21466B4821F0F5F9D9F800206A4BDD
:10FC200002EBC20203EB021A2146424650462BF079
:10FC300075FACAF88450AAF8808022F079F9D9F8C8
:10FC40000020624D3168CAF888005F4E501C85FB69
:10FC500000C5C31702EBC20206EB0212C3EB651329
:10FC60000E68642505FB1303012582F88C50C9F842
:10FC700000300846F66900233A462146B0478BF823
:10FC800000500546002847D1802F3FD843B0BDE83B
:10FC9000F08F781C24F040FDB8F8002098F802306E
:10FCA0000280044683703E4908A806F0DBFD9DF8FB
:10FCB00026C09DF825009DF824109DF823209DF86E
:10FCC00022300093CDE9030CCDE90121BDF82030AD
:10FCD000344A0F210DA82CF01BF90DA90AA821F018
:10FCE00007FF0A9B304A0093B91E2B46E01C2CF0FC
:10FCF0000FF90AA821F098FF3246514614FA89F00C
:10FD00002BF00CFA4FF00003E3555CE7204624F09B
:10FD100007FD43B0BDE8F08F2D492A4821F02CF8AB
:10FD200029460A22274821F049FA2A4A2B4632213D
:10FD30000DA82CF0EDF80DA8F9F7C0FBFFF730FD8A
:10FD4000A2E7254D25491F4821F0A6F82B68244934
:10FD500024485A1C81FB0241D417C4EBA10404EBD4
:10FD600084040168A2EB44048C4212D01E49802E08
:10FD700003EB831328BF802601EB4303184641465B
:10FD800032462BF0CBF92C60A0F8806043B0BDE880
:10FD9000F08F16490B4821F07FF877E7247C00208C
:10FDA00058C500201C1C06009C1D0600AC1D06004A
:10FDB00004880020647A00200C7C0020087C00204D
:10FDC000B01D0600ACD00020F88A00201F85EB5142
:10FDD000C41D0600E81D060000880020741D0600F2
:10FDE00067666666FC870020E4800020741C0600BD
:10FDF00044C3002040C30020687B00202DE9F0436D
:10FE000089B0F8F77BFC2B4B1B78042B044623D0DE
:10FE1000F7F7EAFC237805469BB9F8F743F9264A39
:10FE200000950346802125482CF072F823482CF0D9
:10FE300002F981B22148002209B0BDE8F043FFF782
:10FE40002DBEF8F72FF9CDE9004503461C4A1B48A3
:10FE500080212CF05DF8E9E7F7F7C6FC237805462A
:10FE6000A3B1F8F71FF91749174A0695D1E9008998
:10FE7000D2E900670346CDE90489CDE90267134A58
:10FE8000009480210D482CF043F8CFE7F8F70AF9E9
:10FE90000C490D4A0495D1E90067D2E900450346B3
:10FEA000CDE90267CDE90045094A044880212CF0DC
:10FEB0002FF8BBE7547A0020481E0600E47A0020A1
:10FEC000381E0600407A0020307A0020041E06000A
:10FED000201E0600F0B5584A584BA9B0166800AF6E
:10FEE000002E7B6006F1070323F00703ADEB030D43
:10FEF00040F38E80524B751E1C6869466D440DF1AF
:10FF0000FF302379013B18BF012300F8013FA842CD
:10FF100004F10804F5D1F51C3246F81D2BF0FEF86B
:10FF2000002DCCBFAC464FF0010C072D07F10400AB
:10FF30007DDD2CF0030404440346002153F8042B18
:10FF40009C4281EA0201F9D1C1F30723C1F30742C0
:10FF50004B40534083EA11631CF0030FDBB22CF0DB
:10FF6000030241D007F1A0041444511C14F89C4C26
:10FF7000A94283EA040337DA07F1A00421440232DC
:10FF800011F89C1CAA4283EA0103DBB22CDA07F1C8
:10FF9000A0041444511C14F89C4CA94283EA0403A5
:10FFA00022DA07F1A0042144941C11F89C1CAC42F5
:10FFB00083EA0103DBB217DA07F1A0010C44D11C7C
:10FFC00014F89C4CA94283EA04030DDA07F1A0045B
:10FFD0002144043211F89C1CAA4283EA010303DA8B
:10FFE000224412F89C2C534007F1A0021544311D05
:10FFF00089B2002205F89C3CFFF750FD114B00220E
:020000023000CC
:100000001A7021F095FF104BA4371860BD46F0BD63
:1000100032466946F81DF51C2BF080F8002D4FF094
:100020000003D8BF381DDFDD1A46381D9AE739793D
:100030007B7902224B40AAE72C7C00204D415000E6
:10004000707B00201C7C0020847B00202DE9F04385
:10005000704D2B6898428FB0064600F08580AB68E3
:100060009E4200F08C802B699E4200F09380AB6929
:100070009E4200F09A802B6A9E4200F0A180AB6AFB
:100080009E4200F0A8802B6B9E4200F0AF80AB6BCD
:10009000B34200F0B680002455F83430E700002B5E
:1000A0005BD021F045FF05EBC4035B68C01AB0F5D7
:1000B000FA5F52D80134082CEED1DFF87481564F24
:1000C00000254446A94608E0D4F88430B34226D03F
:1000D0000135642D04F1900411D094F88C30002B7C
:1000E000F6D021F025FFD4F88830C01AB842EBD9F9
:1000F0000135642D84F88C9004F19004EDD14749CA
:10010000474820F0C9FE474A3346322101A82BF068
:10011000FFFE01A8F9F7D2F90FB0BDE8F08342491C
:100120003F4820F029FE0A2231463D4821F0BEF822
:100130003E4A3221334601A82BF0EAFE05EBC50505
:1001400001A8F9F7BBF908EB05103246B0F88010AA
:10015000FFF7A4FC0FB0BDE8F08345F8346021F050
:10016000E7FE3D446860A8E721F0E2FE6B68C01A34
:10017000B0F5FA5FEED3AB689E427FF474AF21F026
:10018000D7FEEB68C01AB0F5FA5FE3D32B699E4245
:100190007FF46DAF21F0CCFE6B69C01AB0F5FA5F49
:1001A000D8D3AB699E427FF466AF21F0C1FEEB6904
:1001B000C01AB0F5FA5FCDD32B6A9E427FF45FAFD1
:1001C00021F0B6FE6B6AC01AB0F5FA5FC2D3AB6A13
:1001D0009E427FF458AF21F0ABFEEB6AC01AB0F537
:1001E000FA5FB7D32B6B9E427FF451AF21F0A0FE94
:1001F0006B6BC01AB0F5FA5FACD3AB6BB3427FF454
:100200004AAF21F095FEEB6BC01AB0F5FA5FBFF470
:1002100042AF9FE7B88A0020C0D40100801E0600CC
:10022000ACD00020A81E0600541E0600741E060056
:10023000F88A002010B504462BF0FDFE002281B2A2
:100240002046BDE81040FFF729BC00BF5C4B1A7880
:10025000AAB1F0B55B4AA2F109068FB00446354653
:1002600006F2B94302E00C32934209D052F8091C5D
:10027000A142F8D111780029F5D10FB0F0BD704737
:10028000514F3B68A3425AD0BB689C4267D03B6940
:100290009C426CD0BB699C4259D03B6A9C4200F0A6
:1002A0008680BB6A9C4272D03B6B9C4277D0BB6B12
:1002B000A34264D0454F21F03BFE3B6840F6C31299
:1002C000C11A914233D9002305E06A7A0C352AB964
:1002D0000133642BD1D02A68002AF6D103EB430303
:1002E00006EB8305012246F823402A8121F020FEF7
:1002F00001462346364A696001A832212BF008FEE8
:1003000001A82BF098FE002281B201A8FFF7C6FBDE
:1003100021F00EFE2F4903462F483B6020F02CFDB4
:1003200021460A222C4820F0C1FF0FB0F0BD002B5F
:10033000C9D003F6C413181A21F006FEC3E721F052
:10034000F7FD7B68C01AB0F5FA5F9DD295E721F002
:10035000EFFDFB69C01AB0F5FA5F9ED28DE721F080
:10036000E7FDFB68C01AB0F5FA5F90D285E721F08F
:10037000DFFD7B69C01AB0F5FA5F8BD27DE721F013
:10038000D7FDFB6BC01AB0F5FA5F93D275E721F089
:10039000CFFDFB6AC01AB0F5FA5F85D26DE721F098
:1003A000C7FD7B6BC01AB0F5FA5F80D265E721F01C
:1003B000BFFD7B6AC01AB0F5FA5FBFF472AF5CE7AD
:1003C000287C00203D7C0020B88A0020187C00207A
:1003D000D81E0600E01E0600ACD000202DE9F04F2C
:1003E0003A4E036B346891B0002C50D01746E2436C
:1003F000D2184CD0642A05465ED80134A342884600
:1004000028D9DFF8E0B0DFF8E0A0314EDFF8DC906B
:100410002046FFF71BFF5146304620F0ADFC0A2274
:100420002146304620F042FF23464A46322103A8A7
:100430002BF06EFD03A8F9F741F821F079FDDBF808
:10044000003040F6C312C11A914225D92B6B0134FA
:10045000A342DDD81F4E3468042C27DC1E4D0193C7
:1004600004EB0412802F05EBC20528BF802741460C
:1004700028463A462AF052FE019BA5F880700134C6
:100480000020C5F88430346011B0BDE8F08F3360CF
:10049000012011B0BDE8F08F03F6C413181A21F043
:1004A00053FD2B6B01349C42B2D3D3E70B49084870
:1004B00020F0F2FC0020ECE70949054820F0ECFCB4
:1004C0002B6B3360012011B0BDE8F08F147C00204D
:1004D000ACD00020B08A002008880020D41B060081
:1004E000001F0600187C00203C1F0600641F060049
:1004F0002DE9F04F8FB0824621F01AFD404C414F5C
:1005000004F59668064619E03F49384620F034FC69
:100510000A222168384620F083FE3C49384620F004
:10052000BBFC3B4B226819688A4288BF1A600122D3
:100530000023627223600C3444454DD02368002BA5
:10054000F9D0657A002DF6D1534548D0237A6168F9
:100550005A1E4FF47A6B0BFA02F2711A9142EAD3E7
:1005600001335FFA83F9B9F1040F84F80890CBD80E
:100570002849384620F000FC21680A22384620F03D
:100580004FFE2549384620F0F7FB217A0A223846EB
:1005900020F052FE2149384620F0EEFB09F1FF31F0
:1005A0000A220BFA01F1384620F02EFE1C4938468B
:1005B00020F072FC23681B4A6660322101A82BF0F0
:1005C000A7FC01A82BF037FD0C3481B22A4601A804
:1005D000FFF764FA4445B1D10FB0BDE8F08F0123B5
:1005E00011496372384620F0C7FB51460A2238464B
:1005F00020F016FE0D49384620F04EFC9BE700BF68
:10060000347C0020ACD00020901F0600AC1F0600F8
:10061000147C0020C01F0600E01F0600EC1F06002F
:10062000F81F0600D81E0600C01C0600701F06003A
:100630002DE9F04FB04D2DED028B2B78ADF5117DEE
:10064000002B56D0AD4CAE4E277800232B70002FD8
:1006500000F0E1803068237003681B6A9847074602
:10066000002800F00F81A749A74820F085FB0A2247
:10067000A548394620F0A2FDA44B1A78002A00F0C4
:100680000A81A34AA349D2ED007A91ED000AB4EEA3
:10069000670A0022F1EE10FA1A7001D0FEF742FA52
:1006A0009D4E3388002B40F0B6819C4A9C491368CC
:1006B000096800268B4226701BD09A489A4F5C1C12
:1006C00003EB831380FB041007EB4307E117C1EB37
:1006D000A001B7F880808C4801EB8101A4EB4104B4
:1006E0009249146020F0D8FB324641463846FFF765
:1006F000D5F98F4C8F4F904E96F82830002B6AD04A
:100700002378002B40F03E81DFF870928B4950A88F
:1007100006F0A8F89DF845119DF844819DF846C162
:10072000874AD9F80030C1EB011189004FF46160AC
:1007300000FB08188348844900680968E044A2FB6C
:1007400008C2DFF83CC2120C0CFB12820029B2FB7B
:10075000F3F282EA0003B3FBF1F201FB123240F341
:10076000C5807A4B01EB020CD3F800E002E0624551
:1007700000F0BC8092FBF1F301FB13230EEBC303EB
:10078000013218790028F2D193ED000A604BD3EDC5
:10079000007AF4EE407AF1EE10FA0BD0574B1B784A
:1007A0001BB92B78002B40F02F81FEF7BBF9684B6B
:1007B000C3F8008096F828306BB1664B1B7853B1B4
:1007C00021F0B6FB644A654B12681B68801A984298
:1007D00001D3FFF77FFB3B7843B92378002B3ED052
:1007E0000DF5117DBDEC028BBDE8F08F5C4D2B68E3
:1007F000002BF2D05B4E21F09BFB3368C01A40F215
:10080000DB539842E9D93B78002B40F0F98021F086
:100810008FFB3060E1E73068036839461B6E98470C
:100820008246306803685B6F9847800738D4404C35
:10083000404F364B1A78002A3FF45DAF344A3549B1
:10084000D2ED007A91ED000AB4EE670A0022F1EED3
:1008500010FA1A703FF44FAFFEF764F94BE7424DC0
:1008600021F066FB2B684BF29772C31A9342044641
:10087000B6D9FFF7C3FA2C600DF5117DBDEC028BE4
:10088000BDE8F08F3949204820F0BCFB1F4B1A7897
:10089000002A7FF4F6AE306803681B69984704E7C6
:1008A0003946FF2250A82AF061FC306803681FFA1D
:1008B0008AF95B6A4A4650A9984733681A688046A5
:1008C000126918469047B8F1000F00F0B38018F194
:1008D000060FACD026490C48154C164F20F04CFAA8
:1008E00041460A22084820F069FCA2E7214906484F
:1008F00020F0D2FA204B47E7307C002044C3002090
:100900000488002024200600ACD00020747B002046
:100910006C7B0020787B00200C7C0020FC87002072
:100920000088002067666666E4800020B81E060026
:1009300078600020287C0020B060002058C500208E
:1009400007452EC2DC6000202C7C0020707B00203C
:10095000807B00201C7C0020847B0020207C0020E9
:10096000147C0020647B00207C7B00200420060097
:10097000E8200600801B0600706000206C600020EC
:1009800080510100A649DFF8EC922EA805F06AFF1D
:100990009DF8BD209DF8BC309DF8BE10C2EB021240
:1009A00092004FF4616000FB0323D9F800200B4450
:1009B0009A421BD8B3FBF2F39B0717D1994B93F8DC
:1009C0000080B8F1000F11D12B787BB1F7F76AFBEB
:1009D000954A0346502150A82BF09AFA50A82BF0C4
:1009E0002AFB424681B250A8FFF758F896F8283003
:1009F000002B3FF4F0AE2378002B7FF4DEAE85E6CB
:100A00002868FFF775FD02E7884A894B82ED000AE6
:100A100001221A70CBE64FF47A7021F095FA8549DD
:100A2000854820F039FA854B31881A688448FFF7E9
:100A300035F83AE650AB0CA803F8098001F008FD40
:100A40004A4650A90CA8CA4601F058FD28B97D4C69
:100A50007D4F0CA801F032FDEBE67C49764820F092
:100A60008BF90CA9744820F087FA13A9724820F07A
:100A700083FA189970480A2220F0E6FB1F9C0E2C7E
:100A800000F0B182444609AF6549384605F0EAFEF8
:100A90007B793A79B979C3EB03139B004FF4616713
:100AA00007FB02330B44E41A84EAE473A3EBE47318
:100AB000052B00F3B481611CC0F2D882002C43D016
:100AC000012CA8BF01240DF1B80B5549584605F07B
:100AD000C9FE9BF805209BF804309BF80600C2EB8A
:100AE000021292004FF4616101FB032303441C4492
:100AF000621C00F0C282564B9C4240F3CE82554AA3
:100B00005548A4F5A834A4F5C074A2FB0432D30A56
:100B100001FB1343A0FB04714909C1EB0111A0FBC8
:100B20000303A4EB8104C2F3C720C3F34713E2B26B
:100B3000CDE9013200909BF803309BF80220BBF80E
:100B40000010374805F0E0FD44490CA821F080F979
:100B5000002800F05681424B3A4C1A78002121704F
:100B6000002A40F086821F9A01210E2A197000F097
:100B70008D820DF1B80B3B49584620F0B9FFBAF110
:100B8000000F33D000231A4650A902E09AB29245D2
:100B90002CD911F8010B7E2803F10103F6D10132A3
:100BA00097B27A1C91453B4620DD50A9C95C7E294D
:100BB00000F0D980BA4540F2D48050AB3A46D819FB
:100BC000B9B204E08A451FFA8EF740F2CA8010F8E5
:100BD00001CB1346BCF17E0F02F101020F4601F179
:100BE000010E91B2EED15A1C9145DEDC1E4912482D
:100BF00020F0C2F85946104820F0BEF91B490E48B3
:100C000020F04AF9584621F00FF8524650A90CA896
:100C1000FFF7E4FBDDF860A0154B0746002230E04B
:100C200058C5002044C30020FC1F0600787B00202C
:100C3000747B002038200600ACD00020087C002007
:100C4000887B002078600020287C0020642006003B
:100C50007F510100C5B3A29189888888742006005D
:100C6000F6C5002008F9050078200600902006004F
:100C70003D7C00206C6000200132642A03F10C03EB
:100C80001AD053F8091C8A45F6D119780029F3D1F6
:100C9000B54BB649B64802EB420203EB8202012390
:100CA000537220F069F85146B1480A2220F0B8FA90
:100CB000B049AF4820F0F0F8002F40F0F880AE4F78
:100CC000306803685B6E984730680368B0EE408A0E
:100CD0009B6E9847FDEEC87A282317EE900A009382
:100CE0006FF0130200236FF08101B0EE408A20F014
:100CF000F1FEFDEEC87A3C23064600930A2200234B
:100D000017EE900A6FF0130120F0E4FE9B4A9C4B13
:100D1000126893ED007A304431284EDD002A11DD4F
:100D2000984B1B6803E0904503F108030AD0D3ED0C
:100D3000007AB4EE677AF1EE10FA08F10108F2D108
:100D400000221A7190490CA821F082F800285FD186
:100D500021F0EEF88D4B186021F0EAF88C4B18600A
:100D600077E63B463FE750A9895C7E293FF43EAFDA
:100D700002337A1C994592B206DD442904D150A968
:100D8000CB5C492B00F0E380924540F28381501EFA
:100D900050AB184491B203E051451FFA8EF7E0D2F0
:100DA00010F801CF1346BCF17E0F02F101020F468D
:100DB00001F1010E91B2EFD115E7002A15DD714B5B
:100DC0001B6803E0904503F108030ED0D3ED007AD1
:100DD000B4EE677AF1EE10FA08F10108F2D11A794F
:100DE000022A0CBF032201221A716A4B012241F22E
:100DF00088314FF47A701A7020F05EFE664B1860EE
:100E0000A0E7664C2778002F00F01E81644CFCE6BA
:100E1000A9F104010DF24310FEF760FA98E70DF115
:100E2000B80B6049584605F01DFD9BF805309BF84E
:100E300004209BF80610C3EB03139B00032C07FB55
:100E40000232A8BF03240A446FF002039C42ACBFE5
:100E50001219D218002AC0F21481534B9A42C4BF0F
:100E6000A2F5A832A2F5C072504C51499BF803304C
:100E7000A4FB0270A1FB02714009C0EB0017C90A74
:100E80004FF4616000FB1120A4FB0040A2EB87023D
:100E9000D2B2C0F34710CDE90102C9B200919BF86C
:100EA0000220BBF800103F4805F02EFC4CE60CA9D0
:100EB0002EA820F037FE0FA931A820F033FEBDF890
:100EC0004830ADF8D03013A935A820F02BFEDDE96D
:100ED00018231699BDF85CC09DF85E7038913CA847
:100EE0001AA9ADF8E4C0CDE93A238DF8E67020F0F8
:100EF00019FE1DA93FA820F015FEDDE92223DDE93A
:100F000020AB9DF890108DF8181147A825A928AF9F
:100F1000CDE94423CDE942AB20F004FE0FCF0DF51F
:100F2000947CACE80F003B688CF800302EA8124F80
:100F3000F5F7E6FA2EA801F0C1FAFEF753FA3B786E
:100F4000002B3FF4BDAE1898FFF7D2FAB8E603378E
:100F5000BFB2BA457FF605AF7A1E50A98A183B4644
:100F600004921FFA87FE34E0347C0020C01C060087
:100F7000ACD00020D81C0600287C00202C7C00204F
:100F80006C7B0020707B0020E42006003CC3002026
:100F9000107C00201C7C0020207C0020F6C5002056
:100FA0007860002058C500207F510100898888881A
:100FB000C5B3A291002A3FF416AE059320F0AEFE11
:100FC000059B01331FFA83FE0137F245BFB27FF65E
:100FD000C8AE049911F8012F04917E2A5846114693
:100FE0007746E7D1FFE51DA906A80A23082220F0CD
:100FF00069FF06A820F094FF09AF1DA90C230A225F
:101000008346384620F05EFF384620F089FFC0EB6B
:1010100000104FEA800C23461DA90C222EA84FF485
:10102000616404FB0BCB20F04DFF2EA820F078FF6D
:1010300004462EA820F0F8FD384620F0F5FD06A85D
:101040005C4420F0F1FD1FE50CA8FEF70BF82378B7
:10105000194C002B3FF4D9AD2378002B3FF4D5ADCC
:101060001649174827701FF017FFCEE54FF0FF34E1
:1010700029E50CA8FDF7F6FF7BE53B221346172078
:1010800056E502F5A83202F5C072EDE61DA8FDF79F
:101090008BFD6EE513461746A5E53C2794FBF7F25A
:1010A00007FB124294FBF1F0D2B201FB1043C0B235
:1010B000B3FBF7F3DBB23BE578600020B420060019
:1010C000ACD00020BFF34F8F0549064BCA6802F42D
:1010D000E0621343CB60BFF34F8F00BFFDE700BF5B
:1010E00000ED00E00400FA0534DF704710B52E492A
:1010F0002E482F4C1FF086FF2E492C481FF06AFE09
:101100002D4B2A481968102220F09EF82B492748B9
:101110001FF060FE21682548102220F095F8236812
:10112000180410D4236859071AD1236813F0700FDC
:101130001ED123689A0522D423681B0426D4204B91
:1011400000221A7010BD1F4918481FF043FE1E4BA5
:1011500016481968102220F077F823685907E4D060
:101160001A4912481FF04EFF236813F0700FE0D0A9
:1011700017490E481FF046FF23689A05DCD515492C
:101180000A481FF03FFF23681B04D8D512490748BF
:101190001FF020FE0C4B05481968102220F054F86F
:1011A000074B00221A7010BD00210600ACD00020B1
:1011B0008CC300201C21060090C3002030210600B3
:1011C00084C300203C21060088C30020482106007B
:1011D00074210600A4210600C021060038B50B4B7F
:1011E0000B4A996A11600B4A996B116071460A4A61
:1011F0000A48116002680A4C4FF0FF3101320125A4
:10120000026025709962D962FFF75CFF00ED00E093
:101210008CC3002088C3002090C30020846000207D
:1012200084C3002070B52D4B1B788EB06BB92C4D4C
:10123000F5F76CFFF6F73CFC20F07AFE2B68C01A3D
:10124000B0F57A7F04D80EB070BDFFF74FFFEEE720
:10125000244E20F06DFE34782860012C1CD0022C26
:101260002ED03CB3204B214921480134E4B2A3FBEA
:10127000042303F0FE0202EB53020B6801338342A6
:1012800008BF0023A41A0B601A4A3470322101A847
:101290002AF03EFE0EB070BD2146212024F01EFB38
:1012A0000021232024F01AFB01210E2024F016FB3C
:1012B0003478D7E72146212024F010FB0121F0E704
:1012C0000121212024F00AFB0121232024F006FB28
:1012D00000210E2024F002FB3478C3E784C30020F1
:1012E0007CC3002094C30020ABAAAAAA80C300201C
:1012F000C0270900E021060010B5074C292220462E
:101300002821002303F06CFD2046044A0449BDE86F
:10131000104029F057BE00BF48C3002000600020E5
:10132000154E030030B596489649044683B01FF029
:1013300069FE954920461FF04DFD0A224FF4E13128
:1013400020461FF0E5FF914920461FF05BFE4FF459
:10135000E131204611F020FD01E011F05BFB204659
:1013600011F032FB03462046002BF6D10A2020F074
:10137000EBFD874982481FF045FE01A8FFF7B4FE48
:1013800084497F481FF026FD102201997C481FF0F8
:101390005BFF019BDA0700F1BE809D0700F1C3806F
:1013A0005C0700F1C880180700F1CD80D90600F174
:1013B000D2805A0600F1D7801B0600F1DC80704D08
:1013C00001E011F027FB284611F0FEFA04462846FA
:1013D000002CF6D10A2020F0B7FD6F4968481FF0B5
:1013E000F9FC0A220C2166481FF092FF6B49644801
:1013F0001FF008FE01210C2024F0ECF901210C2043
:1014000024F06CFA01212B2024F0E4F92046F8F7AF
:1014100069F863495A481FF0F5FD0121212024F0A5
:10142000D9F90121232024F0D5F901210E2024F03F
:10143000D1F92146082024F0CDF92146092024F0D5
:10144000C9F958494E481FF0DDFD02212A2024F039
:10145000C1F902210B2024F0BDF9534948481FF07F
:10146000B9FC0A24212024F057FAB0FA80F1490986
:10147000212024F033FA232024F04EFAB0FA80F130
:101480004909232024F02AFA0E2024F045FAB0FA64
:1014900080F149090E2024F021FA4FF4967020F0D3
:1014A00053FD013CDED10121212024F017FA012156
:1014B000232024F013FA01210E2024F00FFA3048E3
:1014C0003A4904461FF09EFD01E011F0A3FA2046C0
:1014D00011F07AFA03462046002BF6D10A2020F0BC
:1014E00033FD2748324904461FF08CFDF7F7E0F939
:1014F00001E011F08FFA204611F066FA034620460B
:10150000002BF6D10A2020F01FFD2A491C481FF0AD
:1015100079FD03B030BD284919481FF073FD019BC8
:101520009D077FF53DAF254915481FF06BFD019BD9
:101530005C077FF538AF224911481FF063FD019B1E
:1015400018077FF533AF1F490D481FF05BFD019B66
:10155000D9067FF52EAF1C4909481FF053FD019BAA
:101560005A067FF529AF194905481FF04BFD019B2D
:101570001B067FF524AF164901481FF043FD1EE707
:10158000ACD00020F0210600102206002C2206001C
:101590003422060054220600F02206000C23060026
:1015A0001C2306004823060078230600A423060017
:1015B000AC230600D023060060220600702206003D
:1015C0008422060094220600A0220600B022060013
:1015D000D02206002DE9F041B54DB6488CB04FF44D
:1015E000E13111F0D9FB2B68B3F15A3F40F063832E
:1015F000B04C01E011F00EFA204611F0E5F9034677
:101600002046002BF6D10A2020F09EFCA94C01E0D8
:1016100011F000FA204611F0D7F903462046002BBE
:10162000F6D1A549A348A54C1FF0D4FBC82020F053
:101630008BFCA3499F481FF0CDFBFFF773FE237877
:10164000002B40F035839B489E4905461FF094FBD4
:101650000A22AA2128461FF0B1FD01E011F0DAF9B3
:10166000284611F0B1F903462846002BF6D10A208E
:1016700020F06AFC8F4D01E011F0CCF9284611F002
:10168000A3F903462846002BF6D18F4989481FF05D
:10169000A1FB20F04DFC05466E468C4985481FF0A5
:1016A00099FB1022314683481FF0CEFD85498148C1
:1016B0001FF062FB0A22B8217E481FF07FFD84499B
:1016C00001220420F7F712FF2378002B40F0ED826F
:1016D0007C4978481FF050FB0A22BC2175481FF056
:1016E0006DFD20F025FC7B49064672481FF072FB19
:1016F000794901220520F7F7F9FE2378002B40F005
:10170000D18270496B481FF037FB0A22C421694817
:101710001FF054FDFDF7A4FB2378002B40F0BF829F
:101720006448684907461FF027FB0A22CA21384649
:101730001FF044FD694938461FF01EFB20F0F8FBFE
:101740000A22811B38461FF05FFD654938461FF0AD
:1017500059FC01E011F05EF9384611F035F9034605
:101760003846002BF6D10A2020F0EEFB514E01E066
:1017700011F050F9304611F027F903463046002B9E
:10178000F6D120F0D5FB574907464A481FF022FB07
:101790002378002B40F080824A4946481FF0ECFA3B
:1017A0000A22D82143481FF009FDFDF7F9FF2378ED
:1017B0000646002B40F06D823E48424980461FF0AD
:1017C000DBFA0A22DE2140461FF0F8FC434940467E
:1017D0001FF0D2FA20F0ACFB0A22C11B40461FF0DA
:1017E00013FD414940461FF0C7FA404B404940466F
:1017F000002E08BF19461FF005FC01E011F00AF9A0
:10180000404611F0E1F803464046002BF6D10A208D
:1018100020F09AFB274E01E011F0FCF8304611F061
:10182000D3F803463046002BF6D120F081FB314936
:10183000064620481FF0CEFA2378002B40F026827F
:1018400020491C481FF098FA0A22EE2119481FF07F
:10185000B5FC02F0D9FB2378002B40F01482154828
:10186000184907461FF088FA0A22F22138461FF06D
:10187000A5FC1A4938461FF07FFA20F059FB0A22CE
:10188000811B38461FF0C0FC154938461FF0BAFBD3
:1018900001E011F0BFF8384611F096F803463846DB
:1018A000002BF6D10A2020F04FFB024E26E000BFAD
:1018B00084600020ACD000205824060084C300209F
:1018C0007C240600A8240600B4240600D0240600C8
:1018D000E0240600EC2406001C2506003025060046
:1018E000D8090600382506005C250600F42306000A
:1018F000F02306006C25060011F08CF8304611F03C
:1019000063F803463046002BF6D120F011FB7249F4
:10191000074672481FF05EFA2378002B40F0B08132
:101920006F496E481FF028FA0A2240F201116B48F5
:101930001FF044FCFCF7AEFD23780646002B40F078
:101940009C816648664980461FF016FA0A2240F2DA
:10195000051140461FF032FC624940461FF00CFA68
:1019600020F0E6FA0A22C11B40461FF04DFC5E49FA
:1019700040461FF001FA5D4B5D494046002E08BF0E
:1019800019461FF03FFB01E011F044F8404611F00A
:101990001BF803464046002BF6D10A2020F0D4FA6B
:1019A0004E4E01E011F036F8304611F00DF80346C6
:1019B0003046002BF6D120F0BBFA4E490646474888
:1019C0001FF008FA2378002B40F054814449434823
:1019D0001FF0D2F90A2240F2151140481FF0EEFB29
:1019E000F5F7B4FE2378002B40F041813B483C4999
:1019F00007461FF0C1F90A2240F2191138461FF0BC
:101A0000DDFB384938461FF0B7F920F091FA0A2279
:101A1000811B38461FF0F8FB374938461FF0F2FAB1
:101A200001E010F0F7FF384610F0CEFF03463846CD
:101A3000002BF6D10A2020F087FA284E01E010F0A2
:101A4000E9FF304610F0C0FF03463046002BF6D1C8
:101A500020F06EFA2949064620481FF0BBF923788A
:101A6000002B40F001811E491C481FF085F90A2215
:101A70004FF4947119481FF0A1FBF6F727FB237868
:101A8000002B40F0EE801548154907461FF074F909
:101A90000A224FF4967138461FF090FB11493846E0
:101AA0001FF06AF920F044FA0A22811B38461FF021
:101AB000ABFB114938461FF0A5FA01E010F0AAFF70
:101AC000384610F081FF03463846002BF6D10A2035
:101AD00020F03AFA014E15E094250600ACD0002023
:101AE000A8240600302506005C250600F423060025
:101AF000F0230600B8250600D8090600E0250600F8
:101B000010F088FF304610F05FFF03463046002B90
:101B1000F6D18B498B481FF075FA8B4906A81FF048
:101B2000E7FF06A909A81FF0FDFF884909A820F0D2
:101B300043F9F5F787FF09A820F076F806A820F00A
:101B400073F883497F481FF017F920F0F1F90A2252
:101B5000411B7C481FF058FB7E497A481FF09CF9D6
:101B6000794968461FF0C4FF694609A81FF0DAFFEB
:101B7000794906A81FF0BCFF20F0DAF90A22411BC0
:101B800003A820F01DF803A906A820F0E9F8714980
:101B900020F012F9014609A820F0E2F8F5F752FF0B
:101BA00003A820F041F806A820F03EF809A820F08C
:101BB0003BF8684620F038F82378002B49D1F7F736
:101BC0008FFC2378002B41D164495E481FF0D4F884
:101BD0000A224FF4A2715B481FF0F0FAF7F79CFC61
:101BE0002378002B2FD15D4956481FF0C5F80A22F3
:101BF0004FF4A47153481FF0E1FA52481FF09CF9CA
:101C0000574950481FF0E6F856494E481FF0E2F891
:101C100055494C481FF0DEF84B4906A81FF068FFF5
:101C200006A909A81FF07EFF504909A820F0C4F8B2
:101C3000F5F708FF09A81FF0F7FF06A81FF0F4FF4B
:101C40000CB0BDE8F081FFF751FACCE7FFF74EFA90
:101C5000BAE7FFF74BFAF7F743FC2378002BB3D032
:101C6000F4E7FFF743FA0EE7FFF740FAFBE6FFF76A
:101C70003DFABBE6FFF73AFAA8E6FFF737FA60E667
:101C8000FFF734FA4CE6FFF731FAE8E5FFF72EFAF2
:101C9000D6E5FFF72BFA8FE5FFF728FA7CE5FFF78B
:101CA00025FA3DE5FFF722FA2BE5FFF71FFA0FE5CE
:101CB000FFF71CFAC7E42E4922482E4C1FF05CF8AF
:101CC0000A2229681F481FF0BFFA22682A4B9A424D
:101CD0007FF48EAC29491B481FF094F92849194814
:101CE0001FF04AF86168174810221FF0ADFA254925
:101CF00014481FF041F8A168124810221FF0A4FAFE
:101D0000214910481FF038F81022E1680D481FF0F3
:101D10009BFA1E490B481FF02FF81D4909481FF078
:101D200071F91C4907481FF027F8216A05480A2263
:101D30001FF08AFA184903481FF064F958E400BFFD
:101D400004260600ACD00020B0FA05002C260600C0
:101D500040260600D80906005C260600A8240600D6
:101D60006C260600A0260600D426060008270600DA
:101D7000FC230600C07F0020534152431424060078
:101D800038240600302106003C21060040240600CD
:101D9000D07F00204C240600500806002DE9F04FAB
:101DA0002DED028B8DB000AFB860002A00F0AC8042
:101DB000884615460B46002603E08EB2B54200F079
:101DC000A3801A787E2A1C4606F1010103F1010363
:101DD000F3D198F80030502B1FD198F80120542AE5
:101DE0001BD1032E00F04B8298F80020542A3FD1DB
:101DF00098F8011058293BD198F802104D2937D195
:101E0000042E35D9BC68B54920461FF05DFF98F80F
:101E10000330B34984F82E3011E0522BE4D198F806
:101E200001204E2AE0D1032EDED1BC68AD49204608
:101E30001FF04AFF98F80230AB4984F82E30AB48C7
:101E40001EF09AFF94F82E10A8481FF02BF9B54207
:101E500007D9DFF8C4A2DFF8949218F806307E2B79
:101E600058D001203437BD46BDEC028BBDE8F08F61
:101E70004D2A12D198F8011041290ED198F802107C
:101E800050290AD1032E15D19949B8681FF01CFFBB
:101E9000984996481FF000F8D9E7522A0AD198F8D5
:101EA0000120452A06D198F80220512A02D1032E9A
:101EB00000F0128298F80020422A00F08881502B0E
:101EC00013D198F80130B3F152040ED1022E0CD97F
:101ED000D7F80890884948461FF0F6FE874989F8E8
:101EE0002E4082481EF0D8FFB1E78549B8681FF040
:101EF000EBFE84497D481EF0CFFF00203437BD46FD
:101F0000BDEC028BBDE8F08F7F4978481EF0C4FF1E
:101F10000020F3E706F1010B08EB0B0118F80B307A
:101F20007E2B9ED01FFA8BFB5D459AD90BF1FF33B8
:101F30004344584602E0A54214D9204613F8012F25
:101F4000441C7E2AA4B2F6D1A0EB0B0B1FFA8BFB2C
:101F5000BBF1010F98BF064600F26182B5423FF621
:101F60007CAF7EE7A0EB060B1FFA8BFBBBF1010FEA
:101F70007FF677AF022207F1100003362AF088F8C7
:101F8000B6B20023ABF1020251464846BB74FE6074
:101F900096B21EF0F1FE07F1100148461FF032F82C
:101FA0003B7C502B2DD17B7C432B2AD197F812B050
:101FB000BBF1000F25D10EB92646CFE706F1080187
:101FC0006B46C9087B60A3EBC1039D46FB68434495
:101FD0001946324668462AF05BF80DF806B06846A6
:101FE00029F017F8BE684949306348461EF0C4FE20
:101FF000316B0A2248461FF027F97B6826469D462A
:10200000ACE73B7C532B2FD17B7C442B2CD197F816
:1020100012B0BBF1000F27D10E2ECDD1FB68434487
:102020003246194607F120002AF032F8BB6887F8DB
:102030002EB003F1440607F1200107F114001FF050
:1020400057FD07F1140130461FF01CFE07F1140084
:102050001FF0EAFD2E4948461EF08EFE31464846E6
:102060001EF08AFF264679E73B7C472B56D17B7CC6
:10207000502B53D197F812B0BBF1000F4ED1002E68
:1020800040F0CC802349B8681FF0E2FE002893D0CE
:1020900006F10803EB46DB08ABEBC3039D46FB6888
:1020A000434419463246684629F0F2FF00230DF8F2
:1020B000063068462C2129F08EFF064650B168464E
:1020C00028F0A4FF701CBE6886ED140B28F09EFF5C
:1020D00086ED160BDD46264640E700BFE4F8050016
:1020E0008C27060058F8050068270600ACD00020B1
:1020F000E4200600B427060074200600102806001D
:10210000DCF8050038280600E028060070280600E4
:102110009428060068F80500582806003B7C422BEE
:1021200025D17B7C542B22D1BB7C7B60FBB9BD4984
:10213000B8681FF08DFE00283FF43EAF06F108039B
:10214000EB46DB08ABEBC3039D46FB6843441946F3
:102150006846324629F09CFF7B680DF806306846D9
:1021600028F057FFBB6883F86000DD46B3E73B7C8F
:10217000432B48D17B7C4E2B45D197F812B0BBF155
:10218000000F40D1A749B8681FF062FE00283FF455
:1021900013AF06F108016B46C9087B60A3EBC103CE
:1021A0009D46FB68434419463246684629F070FF55
:1021B0000DF806B0BE68694606F17000102229F0DD
:1021C00067FF86F880B07B6826469D46C6E698F88D
:1021D00001207E2A3FF473AED7F808909149484613
:1021E0001FF072FD09F1640B002389F82E308E492F
:1021F00058461FF069FD23787E2B76D08B498C489A
:102200001EF04AFE23E68B4948461EF0B5FD07F155
:10221000100148461EF0F6FE26469FE606F108032A
:102220006A46DB08A2EBC3039D46FB6808EE102A52
:1022300008EB03013246684629F02AFFBB680DF817
:1022400006B03833694607F120007B601FF050FC70
:102250007B6807F1200118469B461FF013FD07F12C
:1022600020001FF0E1FC744948461EF085FD5946E8
:1022700048461EF081FE18EE103A9D4602E7BC6803
:102280006E4920461FF020FD98F8023084F82E3069
:10229000032D40F2BE8008F102003246314605E0CF
:1022A000013291B28D421FFA8CF364D910F8014FBC
:1022B0007E2C0B4601F1010CF2D1901C8542114697
:1022C00062DC5F495A481EF057FDBB68584893F8D6
:1022D0002E101EF0E7FEBAE55A49B8681FF0F4FC6C
:1022E000594953481EF0D8FDB1E5741CA4B2631CD3
:1022F0009D4283DD2A1FFA6018F804207E2A15D03B
:10230000A5420CD99AB2013A424400E0631C9CB247
:10231000A5422ED012F8013F7E2BF7D1631CAB42B1
:10232000BFF66CAF18F804207E2AE9D118F8032014
:102330007E2A3FF463AFA21CAA4299B208DA18F8C9
:102340000120442A0B4603D143445B78492B3FD0FC
:102350008D425BD94B1E43440C4602E08CB2A54231
:10236000DCD913F8012F7E2A04F10101F6D10B46C6
:10237000D5E76B1CD3E719469A1C9542A1DD18F8E6
:1023800003007E281A469CD1424452787E2A98D176
:102390000331A94295DA02339BB218F803204F2A81
:1023A0008FD1013308EB030107F120001FF0A0FBE0
:1023B000BB6807F1200103F11C001FF063FC07F16B
:1023C00020001FF031FC214919481EF065FD3EE553
:1023D000E31C9BB29D4220D9FA6803F1FF3A141B1B
:1023E00008EB030212FA84F9C2441C4607E0002BF2
:1023F00094D01FF093FC0134D145A4B28ED01AF8CA
:10240000013F7E2B58461946F1D187E70C464B1CFD
:1024100085E7334605223146AFE71C467EE7044692
:10242000A8E500BF68F8050008F90500F8270600D0
:10243000ACD00020D0280600B428060070F80500B3
:1024400044270600D8F80500CC2706001C27060004
:1024500070B5184E1849044600251FF049FB314657
:1024600004F10C001FF044FB3146258304F11C00ED
:102470001FF03EFB00220023C4E90C233146A56275
:10248000A58584F82E5004F138001FF031FB314649
:1024900004F144001FF02CFB314604F164001FF0EE
:1024A00027FBC4E91C55C4E91E5584F8805020461A
:1024B00070BD00BF08F90500DCF8050010B5044642
:1024C000806A08B122F02CF904F164001FF0ACFB23
:1024D00004F144001FF0A8FB04F138001FF0A4FB36
:1024E00004F11C001FF0A0FB04F10C001FF09CFB8A
:1024F00020461FF099FB204610BD00BF2DE9F04F8C
:10250000022A87B006463CD983480F4683491546C0
:1025100083461EF05FFC05F1FF3917FA89FA7C1E2D
:10252000B84614F8011F58461EF082FCA245F8D1A7
:1025300079481EF001FD7A4935832A46384629F04C
:1025400095FD002846D02A4639463046FFF726FC3E
:102550000446002800F09C80724930461FF078FC49
:102560000346F0B1032D0CD03D444946384615F8DA
:10257000015CFCF7BBFC854236D06B4966481EF017
:1025800041FD6A4930461FF09FFB0024204607B0FA
:10259000BDE8F08F98F800207E2A29D08BB29D42AA
:1025A00008D018F8012B7E2A03F10101F2D08BB27A
:1025B0009D42F6D10DF10C085D49404606F11C091B
:1025C0001FF096FA414648461FF05CFB40461FF05C
:1025D0002BFB35E0574930461FF076FB504906F19A
:1025E0001C001FF071FB0124204607B0BDE8F08FEE
:1025F000023399B28D42DDD90DF10C08394406F150
:102600001C0940461FF074FA414648461FF03AFB49
:1026100040461FF009FB48493F481EF0ADFB3E48CD
:1026200049461EF0A9FCB06AB58508B122F078F8D9
:10263000284622F071F82A463946B06228F06EFD2D
:102640003E4940461FF054FA414630461FF016FC02
:1026500060BB40461FF0E8FA394930461FF0F8FBEE
:1026600088BB00233749736330461FF0F1FB002815
:10267000BAD0354928481EF07FFB494626481EF04F
:102680007BFCF06928F0C5FC002840DC0024ABE7A7
:10269000B585284622F040F8B28DB062394628F060
:1026A0003DFD0124204607B0BDE8F08F274968466C
:1026B0001FF01EFA694648461FF0E0FB00BB684663
:1026C0001FF0B2FAC5E7214940461FF011FA414612
:1026D00048461FF0D3FB78B140461FF0A5FAF069D9
:1026E000043028F096FC1749706330461FF0B0FBA9
:1026F00000283FF479AFBCE740461FF095FAB0E7F9
:1027000068461FF091FA40461FF08EFAE7E7FDF7A2
:102710009DFC002468E700BFACD00020082906001B
:1027200050F90500E42006001C290600DCF805002D
:1027300008F90500F0F805004829060060290600A0
:1027400058F80500D8F8050064290600C8F9050006
:1027500010B50E4984B004461FF07AFB18B9044640
:10276000204604B010BD0A4901A81FF0C1F901A913
:1027700004F11C001FF082FB0446003C01A818BFB6
:1027800001241FF051FA204604B010BD58F805008E
:10279000C8F90500F0B5A44DA44CDFF8A4C2A44FBD
:1027A00095E80F0004F1100686E80F0004F12006FA
:1027B00086E80F0004F1300686E80F0004F14006B9
:1027C00086E80F0004F1500686E80F0004F1600669
:1027D00084E80F0086E80F0004F1700686E80F0019
:1027E00004F1900504F1800686E80F0085E80F00EB
:1027F00002238FB0CCF800302546002603E0F6F720
:1028000075FE01361035686827F0ACFE02460B46AF
:102810002868E9680291CDE9042327F0A3FE3A462F
:10282000CDE900011E2106A829F072FBF01C062E3E
:102830004FF0000206A9C0B2E1D101220920F6F74B
:1028400055FE94ED017ADFED7B7AB4EEE77AF1EE96
:1028500010FA40F2CC80D4ED056AF4EEE76AF1EEAE
:1028600010FA40F2C980D4ED096AF4EEE76AF1EE9D
:1028700010FA40F2CC80D4ED0D6AF4EEE76AF1EE86
:1028800010FA40F2C680D4ED116AF4EEE76AF1EE78
:1028900010FA40F2C080D4ED156AF4EEE76AF1EE6A
:1028A00010FA40F28880D4ED196AF4EEE76AF1EE8E
:1028B00010FA40F28180D4ED1D6AF4EEE76AF1EE81
:1028C00010FA40F2AA80D4ED216AF4EEE76AF1EE44
:1028D00010FA40F2A480DFED577AD4ED256AF4EEC9
:1028E000E76AF1EE10FA40F29C80534B22682169AE
:1028F000DA639964E268E1696569206A1A64D964F7
:10290000626AE16A83ED117A0A261D655865996548
:10291000DA6583F8B460206B616BE26B1866042E95
:1029200099665A6640D0206C616CE26CD866052EC0
:1029300059671A6738D0206D616DE26D9867062E71
:10294000C3F88010DA672FD0206E616EE26EC3F894
:102950008400072EC3F88C10C3F8882024D0206F81
:10296000616FE26FC3F89000082EC3F89810C3F8A7
:10297000942019D0D4F88000D4F88410D4F88C2096
:10298000C3F89C00092EC3F8A410C3F8A0200BD0F4
:10299000D4F89000D4F89410D4F89C20C3F8A80080
:1029A000C3F8B010C3F8AC20012224491046F6F752
:1029B0009DFD0FB0F0BD05261F4B2168D963F6B20F
:1029C000E168206962691964022EE16983ED117A78
:1029D00083F8B4609864D9641A65E5D0206A616AA6
:1029E000E26A5865032ED9659A65DDD093E7124BEC
:1029F000002283F8B420D7E70F4B2168E26883ED0B
:102A0000117A012083F8B400D9631A64CCE7022656
:102A1000D2E70326D0E70426CEE70726CCE7082630
:102A2000CAE70926C8E700BF042A0600B0C3002091
:102A300080290600008079C4C8780020902906000B
:102A400088600020F0B52DED048BF0EE608A85B033
:102A5000B0EE409AF0EE410AB0EE680A0120B0EE06
:102A6000418AFCF7FDFD854AD368D169D46A8B425F
:102A7000CABF0B4600210121A342C8BF2346D46B25
:102A8000C8BF0221A342C8BF2346D46CC8BF0321DC
:102A9000A342C8BF2346D46DC8BF0421A342C8BF08
:102AA0002346D46EC8BF0521A342C8BF2346D46FB6
:102AB000C8BF0621A342C8BF2346D2F88C40C8BF76
:102AC0000721A342C8BF2346D2F89C40C8BF0821B3
:102AD0009C42BCBF23460921984208DD02EB01124B
:102AE00082ED009AC2ED018A82ED028AD060634CC9
:102AF00002266D46E269E3689A420DDD94E80F0014
:102B000004F1100785E80F0097E80F0084E80F0034
:102B100095E80F0087E80F000A2E00F0A880E26A0F
:102B2000E3689A420DDD94E80F0004F1200785E880
:102B30000F0097E80F0084E80F0095E80F0087E882
:102B40000F00092E00F09780E26BE3689A420DDDDA
:102B500094E80F0004F1300785E80F0097E80F00B4
:102B600084E80F0095E80F0087E80F00082E00F0BA
:102B70008280E26CE3689A420DDD94E80F0004F174
:102B8000400785E80F0097E80F0084E80F0095E8FC
:102B90000F0087E80F00072E6DD0E26DE3689A42C0
:102BA0000DDD94E80F0004F1500785E80F0097E869
:102BB0000F0084E80F0095E80F0087E80F00062E4D
:102BC00059D0E26EE3689A420DDD94E80F0004F1FB
:102BD000600785E80F0097E80F0084E80F0095E88C
:102BE0000F0087E80F00052E45D0E26FE3689A4298
:102BF0000DDD94E80F0004F1700785E80F0097E8F9
:102C00000F0084E80F0095E80F0087E80F00042EFE
:102C100031D0D4F88C20E3689A420DDD94E80F009F
:102C200004F1800785E80F0097E80F0084E80F00A3
:102C300095E80F0087E80F00032E1CD0D4F89C20E5
:102C4000E3689A420DDD94E80F0004F1900785E8EF
:102C50000F0097E80F0084E80F0095E80F0087E861
:102C60000F0001360B2E04F110047FF443AF05B0C2
:102C7000BDEC048BF0BD103401363BE7B0C300203F
:102C80002DE9F043264B274DD3F80090264C274FD3
:102C9000DFF8B0C0D7F80080DFF8ACE0C7F80090EC
:102CA00095E80F0004F1100686E80F0004F12006F5
:102CB00086E80F0084E80F001D491E481E4AC1F82F
:102CC000008000230121CCF800300360117095E8EA
:102CD0000F0004F1300C0026CEF800608CE80F00E5
:102CE00004F1400C8CE80F0004F1500C8CE80F004C
:102CF00004F1600C8CE80F0004F1700C8CE80F00FC
:102D000004F1900504F1800C85E80F008CE80F00B9
:102D10000A4B0B4D02228FB0A0461A601DE000BF87
:102D20007C600020042A0600B0C300206C7B0020D9
:102D300098C30020ACC30020A8C3002088600020F6
:102D400080290600A0C30020A4C30020008079C40D
:102D5000F6F7CCFB013608F11008D8F8040027F08C
:102D600001FC02460B46D8F80000D8F80C1002917E
:102D7000CDE9042327F0F6FB2A46CDE900011E2108
:102D800006A829F0C5F8F01C062E4FF0000206A98F
:102D9000C0B2DDD101220920F6F7A8FB94ED017A3B
:102DA0005FED167AB4EEE77AF1EE10FA40F2A38105
:102DB000D4ED056AF4EEE76AF1EE10FA40F2A08174
:102DC000D4ED096AF4EEE76AF1EE10FA40F2BE8142
:102DD000D4ED0D6AF4EEE76AF1EE10FA40F2D48118
:102DE000D4ED116AF4EEE76AF1EE10FA40F2D28106
:102DF000D4ED156AF4EEE76AF1EE10FA40F2CC81F8
:102E0000D4ED196AF4EEE76AF1EE10FA40F2C681E9
:102E1000D4ED1D6AF4EEE76AF1EE10FA40F2C081DB
:102E2000D4ED216AF4EEE76AF1EE10FA40F2BE81C9
:102E30005FED3A7AD4ED256AF4EEE76AF1EE10FA26
:102E400040F2B681B44D23692268AB64E369EA635A
:102E5000EB64E268236A2A646B656269E36A2A6547
:102E6000AB65626A85ED117A0A23EA6585F8B430AC
:102E7000226B616B2A66042BE26BA9666A6640D0FE
:102E8000226C616CEA66052BE26C69672A6738D0B0
:102E9000226D616DAA67062BE26DC5F88010EA67A6
:102EA0002FD0226E616EC5F88420072BE26EC5F824
:102EB0008C10C5F8882024D0226F616FC5F890204F
:102EC000082BE26FC5F89810C5F8942019D0D4F8F3
:102ED0008020D4F88410C5F89C20092BD4F88C20CD
:102EE000C5F8A410C5F8A0200BD0D4F89030D4F8C1
:102EF0009420C5F8A830D4F89C30C5F8B020C5F8A7
:102F0000AC30012285491046F6F7F0FA94ED017ACB
:102F1000DFED837AB4EEE77AF1EE10FA40F2E78063
:102F2000D4ED056AF4EEE76AF1EE10FA40F20281A0
:102F3000D4ED096AF4EEE76AF1EE10FA40F204818A
:102F4000D4ED0D6AF4EEE76AF1EE10FA40F21E815C
:102F5000D4ED116AF4EEE76AF1EE10FA40F218814E
:102F6000D4ED156AF4EEE76AF1EE10FA40F2A480AF
:102F7000D4ED196AF4EEE76AF1EE10FA40F29D80A2
:102F8000D4ED1D6AF4EEE76AF1EE10FA40F20A8120
:102F9000D4ED216AF4EEE76AF1EE10FA40F2048112
:102FA000D4ED256AF4EEE76AF1EE10FA40F2028100
:102FB00023682269EB63236AAA646B65626AE3682B
:102FC0006169EA650A26E2692B64E36A85ED117A94
:102FD000296585F8B460EA64AB65236B626B2B6688
:102FE000042EE36BAA666B6640D0236C626CEB66C2
:102FF000052EE36C6A672B6738D0236D626DAB6773
:10300000062EE36DC5F88020EB672FD0236E626E2D
:10301000C5F88430072EE36EC5F88C20C5F88830DB
:1030200024D0236F626FC5F89030082EE36FC5F887
:103030009820C5F8943019D0D4F88030D4F8842082
:10304000C5F89C30092ED4F88C30C5F8A420C5F8FA
:10305000A0300BD0D4F89010D4F89420D4F89C3041
:10306000C5F8A810C5F8B020C5F8AC302D492E48D9
:103070001DF012FF97ED000AFCF7BCFA044610B9E8
:103080000FB0BDE8F083294927481DF075FE386868
:1030900027F068FA41EC100B022123481DF0CCFE0A
:1030A000234921481DF068FE21460A221E481EF0D1
:1030B00085F80FB0BDE8F083052623682269EB632D
:1030C000F6B26369AA642B65E268E36985ED117A5B
:1030D000022E85F8B4602A64EB64C7D0236A626A62
:1030E0006B65032EE36AEA65AB65BFD075E7002325
:1030F00085F8B430BAE7084D002385F8B43000E70E
:10310000054D226885ED117A012385F8B430E36816
:10311000EA632B64F5E600BFC8780020902906001A
:10312000008079C49C290600ACD00020B429060098
:10313000D02906002168E26885ED117A0123E96350
:103140002A6485F8B43091E70226B6E702231A4DC7
:1031500022682169EA63DBB2E2682A64A9646269D1
:10316000E16985ED117A022B85F8B430E9642A65AE
:103170003FF4C7AE226A616A6A65032BE26AE965B9
:10318000AA653FF4BEAE73E60323E0E7032694E7A7
:10319000042692E70423DAE70523D8E73346D6E787
:1031A0000723D4E7072688E7082686E70823CEE723
:1031B0000923CCE7092680E7C878002010B5084C21
:1031C000237803B910BD074B93ED000AFCF712FA00
:1031D0000023237004490548BDE810401DF05CBE83
:1031E000A8C3002098C30020DC290600ACD0002032
:1031F000D04B1B7803B970472DE9F04F2DED028BB2
:10320000CD4C8FB01EF094FECC4B22681B68801A08
:10321000984204D20FB0BDEC028BBDE8F08FC84ECF
:103220001EF086FE33682060002B00F0B281C54A94
:1032300012689A4224DDC44C14201EF085FE2068DA
:10324000002109F04BFC20680368B0EE408A9B6EB9
:103250009847B5EE408AF1EE10FADBD0BB49BC4A84
:1032600091ED007AD2ED007A336837EE088A37EEB6
:10327000800A013381ED008A82ED000A3360C9E7DC
:10328000DFF8CCB2B14B9BED007AD3ED006AB14FC1
:10329000DFF8E0A297ED000ADFF8C89207EE902A67
:1032A000F8EEE77A544686EEA78A4FF0000806AD9E
:1032B000C7EE278AF0EE480AB0EE681AFFF7C2FBA5
:1032C00004E0F6F713F908F101081034606827F0FC
:1032D00049F902460B462068E1680291CDE90423D2
:1032E00027F040F94A46CDE900011E21284628F082
:1032F0000FFE08F10300B8F1060F4FF00002294657
:10330000C0B2DED101220920F6F7F0F89AED017A79
:10331000DFED917AB4EEE77AF1EE10FA40F2A08197
:10332000DAED056AF4EEE76AF1EE10FA40F2248174
:10333000DAED096AF4EEE76AF1EE10FA40F29581EF
:10334000DAED0D6AF4EEE76AF1EE10FA40F29081E0
:10335000DAED116AF4EEE76AF1EE10FA40F28B81D1
:10336000DAED156AF4EEE76AF1EE10FA40F2378111
:10337000DAED196AF4EEE76AF1EE10FA40F2318103
:10338000DAED1D6AF4EEE76AF1EE10FA40F27681AA
:10339000DAED216AF4EEE76AF1EE10FA40F271819B
:1033A000DFED6D7ADAED256AF4EEE76AF1EE10FAF8
:1033B00040F26A81694ADAF80010DAF81000D16345
:1033C0009064DAF80C10DAF81C001164D064DAF8B2
:1033D0001410DAF8200011655065DAF82410DAF8D4
:1033E0002C0082ED117A4FF00A089065D16582F8C1
:1033F000B480DAF83010DAF834001166B8F1040F4E
:10340000DAF83C109066516651D0DAF84010DAF8DC
:103410004400D166B8F1050FDAF84C105067116717
:1034200045D0DAF85010DAF854009167B8F1060F79
:10343000DAF85C10C2F88000D16738D0DAF8601092
:10344000DAF86400C2F88410B8F1070FDAF86C10EB
:10345000C2F88C00C2F8881029D0DAF87010DAF8B7
:103460007400C2F89010B8F1080FDAF87C10C2F8B6
:103470009800C2F894101AD0DAF88010DAF88400B4
:10348000C2F89C10B8F1090FDAF88C10C2F8A40049
:10349000C2F8A0100BD0DAF89000DAF89410DAF83D
:1034A0009C30C2F8A800C2F8B010C2F8AC300022BC
:1034B0002B490220F6F71AF8386827F053F8F0EE97
:1034C000680AB0EE480A804601208946FCF7C8F831
:1034D000044618EE100A27F045F8224A0294CDE976
:1034E0000401CDE900891E21284628F011FD0122A2
:1034F00010462946F5F7FAFF1B4BD7ED007AD3EDBE
:10350000006A1A4A77EEA67A92ED007A0F4AC7ED62
:10351000007A0023F4EEC77A1360F1EE10FA4FF050
:103520000002CBF80030326052D8114A13680133E0
:1035300013606FE6A8C300209CC3002090600020A9
:10354000A4C300208C60002004880020A0C30020B9
:10355000ACC300206C7B0020008079C4C8780020B8
:1035600008F90500802906008060002074600020B2
:1035700088600020B0C30020454ADAF80010DAF86D
:103580000C3082ED117A012082F8B400D16313640B
:103590008DE7404D95ED000AFCF72CF80446002815
:1035A00047D13D4B186803681B699847286826F087
:1035B000D9FF06ADCDE90001384A1E21284628F082
:1035C000A7FC294601220220F5F790FF33682EE67A
:1035D000334B344A1968136839600133A8E74FF058
:1035E00005082B4ADAF80010D1635FFA88F8DAF898
:1035F0000C10DAF81040DAF814001164B8F1020F78
:10360000DAF81C1082ED117A82F8B4809464D164E7
:1036100010653FF44CAFDAF82010DAF82400516559
:10362000B8F1030FDAF82C10D06591653FF43FAF85
:10363000DFE61D491D481DF09FFB286826F092FF1C
:1036400041EC100B022119481DF0F6FB18491748F0
:103650001DF092FB21460A2214481DF0AFFDD9E56A
:103660000B4B002283F8B42021E74FF00208B8E7A3
:103670004FF00308B5E74FF00408B2E74FF0070832
:10368000AFE74FF00808ACE74FF00908A9E700BF23
:10369000C87800206C7B002004880020F4290600F4
:1036A0007C60002088600020B4290600ACD0002097
:1036B000D0290600024A034B12681A60704700BF07
:1036C0007060002098C300202DE9F04F2DED028B93
:1036D000D5B01EF02DFC724A1368C31AB3F57A7F79
:1036E000C0F0C6806F4B10601B68002B00F0C080DC
:1036F0006D4D6E49286828F07BFC6D4B6D499A68CA
:10370000002800F0BA80DB6800930EAC8B5C6A4A3C
:103710002046202128F0FCFB00942B68674AC82132
:1037200022A828F0F5FB2E6865490446304628F0AB
:103730005FFC0546002840F0E580624B9A6822A9AC
:103740000819C4F1C801002A40F0AD815E4B5F4A00
:1037500028F0DEFB5E4BD3E9006784460023394640
:1037600000223046644427F0DBF922AB2344C4F145
:10377000C80108B9574F0026574ADFF880A11846FC
:10378000CDE9006728F0C4FB22AB04441819C4F14A
:10379000C801DAF80030514A28F0BAFBDAF80030F4
:1037A000002B044453DD0FF2F009D9E900894C4E97
:1037B000DFF84CB1DFED4B8A337B002B00F07F81CB
:1037C00006F10C03009322A896ED0E8A96F830704D
:1037D000C4F1C80120442B465A4628F099FBB5EEA7
:1037E000C08AF1EE10FA0444B4EEE88A40F369812D
:1037F000F1EE10FA00F1738118EE100A26F0B2FE15
:1038000042464B4626F006FF22ABC4F1C8022344D1
:10381000CDE9000111461846334A2B4628F078FBC3
:103820000444002F00F0418122A8C4F1C8012044C3
:103830002E4A00972B4628F06BFB0444DAF8003040
:103840000135AB4203DD082D06F14006B4D1284F07
:1038500009AD0DF12C0816AEC5E0062322ACC0F16F
:10386000C801244A204428F053FB22A8F4F7D8F9D1
:1038700055B0BDEC028BBDE8F08F18688B5C0793E8
:1038800001F080F80EAC0090079B1B4A20462021D7
:1038900028F03EFB40E700BFFCA9F1D24D62503F4B
:1038A00050C40020C07800207C68002070F805001B
:1038B000B060002094600020CC070600342A060087
:1038C00068F805006C68002050080600482A0600C9
:1038D000186000200000F0BF582A06006C2A06007D
:1038E000F885002000007A449C2A0600B82A0600C9
:1038F000547A00206C2D060094080600F8870020FA
:10390000802A06008549304628F072FB002840F0E6
:10391000B180834A83491078834B844A844F0028BE
:1039200008BF0B4622A8C4F1C801204428F0F0FAD1
:10393000804B814A1B68044422A8C4F1C80120447A
:1039400028F0E6FA7D4B7E4A1B68044422A8C4F1A5
:10395000C801204428F0DCFA7A4B7B4A1B680444F7
:1039600022A8C4F1C801204428F0D2FA774BD3E949
:103970000023044422A8CDE90023C4F1C801744AFD
:10398000204428F0C5FA734BD3E90023044422A84D
:10399000CDE90023C4F1C8016F4A204428F0B8FAE9
:1039A0006E4BD3E90023044422A8CDE90023C4F1DF
:1039B000C8016B4A204428F0ABFA6A4BD3E90023D4
:1039C000044422A8CDE90023C4F1C8012044664A7A
:1039D00028F09EFA3B78042B044400F0CA8109AD1C
:1039E0000DF12C0816AE614B186826F0BBFD604A3D
:1039F000CDE900011021304628F08AFA28465D49B9
:103A000002F030FF6B7900932B795B4A0921404625
:103A100028F07EFAF3F7E8FE584BCDF800801A68DC
:103A20000290054622A833460192C4F1C801204401
:103A3000534A28F06DFA3B78042B044461D022AB42
:103A4000504AC4F1C801181928F062FA20445A2DCE
:103A50003FF603AF502D5ED83C2D00F22181282D7A
:103A600000F22081142D00F2A3810A2D94BF0023BF
:103A70000123F3E64449304628F0BAFA002840F022
:103A80009580424BDA7D22A90819C4F1C801002AA9
:103A900040F00A811D7E3E4A3E4B002D08BF134672
:103AA0003D4A234FF8E01B6851E622A8C4F1C80143
:103AB00020443A4A2B4628F02BFA0834BEE63368F5
:103AC00080E6F1EE10FABFF697AE22A8C4F1C80165
:103AD0002044334A2B4628F01BFA0934A1E618EE9D
:103AE000100A26F03FFD22ABC4F1C8022344CDE901
:103AF0000001114618462B4A2B4628F009FA0444C7
:103B00008FE622AB284AC4F1C801181928F000FA40
:103B100004F108009BE70523A0E600BF58F8050064
:103B2000D86800201C2A0600142A0600D02A0600A5
:103B3000547A0020C8680020E02A0600B4680020FB
:103B4000F82A0600E8680020142B0600E068002030
:103B50002C2B0600D0680020482B0600B8680020F7
:103B6000602B0600C0680020702B06006C7B0020D4
:103B7000B807060058C50020C0070600487A002094
:103B8000382D0600602D060070F80500C87800206A
:103B90002C2A0600282A0600A02B0600C42A0600AC
:103BA000AC2A06008C2A0600542D060092493046A5
:103BB00028F01EFA002879D09049304628F018FAEB
:103BC000002800F0F7808E49304628F011FA0028CE
:103BD00000F001818B49304628F00AFA054600289A
:103BE00000F048818849304628F002FA002800F0A9
:103BF000A6813378572B7FF42AAE7378502B7FF44D
:103C000026AEB378002B7FF422AE804E804A814FDF
:103C100022A8C4F1C80106F59273204428F078F96F
:103C2000D6E94423044422A8CDE90023C4F1C80105
:103C3000794A204428F06CF9D6E94623044422A8A6
:103C4000CDE90023C4F1C801744A204428F060F98A
:103C50000546D6F8200126F085FC254422AB804697
:103C600089465819C5F1C8016D4ACDE9008928F087
:103C70004FF922AB05446B4AC5F1C801581996F8B3
:103C80003D3128F045F9D6F84031674A05F1120474
:103C9000C5F1B60122A8204428F03AF904449EE672
:103CA0000423DBE50323D9E5604BF9E600F072FF5E
:103CB0000346054622A8C4F1C8015D4A5D4F204471
:103CC00028F026F922AB0444C4F1C80118195A4A55
:103CD0003B7828F01DF9594B594A1B7804F111061D
:103CE00022A8C4F1B701304428F012F93F78341803
:103CF000002F7FF4ACAD002D3FF4A9AD09AD0DF15F
:103D00002C0816AE294638464246334616972F7081
:103D100088F8007000F0D6FE48B32B783BB3DFF88C
:103D200024C1013B50FA83FE6746431E00F1FE09A1
:103D300002E0994500F037811A4613F801AFBAF155
:103D40002C0F08BF4FF03A0A02329E4507F801AB2C
:103D5000A2EB0001EDD100200CF8010022A8C4F173
:103D6000C8012044374B384A28F0D2F80444294F80
:103D700039E6364B364AD3E9008922ABC4F1C80193
:103D80001819CDE9008928F0C3F8324B324AD3E93B
:103D90000089CDE90089044422ABC4F1C801181997
:103DA00028F0B6F809AD04440DF12C0816AE1AE659
:103DB000022353E5294B2A4A1B68164F22A8C4F157
:103DC000C801204428F0A4F8264B274A1B68044465
:103DD000C4F1C8015EE70D4E244A336A0D4F22A894
:103DE000C4F1C801204428F093F80444736A204ABF
:103DF000C4F1C8014EE700BF58FB050048F80500B4
:103E000050F8050060F805004CF80500C87800205F
:103E1000D02C0600547A0020E02C0600F02C06007E
:103E2000002D0600102D0600242D06006029060036
:103E3000B02B06000B690020C42B06000A69002085
:103E4000D82B060054C40020EC2B0600307A00204A
:103E5000802B0600407A0020902B0600F46800209A
:103E6000002C0600EC680020102C0600202C060018
:103E7000302C0600504E514AB36A514FDFF864B1FE
:103E8000DFF864A122A8C4F1C801204428F040F85A
:103E900022AA0444101906F12C03C4F1C801494AAE
:103EA00028F036F80FF20819D9E90089044416AE53
:103EB00017ED018AB5EEC08AF1EE10FA2B464FF0ED
:103EC00030015A46304629DD57F8100B26F04AFBE0
:103ED00002460B4618EE100ACDE90423029526F09F
:103EE00041FB42464B4626F095FB2B46CDE90001AF
:103EF000354A3021304628F00BF822A8C4F1C80119
:103F000020443346524628F003F801350A2D044474
:103F1000CED12E4F09AD0DF12C0864E527F0F8FF46
:103F200022A8C4F1C80120443346524627F0F0FFCE
:103F300001350A2D07F110070444B9D1E9E7244BF4
:103F4000244A1B68244E214F22A8C4F1C8012044F2
:103F500027F0DEFF0546306803685B6E984710EE79
:103F6000100A26F0FFFA02460B462C44CDE9002346
:103F700022AB1A4AC4F1C801181927F0C9FF054637
:103F8000306803689B6E984710EE100A26F0EAFA34
:103F90002C448046894622ABCDE90089104AC4F101
:103FA000C8011819FCE6FF21D5E600BFAFF3008079
:103FB0008DEDB5A0F7C6B03EC8780020402C0600B5
:103FC000B4C30020542C0600642C0600547A002050
:103FD000B0680020902C060004880020A02C060069
:103FE000B82C0600802C0600F8F90500014B0122D0
:103FF0001A707047F4C50020C3680C2B14BF01333E
:104000000623C360704700BF2DE9F0416A496B4841
:1040100092B01CF0F7FF0021102021F0DBFB0322FF
:10402000674910201DF0A8FB664964481CF0EAFFB0
:10403000654962481CF0E6FF01211A2021F0CAFB05
:1040400001211A2021F04AFC01211B2021F0C2FB92
:104050000A2400211B2021F041FC01201DF074FFE7
:1040600001211B2021F03AFC01201DF06DFF013CD5
:10407000EFD121461A2021F0ADFB21461B2021F073
:10408000A9FB524E4D485249524F05461CF0BAFF0B
:10409000304601F0B7F91DF04BFF01248046394648
:1040A00028461CF069FE0A22214628461DF030F9F8
:1040B000494928461CF0A6FF5121304601F052FA2A
:1040C000304601F0B7FA03460134C820002B38D03F
:1040D0001DF03AFF072CE2D11DF02AFF3F49A0EB6B
:1040E000080836481CF048FE0A22414633481DF0B5
:1040F0008BF83B4931481CF085FF344801F082F9C8
:1041000038492E481CF07EFF07AD0AAC36492B48D3
:104110001CF078FF354928461DF0EAFC2946204668
:104120001DF000FD324920461DF046FEF3F78AFCE3
:1041300020461DF079FD28461DF076FD12B0BDE841
:10414000F0811DF0F5FE2B49A0EB08081B481CF080
:1041500013FE41460A2219481DF056F82049174817
:104160001CF050FF51221949234802F0BDFA07AD57
:10417000214802F001FC28461F4902F073FB9DF81C
:1041800022309DF820109DF81F209DF821000493F7
:104190000AAC9DF81E300390CDE901210093174A27
:1041A000BDF81C302046202127F0B2FE21460348EE
:1041B0001CF028FFAAE700BF742D0600ACD0002039
:1041C000ED3F03009C2D0600C42D06005CC60020B8
:1041D000FC2D0600242E06003C2E06007C2E060038
:1041E000F81F0600B02E0600442E0600B0FA0500A7
:1041F000682E0600D42E060058C50020082F0600A1
:1042000000B589B0194903A802F02CFB9DF81220D3
:104210009DF8113001920093154A9DF8103005A8C1
:10422000092127F075FE134B1B78052B0BD0062BAD
:104230000FD0072B13D005A901220220F5F756F95C
:1042400009B05DF804FB01220B491046F5F74EF961
:10425000F1E7012209491046F5F748F9EBE7012299
:1042600007491046F5F742F9E5E700BF58C50020B9
:104270001C2F0600F5C50020A42F0600B42F060051
:10428000C42F06000000000000B5514B1B7889B018
:104290000A2B18D8DFE803F050596476841A1A1AEA
:1042A0001F06400000224B490120F5F71FF94A4B39
:1042B0004A4A5B6A03A8142127F02AFE03A90122B7
:1042C0000220F5F713F909B05DF804FBFFF798FF3A
:1042D00009B05DF804FB002241490120F5F706F919
:1042E0003D4B186A26F02CF937A3D3E9002326F0BA
:1042F00091F926F087FC26F035F93A4ACDE900011C
:1043000003A8142127F004FE03A901220220F5F7D7
:10431000EDF809B05DF804FB012210463249F5F7CB
:10432000E5F82D4B93F828300122002B41D02F497E
:104330000220F5F7DBF8C6E700222D490120F5F74A
:10434000D5F8254B2B4ADB68B4E72B490022012026
:10435000F5F7CCF8204B29499B68294ACB5CA9E7A3
:10436000002201202749F5F7C1F81B4B1B68013BD0
:10437000042B96BF244A4FF4486352F82330234A53
:1043800003A898E7012210462149F5F7AFF8124B30
:104390001B7C012293B11F490220F5F7A7F892E791
:1043A00000221D490120F5F7A1F80B4B1B4A5B6861
:1043B00080E71B490220F5F799F884E719490220A4
:1043C000F5F794F87FE700BFFCA9F1D24D62503FAA
:1043D000F5C50020F02F0600B06000200030060078
:1043E000D42F0600E02F0600083006001C3006001F
:1043F000882F06009C2F0600702F06009460002076
:104400007C2F0600402F0600583006004C2F060077
:104410002C2F0600382F06005C2F0600642F0600A4
:10442000243006003C2F06000A4A08B5137883F0B2
:104430000103137043B9084B1B680BB1FBF7B0F9CC
:10444000BDE80840F5F768B8F5F766F8BDE808403C
:10445000FFF71ABF54C500200488002000000000A8
:1044600030B58DB0BE4905A802F0FCF9BD4B1B78F4
:104470000A2B25D8DFE813F0C000AD00F700D50007
:10448000E00028002800280053008B000B00B64CE9
:1044900094F8283083F0010384F82830002B00F0D2
:1044A0004C8101221046B149F5F720F894F82830E4
:1044B0000122002B00F00F81AD490220F5F716F81C
:1044C000FFF7E2FE0DB030BDAA499DF818209DF817
:1044D00019509DF81A400120052B087000F0228128
:1044E000062BA54B00F004810134A3FB04135B09E8
:1044F000C3EB0313A4EB8304E4B29DF81730BDF8BB
:10450000141097480092CDE901549DF8162002F04E
:10451000FBF8FFF775FEFFF7B7FE0DB030BD924C0C
:10452000964A236A934200F0F98047F612218B42A3
:1045300000F00C8140F3AF8091498B4200F0038181
:1045400040F3C0808F498B4200D1226200228E4905
:104550000120F4F7CBFF206A25F0F2FF7EA3D3E918
:10456000002326F057F826F04DFB25F0FBFF874A85
:10457000CDE9000107A8142127F0CAFC07A90122F0
:104580000220F4F7B3FFFFF77FFE0DB030BD764C8D
:10459000636A082B00F0BF80062B00F0B980072B60
:1045A00000F0B380052B00F0AD8079490022012096
:1045B000F4F79CFF636A774A07A8142127F0A8FC48
:1045C00007A901220220F4F791FFFFF75DFE0DB06D
:1045D00030BD654870498268013281FB0231D317D2
:1045E000C3EBE1031A2101FB13238360F2F7DCFF25
:1045F000FFF74AFE0DB030BD5B4C684AE3680C2BF8
:1046000014BF0133062307A81421E36027F080FCC0
:1046100007A900220120F4F769FFFFF735FE0DB06E
:1046200030BD514B187C80F001001874F4F75AFF2C
:10463000FFF72AFE0DB030BD4B4C5948636859490D
:1046400080FB0320DA17C2EBA00202EB8202A3EB8D
:1046500042030133002201206360F4F747FFFFF7B4
:1046600013FE0DB030BD40494F4B0A68013283FB49
:104670000203A3EBE27303EB4303A2EB43030B60E0
:10468000F4F74AFF494900220120F4F72FFFFFF712
:10469000FBFD0DB030BD43F6F042934200F08E803A
:1046A00006DD45F2401293427FF450AF21624DE7A0
:1046B00041F678618B4217D042F6A0018B423FF45D
:1046C00044AF43E74AF2E422934209D04FF2244236
:1046D0009342EBD03AE736490220F4F707FFEFE6C2
:1046E0004FF22443236231E742F6A00323622DE711
:1046F0000135A3FB05135B09C3EB0313A5EB83058E
:10470000EDB2FAE6062363624FE7082363624CE7E3
:104710000723636249E70523636246E741F678634E
:10472000236213E7234B0244A3FB02131B0903EB91
:104730004303A2EBC302D2B2DFE61F4B93ED000AA4
:10474000FAF758FFADE60F4B2362FFE64AF2E42387
:104750002362FBE6AFF30080FCA9F1D24D62503F2B
:1047600058C50020F5C50020B060002008300600C4
:104770001C300600F6C500208988888820A1070023
:1047800048E8010090D00300D42F0600E02F060077
:10479000F02F0600003006004FECC44E303006000B
:1047A000676666664C300600ABAAAA2A403006004F
:1047B00024300600ABAAAAAA7060002045F240137C
:1047C0002362C3E60000000000B55749574A0B7842
:1047D0000133A2FB0302D20802EB820002EB40028B
:1047E0009B1ADBB25A1E89B00B70092A00F28F8027
:1047F000DFE802F04F715A680505050A2B3FFFF705
:10480000FFFC09B05DF804FB002249490120F4F7E0
:104810006DFE484B186A25F093FE41A3D3E90023AF
:1048200025F0F8FE26F0EEF925F09CFE424ACDE98F
:10483000000103A8142127F06BFB03A90122022029
:10484000F4F754FE09B05DF804FB00223B49012057
:10485000F4F74CFE374B3A4A5B6A03A8142127F061
:1048600057FB03A901220220F4F740FE09B05DF8CE
:1048700004FB012210463349F4F738FE2D4B93F820
:1048800028300122002B38D02F490220F4F72EFEC9
:10489000B7E72E4900220120F4F728FE254B2C49CA
:1048A0009B682C4ACB5CD8E7012210462A49F4F7D2
:1048B0001DFE204B1B7C012223B328490220F4F764
:1048C00015FE9EE7002226490120F4F70FFE194B42
:1048D000244A5B68C1E7002201202349F4F706FE61
:1048E000144B1B68013B042B96BF204A4FF44863CE
:1048F00052F823301E4A03A8B0E71E490220F4F7FD
:10490000F5FD7EE71C490220F4F7F0FD79E700226F
:104910001A490120F4F7EAFD064B194ADB689CE7C7
:10492000FCA9F1D24D62503FF5C50020A38B2EBAF1
:10493000D42F0600B0600020E02F0600F02F060004
:1049400000300600083006001C300600702F0600FC
:10495000946000207C2F06002C2F0600382F0600C4
:104960005C2F0600642F0600402F0600583006001A
:104970004C2F0600243006003C2F0600882F06002E
:104980009C2F0600013804289ABF034B53F82000DF
:104990004FF44860704700BF58300600024B0022B9
:1049A0001A709A70704700BF58C500202DE9F04F6B
:1049B000404C83B025780190894690461F46002DD3
:1049C00053D03D4B1E68002E70D03479FF2F28BF86
:1049D000FF27072C1DD906F1080406F1400A4FF005
:1049E000010B254654F8073F2B60A279A388AB80C2
:1049F00050460AF5807AAA7151464FF4807226F02B
:104A00008DFB35790BF1010B5D45EADC6C1EE4B2E0
:104A100034710822072313FB04234A46042A28BFC3
:104A20000422F5181101002041F00A01F050C5F8E8
:104A30000300F154019B13B1B9F1000F22D106EB31
:104A400004244FF0010940346F714146204685F837
:104A500006903A4626F062FB0023E3553379484638
:104A60004B44337103B0BDE8F08F144EDFF850A013
:104A70003268DFF844B05245CBF8006007D101231B
:104A80002370A2E71946681C26F048FBD7E730469A
:104A90004FF40462294626F069FB3571C6F800A080
:104AA000DBF8006001232370002E8ED1304603B066
:104AB000BDE8F08FFCC50020F8C50020C0750020BF
:104AC00058424E492DE9F04F2E4D95F8009083B095
:104AD000064688461746B9F1000F34D02A4A1468B2
:104AE0002279B2422BD908210725002215FB061591
:104AF0001A6088F800203A70625D02F00F010A29FE
:104B000025441CD112090DD069781970012A09D0E9
:104B1000A9785970022A05D0E9789970032A1CBF38
:104B20002A79DA706B7988F80030AB7904EB0620CB
:104B3000C3F3400340303B7003B0BDE8F08F00206A
:104B400003B0BDE8F08F114CDFF844B02268DFF805
:104B500038A05A45CAF8004002D101222A70BFE7A6
:104B60004FF4046220464946019326F0FFFA84F888
:104B700004900122C4F800B0019BDAF800402A70CA
:104B8000AEE700BFFCC50020F8C50020C0750020BE
:104B900058424E49034B187810B1034B1B681879E3
:104BA000704700BFFCC50020F8C5002070B51B4B46
:104BB0001E7882B076B31A4B1B685BB30D46197929
:104BC000814227D90821072616FB00160024995D8B
:104BD000019401F00F040A2C1E441BD1090907D0CF
:104BE00074788DF80440012902D0B1788DF8051051
:104BF0007679541EB44228BF344603EB002303F1F8
:104C000040012246284626F089FA002330462B55DB
:104C100002B070BD0026304602B070BDFCC5002059
:104C2000F8C500200A4B1B6883420ED1094A0A4B83
:104C300011781B78994208D011781378074801330E
:104C400003F03F03405C137070474FF0FF30704734
:104C500000C6002044C6002045C6002004C600202F
:104C60002DE9F04F8046C08D83B000284ED098F8D3
:104C700030302C4AD8F81C90D8F820B00D4613F0EC
:104C80000203D8F824100193C2F80813DBF80020BF
:104C90006FEA090A20D102EA0A02CBF80020224F6B
:104CA0008601304647F00107B84708240AE042EA87
:104CB0000902CBF80020013CB84714F0FF044FEA8A
:104CC000550510D0EB07DBF800203046EFD402EAA0
:104CD0000A02CBF80020EEE7ED4342EA0902EDB20A
:104CE000CBF80020DBE7019BDBF80020A3B102EA50
:104CF0000A02CBF800200B4BD8F82420C3F8042379
:104D00003046B847012003B0BDE8F08F0123C8F852
:104D1000043003B0BDE8F08F42EA0902CBF800206E
:104D2000E9E700BF0060004090300600084B1B68B8
:104D3000834209D1074B084A19781278914203D06F
:104D40001B78064AD05C70474FF0FF30704700BFB9
:104D500000C6002044C6002045C6002004C600202E
:104D6000024B186808B100F001B9704700C6002076
:104D7000094B1B68834201D000207047074A084B4B
:104D800010781B784030C01A434203F03F0300F014
:104D90003F0058BF5842704700C6002045C600205B
:104DA00044C600200A4B1B68984200D07047094B4C
:104DB000426A094910B4094CC3F808230022227042
:104DC0000A70426A5DF8044BC3F80423704700BFC1
:104DD00000C600200060004044C6002045C60020F8
:104DE00070B490F8305041745B0003F0030308493D
:104DF000027425F003051D434FF47A76002380E802
:104E00004A0080F83050C0E90A3370BC704700BFD8
:104E10007430060038B5074D074A2B680260984287
:104E2000044601D0204638BD407C1CF0A9FD00237B
:104E30002B60F7E700C600207430060070B52DED3A
:104E4000028B0B4690F83010057C404E81F0020139
:104E50000446C1F34001284608EE103A20F03EFD1A
:104E60002846012120F0B6FC56F825201F2A88BFCD
:104E7000203A01239340E36156F82520344B657CAA
:104E8000202A38BF4FF0A04303F204532362284680
:104E9000002120F09FFC94F830309A0751D5B8EEED
:104EA000C88A9FED2C7A6574C7EE087A56F82520DB
:104EB0001F2A88BF203A01239340636156F82520BA
:104EC000234B202A38BF4FF0A04303F5A2630021F3
:104ED000FCEEE77AA36117EE900A83B2420863F30F
:104EE0000F0163F31F41023A5D1E1846E1626585BA
:104EF00022852BB1184B800143F001039847A38D05
:104F0000E3B1164D2B689C4218D013B1587C1CF0AD
:104F100037FD94F83030124812492C606FF30003CB
:104F2000002284F830309B0702700A70607C0E49C2
:104F30004CBF042203221CF01FFC6062BDEC028BFC
:104F400070BD0121284620F0C9FCA8E734430600C3
:104F500000030050002474499030060000C6002071
:104F600045C6002044C60020614D03002DE9F843EA
:104F700090F83030DFF824919A0704466DD5427CD2
:104F8000836959F822201B681F2A88BF203A012113
:104F900001FA02F21340002B5DD03B4B208D626A78
:104FA000C3F8082320B1394B800143F0010398472F
:104FB000364F082547F001074FF000080126638DA2
:104FC000980103B1B84700BF00BF00BF00BF00BFDA
:104FD00000BF00BF00BF00BF00BF00BF00BF00BFD9
:104FE00000BF00BF00BF637CA26959F8233011687D
:104FF0001F2B88BF203B06FA03F319424FEA5808DB
:1050000005F1FF3218BF48F0800812F0FF05D6D135
:1050100094F830301E4A1F499B071378097803F132
:10502000010348BF6FEA080803F03F0348BF5FFA77
:1050300088F88B4221D011781748137000F801804E
:10504000A08D20B1114B800143F0010398470E4B16
:10505000626AC3F80423BDE8F883437C826959F887
:10506000233011681F2B88BF203B012202FA03F373
:1050700019420CBF012300238DE794F8303043F030
:10508000010384F83030DBE7006000409030060018
:1050900045C6002044C6002004C600203443060054
:1050A00070B500249DF810504474C9B10F4E0160D2
:1050B000B142846012D00E4CA14204BF01210171A3
:1050C0000C4951F8226051F8234051F8252006730D
:1050D000002384734273C373037470BD0471EFE7DC
:1050E000054B064A0648242125F072FF0030024095
:1050F00000F002403443060098300600A830060055
:10510000E8300600437C03B1704730B54FF480723D
:1051100085B002820321FF22019304468DF803200B
:105120008DF806208DF80510827B417B8DF80020DC
:105130004FF080451A4602958DF80110057BC37328
:10514000694603938DF802501FF0F0FBA37B1F2BE1
:1051500086BF03F01F030C4A4FF0A04203F5E07333
:1051600040F2013142F82310637B1F2B86BF03F00E
:105170001F03054A4FF0A04203F5E07340F20331EC
:1051800042F8231005B030BD0003005010B50446AE
:105190001FF00EFD0023637410BD00BF10B483B078
:1051A00002AB03E906009DF805109DF80420036892
:1051B000013918BF01210024022AC3F800450C461A
:1051C0000174C27332D0032A2DD0012A28D0224A7A
:1051D0000099B2FBF1F2B2F5007FC3F8544504D256
:1051E000FF2A0DD94FF0806101E04FF000710722D6
:1051F000C3F82415C3F8002503B05DF8044B7047CD
:105200007F2A16D83F2A17D81F2A18D80F2A19D84C
:10521000072A02D811498B4217D04FF00041E6E728
:1052200041F00204D3E741F00604D0E741F0040462
:10523000CDE74FF00061DAE74FF08051D7E74FF04C
:105240000051D4E74FF08041D1E7032A8CBF4FF0E3
:1052500020614FF0A051CAE70090D00300F0024057
:1052600003680022C3F80025704700BF002B3ED022
:105270002DE9F043804685B00E4617461D464FF691
:10528000FF794D452C464FF0000269464046009696
:1052900028BF4C466EB1CDE90147AFB103941FF072
:1052A000F1FC2D1B26442744002DEAD105B0BDE8B2
:1052B000F083CDE90167324669467FB103942D1B27
:1052C0001FF0E0FC2744EFE72D1B3A4669460397A1
:1052D00026441FF0D7FC002DD3D1E7E73A462D1B1B
:1052E00003973E461FF0CEFC002DCAD1DEE7704783
:1052F00030B587B001230D460DF10704002202A945
:10530000CDE903348DF80750029405931FF0BAFCE1
:105310009DF8070007B030BD30B40A4A0A4BD2F8F6
:10532000B840D2F8BC00D2F8B4101C73002201249B
:10533000064D1C7198735973DA731A821D609A6056
:1053400030BC70473443060048C6002000F00240DD
:10535000704700BF20301CF029B800BF38B5437F2C
:105360000BB9002038BD00F1680420460D461CF042
:105370002BF80028F5D1204629461BF0F7FF012025
:1053800038BD00BF20301CF003B800BF20301CF037
:1053900013B800BF2DE9F04F83B0019272B34C1ED9
:1053A000174F0546C1F1010604EB020800F1680A37
:1053B0002B681B68BB4206EB040B14F8019F17D146
:1053C0006B7F50461BB9584603B0BDE8F08F1BF009
:1053D000FBFF034649465046002BF4D11BF0C6FFA5
:1053E0004445E5D1DDF804B0584603B0BDE8F08F80
:1053F0004946284698470028F2D1E4E79346E2E779
:105400005D53030030B4837E1F2B4FF0010288BF31
:1054100003F01F03C27603F5E0738CBF244A4FF0FC
:10542000A04240F20C6142F82310437E02691F2B18
:1054300086BF03F01F031E494FF0A04103F5E07340
:1054400040F20C6441F823404FF0CC710623C2F8BF
:105450002415C2F80035837EC2F8083590F918305B
:10546000417EC2F80C15002B1ADB124C5A0903F0CE
:105470001F05603201212344A940602544F8221011
:1054800083F8005390F91830002B07DB094903F02B
:105490001F0001225B09824041F8232030BC704785
:1054A000054A03F00F031A4460231376EAE700BFAE
:1054B0000003005000E100E0FCEC00E02DE9F843BF
:1054C000154612B91046BDE8F883064600F12009DA
:1054D00048460F4698461BF057FF34690123C4F82D
:1054E00088752362C4F83495C4F83855236002E007
:1054F000D4F824211AB9D4F84C21002AF8D000237A
:10550000C4F84C3102E0D4F824211AB9D4F85C2153
:10551000002AF8D00023C4F85C31B8F1000F02D1A2
:10552000D4F82431A3B101236361D4F80431002BF2
:10553000FBD00023C4F80431D4F8243113B1002384
:10554000C4F82431D4F83C053066C0B2BDE8F88315
:105550000123E361D4F84831002BFBD00023C4F8C9
:105560004831E9E710B5044680F8B01068301BF008
:105570000BFF0123637710BDF8B5036904460022D1
:1055800090F8B0006277012704F16806C3F8880537
:10559000C3F8042130461F62C3F844650D461BF072
:1055A00005FF2369C3F848059F6002E0D3F8242172
:1055B0001AB9D3F85021002AF8D00022C3F850219C
:1055C00030461BF0F3FE236920BB0022C3F86021A4
:1055D00015B9D3F8242112B301225A61D3F804215A
:1055E000002AFBD00022C3F80421D3F8240160B1C3
:1055F0000022C3F82421D3F8C404C3F8C404022849
:1056000003D004280CBF03200420F8BDD3F82421C4
:10561000002ADAD1D3F86021002AF7D0D5E7012299
:10562000DA61D3F84821002AFBD00022C3F84821D0
:10563000DBE700BF0121FFF79FBF00BF70B52A4C19
:105640006369D3F86421002A3CD1D3F86821F2B908
:10565000D3F8042122B1227F0021C3F8041162B9DA
:10566000D3F8242142B10022C3F82421D3F8D02456
:10567000C3F8D02401225A6170BDD4F8B820D3F801
:105680003C052066002AEBD090476369E8E70022DA
:10569000C3F8682115484FF48073A3831BF074FE90
:1056A000D4F8B43003B1984763691048C3F844058F
:1056B000002363771BF07AFE63690122C3F8480573
:1056C0005A63C5E7002204F12006C3F864210125CE
:1056D000304625771BF058FE63694022C3F83465D5
:1056E000C3F838251D63B0E75CC60020C4C600209F
:1056F00038B50E4C0E4A20464FF47A7340F8202BF2
:105700000025C4E901531BF025FE04F168001BF0DD
:1057100021FE084A084BD2E91A120320C4E90433D7
:10572000657720766176A27638BD00BF5CC6002022
:10573000583106003443060000300040704700BF77
:1057400010B404682469A4465DF8044B604700BFA8
:1057500070B4BDF90C60BDF810500468CDE9036564
:10576000246CA44670BC604710B5B0F90E200468E4
:10577000B0F90C3082B0CDE900210022246C114632
:10578000A04702B010BD00BF704700BF01F0030387
:105790004376CB0702D48368C3607047428903898C
:1057A0008281C381704700BF2DE9F0430668144F22
:1057B000D6F8148085B0B8451C46BDF83090054633
:1057C0000B4610D1013C144424B2CDF8049000944F
:1057D0001946B46A2846A0472B68DB6ABB4209D148
:1057E00005B0BDE8F083CDE90212C047DDE9023221
:1057F0002E68E7E7284605B0BDE8F043184700BF2C
:105800003D5703002DE9F041D0F800C0134DDCF8FE
:10581000146084B0AE42BDF828700446984610D19A
:1058200008F1FF3301970B4400921BB2DCF82860AB
:105830002046B0472368DB6AAB420AD104B0BDE81A
:10584000F081CDE90212B047DDE90212D4F800C0C0
:10585000E6E7204604B0BDE8F04118473D57030095
:105860002DE9F04FD0F800C0DFF89090DCF814B0CC
:1058700083B0CB45BDF93080BDF834A004460F4657
:1058800016461D4631D1CDF800A0DCF824B02B46D9
:10589000324639462046D8472368CDF800A008F1A3
:1058A000FF323244D3F824B012B22B463946204698
:1058B000D8472368CDF800A0D3F820B0324643463D
:1058C00039462046D847013D2068CDF800A0E919A7
:1058D0004346056A09B232462046A8472368DB6A78
:1058E0004B4506D103B0BDE8F08FD847D4F800C0CF
:1058F000C9E7204603B0BDE8F04F18473D57030005
:105900002DE9F04F2DED028B85B0D0F800C0BDF928
:105910004050374FBDF84460039608EE105ADCF84B
:105920001450BD420446894693461E4654D14E4407
:10593000B1453EDA18EE103A03F1FF38D8440FFAB9
:1059400088F8CDF80880DFF8B0A0D8466346A346B3
:10595000039C19E09D6B8D421AD15969B94236D129
:10596000029A009201949D6A49464B464246584627
:10597000A847DBF80030D96AB94223D109F10109FF
:105980000FFA89F9B14512DA1D6A1A495545E1D075
:10599000494609F1010918EE103A0094424658466A
:1059A0000FFA89F9A847B145DBF80030ECDB9C46DB
:1059B0005C46DCF82C30BB4212D105B0BDEC028B4A
:1059C000BDE8F08F58468847DBF80030D6E75846E8
:1059D0008847DBF80030C3E7A847D4F800C0A6E743
:1059E000204605B0BDEC028BBDE8F04F184700BF64
:1059F0003D570300A9570300FD5903002DE9F0436B
:105A0000D0F800C0DFF86C80DCF838E083B0C64521
:105A1000BDF828901DD1DFF860801C46DCF81430FA
:105A2000434505460F4616461FD1013C344424B277
:105A3000CDF8049000943B46DCF8284032463946C5
:105A40002846A0472B68DB6A434509D103B0BDE86F
:105A5000F083F446CDF8289003B0BDE8F0436047EA
:105A6000284603B0BDE8F04318479847D5F800C072
:105A7000DBE700BFA95703003D5703002DE9F043C2
:105A8000D0F800C0DFF86880DCF83CE083B0C645A1
:105A9000BDF828901CD1DFF85C801C46DCF814307F
:105AA000434505460E4617461ED1631ECDF80490A9
:105AB000009733441BB2DCF828403A46314628466A
:105AC000A0472B68DB6A434509D103B0BDE8F083EA
:105AD000F446CDF8289003B0BDE8F043604728466F
:105AE00003B0BDE8F04318479847D5F800C0DCE79D
:105AF000055803003D5703002DE9F04F85B01D46C2
:105B0000BDF93860BDF83C90B31A002B8846A5EB70
:105B10000101B8BF5B420029B8BF49428B4207462A
:105B20007CDDAC464446AA4640463546904666462D
:105B300022468C46A8455EDDA0EB0A00A8EB050EC8
:105B400080EAE07CCEF3C0344FF6FF7A04FA8EF49C
:105B5000ACEBE07CB242C8BF4FF0010A1FFA8EF0F6
:105B600064100290CDF80CA08B42314B01931FFAC8
:105B70008CFA33DCD7F800C0019BDCF818B09B45E9
:105B800008BFDCF810B029464B4632463846D847A5
:105B9000A4EB0A031CB20135002C2DB29BB205DA2E
:105BA000029A13441CB2039B1E4436B2A845E1DAA4
:105BB00005B0BDE8F08FDCF810B0D847A4EB0A03BD
:105BC0001CB20135002C2DB29BB205DA029A1344A7
:105BD0001CB2039B1E4436B2A845E9DBD7F800C0CF
:105BE000019BDCF818B09B452A464B4631463846A7
:105BF000E1D0D847E2E7A5EB0800C0F3C03404FACF
:105C000080F4B24280B202904FEA640428461646FD
:105C1000454607DA012203928046A5E71046B246C0
:105C20009C4687E74FF6FF72039280469CE700BFD1
:105C3000415703002DE9F04186B09942BDF930503B
:105C4000BDF83470044627D0AA4213D0D0F800C063
:105C5000354EDCF81480B04538D1CDE90057DCF87A
:105C600028502046A8472368DB6AB34229D106B0F2
:105C7000BDE8F081994202DD0846194603462068D6
:105C80002A4EC56BB5423DD14569274EB54240D13C
:105C9000CDE90027856AE4E7AA420EDC23682448A0
:105CA0009E6B86421CD1D3F814801F4EB04521D183
:105CB000CDE900579D6A0B46D3E713462A461D4699
:105CC000ECE7204606B0BDE8F0411847CDE90423D3
:105CD0000391C047DDE90423D4F800C00399BCE771
:105CE0006B1C9B1A1BB20C972046B44606B0BDE84D
:105CF000F0416047CDE903122046C047DDE90312B9
:105D00002368D5E701335B1A1BB20C972046AC46DB
:105D1000ECE7CDE9042303912046A847DDE90423FD
:105D200020680399B4E700BF3D57030005580300FE
:105D3000A957030030B4094D01814FF0FF3442816F
:105D40008181C2814FF001110022C0E90541056047
:105D5000426030BC0261C261704700BF7C36060001
:105D60002DE9F04F91B01D4602939BB2C3EBC334B3
:105D70006400C3F10103CDE909121BB222B2BDF8E0
:105D800070100892002D0593BDF96C209DF86830C5
:105D9000069140F3108192B2079201320D9203F006
:105DA000010203F002030C93002381460B924FF093
:105DB000030B0493DDE0089A0299023213FA82F38E
:105DC000013912B208920AB29BB20292049A5B4461
:105DD00001321BB2059393B212B204920B9A039351
:105DE000002A60D0BDF80880BDF82860D9F80010FE
:105DF000BDF824500C6AA6EB080290B205EB030A2A
:105E00000E900D9B834803EB480384429FB20FFA28
:105E10008AFA12B21BB240F0C6808C6B7E48844274
:105E200040F0C1804B697D4CA34240F0C780069B87
:105E300001930E9B013B1F443FB200978F6A53466C
:105E400051464846B847D9F80070FB6AA34240F073
:105E5000C880039B3C6A6F49F21A079B45445B4428
:105E60008C422DB212B21BB240F09780BC6B6A49D3
:105E70008C4240F092807B69684CA34240F0C38022
:105E8000069B03990193079B0B441E4436B2009670
:105E90002B46BE6A29464846B047D9F80030DB6A2F
:105EA000A34240F0AD800C9B002B5AD0BDF8088077
:105EB000BDF82860039BD9F80010BDF824500C6A87
:105EC000A6EB080290B2A5EB030A0E900D9B514879
:105ED00003EB480384429FB20FFA8AFA12B21BB254
:105EE00053D18C6B4C4884424FD14B694B4CA342ED
:105EF00070D1069B01930E9B013B1F443FB200975C
:105F00008F6A534651464846B847D9F80070FB6A35
:105F1000A3425AD1039B3C6A3E49F21A079BA5EB68
:105F200008055B448C422DB212B21BB227D1BC6B68
:105F300039498C4223D17B69384CA34259D1069B05
:105F400007990193039B0B441E4436B200962B46DF
:105F5000BE6A29464846B047D9F80030DB6AA342FA
:105F600044D1029B049A0BF1020B93421FFA8BFB64
:105F700021DD059B002BBFF61EAF9BB226E70699DD
:105F8000009148462946A047EBE70699009148460C
:105F90005146A047D9F80070BCE7069900914846E1
:105FA0002946A0477FE70699009148465146A047F9
:105FB000D9F800704DE711B0BDE8F08F0F92484658
:105FC0009847D9F800100F9A31E748469847D9F812
:105FD00000709FE70F9248469847D9F800100F9A33
:105FE00087E748469847D9F8007032E7484698470F
:105FF000B7E70E9248469847D9F800700E9A9EE788
:10600000484698474FE70E9248469847D9F800709F
:106010000E9A35E7FD590300A95703003D570300C9
:106020002DE9F04FD0F800C0334FDCF8149087B062
:10603000B945BDF84080044615461E4648D1B2B267
:10604000DCF820902D4853000133AA1A81451FFA2D
:1060500083FB1FFA82FA1BB212B22DD1DCF8389002
:106060002748814528D1DCF81430BB4236D10AEBF1
:106070000B03013B1BB20093CDF804800B46049147
:10608000DCF828902046C84723680499DB6ABB42A5
:106090002DD14FF0000C0320CDE9000C3346CDF894
:1060A00008802A462046FFF75BFE2368DB6ABB4276
:1060B00009D107B0BDE8F08F0491CDF800802046EB
:1060C000C8470499E5E7204607B0BDE8F04F1847F8
:1060D0000491C847D4F800C00499B0E7CDE9042181
:1060E00020469847DDE90421D4F800C0BFE72046E8
:1060F00098470499CDE700BF3D570300FD590300C1
:10610000A95703002DE9F04F87B0D0F800C0BDF9C2
:1061100040600593F31D48BF06F10E03DB101746E0
:106120000393DCF814202C4BBDF94440BDF848B073
:106130009A428146884645D1002C3BDD3C440025EF
:1061400023B202950493002E2BDD059A02990A448E
:106150000023019213F0070F08BF019A9CB24FEA87
:10616000E3034FEA45050CBFD55CEDB204EB080133
:1061700015F0800F09B210D0DCF818A0174B9A4523
:1061800008BFDCF810A05B463A4648461EBF5B4697
:106190003A464846D047D9F800C0013423B29E425F
:1061A000D8D1DDE90232134401370293049B3FB298
:1061B0009F42C8D1DCF82C30074A934206D107B081
:1061C000BDE8F08F9047D9F800C0B5E7484607B062
:1061D000BDE8F04F184700BF3D570300415703008B
:1061E0002DE9F04F2DED028B91B0C469BDF87050D0
:1061F00004959DF87850BDF874A002950F4605925D
:10620000002C00F0AB80227AD4E900159B1ADBB297
:1062100005EBC30235F8339093780893D37892F95D
:106220000660079392F90530029A0391012A0A93B6
:106230006BD91CB233B20993B54B02680F93194660
:1062400053698B4240F05F81079B002B78D0029905
:10625000BBB204FB01340B93BDF814300D93002541
:10626000A4B233440C940E932C4606951FFA81FA7F
:10627000089B002B5DD0069F09990D9E394401FBB8
:106280000A6C03EB0508DDE90A160E9B3B440E443D
:106290001BB20FFA8CF108EE101A08EE903A0C9F20
:1062A000B6B25FFA88F807E0640001365744A845A3
:1062B000E4B2B6B2BFB23CD02B46590705F1010596
:1062C000EDB206D1039909F1010311F809401FFA53
:1062D00083F92306E8D5029B012B1AD0D2F81CB013
:1062E000DFF838C2BDF90830E3450FFA87FE31D137
:1062F0000499CDE90031D2F840B0059018EE102A8B
:106300007146D84705980268CEE7002309931C46DA
:1063100092E7D2F818B07F4B05909B4508BFD2F8A2
:1063200010B0049B18EE902A31B2D8470598026845
:10633000BAE7069B07990133DBB29942069397D8D7
:10634000D36A0F9A934240F0C28011B0BDEC028B29
:10635000BDE8F08F049ACDE90032CEE7B0F90C2009
:106360008A42F2DDB0F90E2005998A42EDDD06225F
:1063700012FB0572002AE8DD01EBC502002AE4DD0C
:10638000C27E002A00F0CE80614AD0F800C00F9291
:106390001146DCF814208A4240F0C9805E4CBDF8FA
:1063A00008B0CDF80CA0B9B203EB8303E3184A1D83
:1063B000099393B20A93BDF8143007930B91069199
:1063C000089163468046099ABDF920A012F8016B36
:1063D000079CBDF9087009920025C1461BE0029A8E
:1063E000012A2DD0D3F81C804C49884522B240F0B8
:1063F00086800499CDE90071D3F840803B46514630
:106400004846C047D9F8003001355C44082DA4B295
:106410004FEA560626D0F007E1D4DDE903128A429E
:10642000F2D0029A012A58D0D3F81C803B49884503
:1064300022B275D10399CDE90071D3F84080DDE730
:10644000D3F81880079A3348BDF9181080452A44BC
:1064500008BFD3F81080049B12B24846C047D9F851
:106460000030D1E7069A013291B2089A06915A4457
:1064700092B208920A9A8A42C846A4D19C46DDE9A3
:1064800003A3534548461CD0029B012B57D00B9BBE
:10649000DCF81C40214D4FEACB02CDE9002A0BEB82
:1064A0008B010B441946AC42BDF9083008BFDCF83B
:1064B0004040059ACDF8089009B2A0470298D0F85C
:1064C00000C0DCF82C300F9A93423FF43EAF11B07D
:1064D000BDEC028BBDE8F04F1847D3F81880079A3F
:1064E0000C48BDF9181080452A4408BFD3F8108025
:1064F000039B12B24846C047D9F8003084E7049B9A
:10650000CDE900737AE706909847069802689BE603
:106510003D570300415703007431060051570300F3
:10652000039BEDE7AF2B84BF0133DBB22CE706936F
:10653000039090470398069BD0F800C02EE7CDF853
:1065400000A0DCF82040059ABDF92810CDF808908D
:106550002B46A0470298D0F800C0B2E72DE9F041E1
:10656000C36984B08046002B3BD00A292DD00D2969
:1065700033D01A7A914230D35C7A8C422DD35C6846
:106580008A1A04EBC204A278AAB1E5789DB1857E8F
:10659000002D68D1077EB0F91050B0F91220B8F87C
:1065A00016300297B8F814600096019340460B46E7
:1065B0002946FFF715FE2179B8F8102098F8183011
:1065C00001FB0323A8F8103007E0002202829B7A27
:1065D000428A017E01FB03234382012004B0BDE80F
:1065E000F0810A2922D00D29F7D0827EB0F910401F
:1065F00032BBB0F91220057EB8F816300295B8F813
:1066000014500095019340460B462146FFF7E8FDE4
:1066100098F81830B8F8102003EB430302EB43035B
:106620000120A8F8103004B0BDE8F081428A017E54
:10663000038202EBC1034382012004B0BDE8F08174
:10664000057EB0F90C60062212FB0542B24207DD5E
:10665000428A038202EBC50212B21C464282CBE799
:10666000B0F91220C8E794F90560B0F91050077E20
:10667000B0F90CC0324407FB0252624502DCB0F9AB
:1066800012208CE7002505829A7A438A02FB0732A2
:1066900012B2428283E700BF01824282704700BF8C
:1066A000002361F30F0361F31F434361704700BF91
:1066B000407E7047C36939B10BB1C1617047438AED
:1066C000C161063343827047002BF6D0438AC16113
:1066D000063B4382704700BFB0F90C00704700BF13
:1066E000B0F90E00704700BF10B50446084661605F
:1066F00062701146FEF736FF6068FEF79BFFB0FA46
:1067000080F0400910BD00BF2DE9F843524E9DF8BE
:1067100028C09DF820E09DF82440A6FB0C57FF08F8
:1067200007EB8705ACEB450C0CEB0717A6FB0459F0
:106730000546A6FB0EC0A6FB03C64FEAD60C4FEAE1
:10674000D9090CEB8C064FEAD00809EB8900A4EBC1
:106750004004A3EB460608EB880006EB0C16AEEBF4
:10676000400000EB0810022AEE723C4EA87204EBC7
:10677000091494BF01F1FF3008466C7207F07F07DF
:10678000A6FB0046034494BF02F10C0C9446740926
:106790002F7203EB9003304F1A200CFB000003EB29
:1067A000D61304EB440403EB4403A7FB00402C4C3A
:1067B00003EBD003A4FB0304181B04EB5004A40850
:1067C000C4EBC4041C1B254B2348A3FB01634FEA05
:1067D00053134FF0640606FB1313DEB2A0FB06C78B
:1067E000A0FB02C04FEAD0004FEAD70718BF04F160
:1067F000FF3400EB800C07EB870E9BB2C1F5FA610A
:1068000014BFE4B20624A6EB4E069942A2EB4C025A
:1068100002EB001218BF44F0800406EB07166978FB
:106820006868AE736A732C73FEF79CFE6868036831
:1068300002211B689847EC1D05F10E06686814F8E4
:10684000011F03681B689847A642F7D16868BDE836
:10685000F843FEF7EFBE00BFCDCCCCCC1F85EB518B
:10686000254992242DE9F0410C4605464978606897
:10687000FEF778FE6068036802211B6898470021D4
:106880006068FEF779FE6178606801230722FEF7F1
:1068900015FE04F10807002606E0606803685B69DE
:1068A0009847F3B24646F854606803681B699847F6
:1068B00006F101080028F0D194F80D80267A617A5B
:1068C000A07A94F80BE0A37BC8F3001C4FEA8C027B
:1068D000C6F30217944408F00F0202EB4C0C07EBCE
:1068E000870706F00F0202EB4707C1F3021202EB23
:1068F000820201F00F0101EB4202C0F3011101EB32
:10690000810100F00F0000EB4101CEF3011000EB1C
:1069100080000EF00F0E0EEB40004FEA131E0EEB40
:106920008E0E03F00F0303EB4E0394F80CE0E072BD
:10693000F6090EF0070E84F80DC0277226766272F3
:10694000A17284F80CE000246CF3070460F30F24B8
:1069500061F31744DBB218F0800F62F31F6414BFB9
:1069600003F26C7303F5FA63AF71C5F802402B8034
:106970002846BDE8F08100BFF8B50446417800F133
:1069800008064068FEF7EEFD6068036801211B6899
:10699000984700216068FEF7EFFD01236178606889
:1069A0001A46FEF78BFD002506E0606803685B6908
:1069B0009847EBB23D46F054606803681B699847FE
:1069C0006F1C0028F1D1237A6178606823F00A03F4
:1069D00043F004032372FEF7C5FD606803680121DC
:1069E0001B6898476068217A03681B68984760684D
:1069F000BDE8F840FEF71EBE70B4BDF90C50BDF9FD
:106A0000106003959DF81450049605959DF8186044
:106A10009DF81C500468CDE906656469A44670BC05
:106A2000604700BF03681B69184700BF70B4BDF919
:106A30000C50BDF9106003959DF81450049605950F
:106A40009DF818609DF81C500468CDE906656469DE
:106A5000A44670BC604700BF70B4BDF90C50BDF9CE
:106A600010600395BDF9145004960595BDF91860A2
:106A7000BDF91C5006960795BDF920609DF824507D
:106A8000089609959DF828609DF82C500468CDE97A
:106A90000A65E469A44670BC604700BF704700BF48
:106AA000704700BF704700BF704700BF704700BF0E
:106AB00010B50446006AFEF769FBB4F90C00002823
:106AC00002DB00211EF086FEB4F90E00002802DB76
:106AD00000211EF07FFEB4F91000002800DA10BD7E
:106AE000BDE8104000211EF075BE00BF30B4194D46
:106AF0008181C281BDF81410BDF8182003829DF871
:106B00001C30056081809DF820509DF82410C280C3
:106B100003729DF82820BDF9083045728172BDF9D5
:106B20000C500499C27243820B4A0C4B85828161DE
:106B30004FF480750262436240F2011100234FF46A
:106B40002022C0E90B12C0E90D330585037730BC64
:106B5000704700BFE836060048C6002000093D0027
:106B600010B483B06C4684E80C0003461046A2883B
:106B7000196258621A8503B05DF8044B704700BF74
:106B800038B50446B0F91000002827DB657F35BB17
:106B900001211EF0A3FEB4F9100001211EF01AFE1F
:106BA0000121B4F910001EF099FE0A201BF0CCF967
:106BB0002946B4F910001EF091FE608E1BF0C4F956
:106BC000B4F9100001211EF089FE608E0A2838BF3A
:106BD0000A201BF0B9F9002384F8303038BD0021B9
:106BE0001EF07CFEB4F9100001211EF0F3FDB4F993
:106BF000100000211EF072FE608E1BF0A5F9B4F9A2
:106C0000100002211EF0E6FD608E0A2838BF0A201F
:106C10001BF09AF9DFE700BF38B5044680F82C2056
:106C20009DF8105084F82D20002063866577E0855C
:106C30002086002953D1B4F90C0000280CDB012177
:106C40001EF04CFEB4F90C0001211EF0C3FDB4F996
:106C50000C0001211EF042FE2046FFF791FF206A42
:106C6000FEF750FAB4F9100000280CDB01211EF0E9
:106C700035FEB4F9100001211EF0ACFDB4F910008E
:106C800001211EF02BFEB4F90C0000280CDB0121C1
:106C90001EF024FEB4F90C0001211EF09BFDB4F996
:106CA0000C0001211EF01AFEB4F90E0000280CDBC6
:106CB00001211EF013FEB4F90E0001211EF08AFD21
:106CC000B4F90E0001211EF009FEB4F912000028EB
:106CD00000DA38BDBDE8384000211EF07BBD034816
:106CE0000CF05AF801232377A5E700BFACD00020B1
:106CF00030B50368414A5D68954283B076D1044659
:106D0000002540F201104FF42022C4E90B02657700
:106D1000002965D1B4F90C00002853DA2046FFF7AA
:106D20002FFF206AFEF7EEF9B4F91000002837DAD9
:106D3000B4F90C00002821DAB4F90E0000280BDAAF
:106D4000B4F91200002801DA03B030BD002103B00D
:106D5000BDE830401EF03EBD01211EF0BFFDB4F97C
:106D60000E0001211EF036FDB4F90E0001211EF0C7
:106D7000B5FDB4F912000028E6DBE7E701211EF0BB
:106D8000ADFDB4F90C0001211EF024FDB4F90C0096
:106D900001211EF0A3FDB4F90E000028D0DBDBE7D3
:106DA00001211EF09BFDB4F9100001211EF012FD1F
:106DB000B4F9100001211EF091FDB4F90C00002877
:106DC000BADBDBE701211EF089FDB4F90C000121DB
:106DD0001EF000FDB4F90C0001211EF07FFD9DE7BF
:106DE00007480BF0D9FF0123237793E70023009393
:106DF00001220A23A84703B030BD00BF196C03006D
:106E0000ACD000202DE9F843B0F91230002B60DB44
:106E10000446012089461BF097F83D4BDB68D901F9
:106E20004CD41CF0C9FA3B4BA0FB0301850A45EA90
:106E30008155374EDFF8DC80374F08E03B68D807D4
:106E40001DD57B68A2699B095B1B934222D8B4F9CC
:106E500012001EF061FDB4F9143098421ED1636B2C
:106E6000002B32D0A06B9847B4F912001EF054FDED
:106E7000B4F91430984211D1F368DB01DED41CF070
:106E80009BFAA0FB0801830AA26943EA81535B1BBA
:106E90009342DCD9214922481AF0B4F8B9F1000F25
:106EA0001CD0237FD3B11A4BDB68D90118D51A4BFC
:106EB0001A68D20714D55B689B0919E0164B1A684B
:106EC000D207AED55D68AD09B3E701201BF03CF8F1
:106ED000CAE7BDE8F84310461BF036B8BDE8F883B2
:106EE0001CF06AFA0B4BA0FB0301830A43EA8153AF
:106EF00049460B485D1B19F06DFF0A49084819F017
:106F000069FF29460648BDE8F8430A221AF09CB9F1
:106F1000F0ED00E040420F00001000E0CC3606002B
:106F2000ACD00020DC36060038B504460D46D0E96A
:106F30000912006AFEF732F9B4F90E00002802DBEC
:106F400000211EF0CBFCB4F90C00002802DB00216C
:106F50001EF0C4FC206A2946FEF7CAF9B4F90C00F9
:106F6000002802DB01211EF0B9FCB4F90E00002854
:106F700002DB01211EF0B2FC206ABDE83840FEF7BA
:106F80006FB900BF38B504460D46D0E90912006A52
:106F9000FEF704F9B4F90C00002802DB00211EF012
:106FA0009DFC206A2946FEF7A3F9B4F90C000028DD
:106FB00002DB01211EF092FC206ABDE83840FEF79A
:106FC0004FB900BFF8B506460C461746D0E909127E
:106FD000006A1D46FEF7E2F8B6F90C00002822DA36
:106FE00057B1013FBFB20137274414F8011B306A83
:106FF000FEF77EF9A742F8D1002D08DD306A0021A6
:10700000FEF776F96B1E9AB21DB2002AF6D1B6F9D8
:107010000C00002802DB01211EF060FC306ABDE894
:10702000F840FEF71DB900211EF058FCD8E700BF5C
:1070300010B50446D0E90912006AFEF7AFF8B4F9BA
:107040000C00002800DA10BDBDE8104000211EF041
:1070500045BC00BF006AFEF74BB900BF10B504463F
:10706000B0F90C00002802DB01211EF037FC206A79
:10707000BDE81040FEF7F4B890F82E3010B5044685
:1070800013B90023E38510BD2221FFF74DFF8321B3
:107090002046FFF777FF20212046FFF745FF0449F0
:1070A00096222046FFF7AEFE0023E38510BD00BF09
:1070B0003837060090F82E3010B504468BB9B4F975
:1070C000103000229342E28500DA10BD10212046E4
:1070D000FFF72AFF01212046FFF754FF01232386F3
:1070E00010BD2221FFF720FF20468321FFF74AFF32
:1070F00020462021FFF718FF024996222046FFF77D
:1071000081FEDCE73837060070B58AB00125CDE98D
:10711000075501954FF0000C0225BDF93840084E87
:107120000094CDE9055CC825CDE9035502960446D7
:10713000FFF7DCFC034B236020460AB070BD00BFA4
:1071400080969800143806002DE9F84304460E4650
:10715000112115469946BDF82080FFF7E5FE20462F
:107160000321FFF70FFFC6F3C70720464421FFF7AF
:10717000DBFE39462046FFF705FF06EB0903591EE3
:1071800048BF991D2046C1F3C701FFF7FBFE5FFA18
:1071900085F920464521FFF7C7FEA84449462D0A38
:1071A0002046FFF7EFFE08F1FF3629462046FFF79D
:1071B000E9FEF1B22046FFF7E5FE311EB8BF08F147
:1071C000FE012046C1F30721FFF7DCFE20464E21D9
:1071D000FFF7AAFE39462046FFF7D4FE20464F218E
:1071E000FFF7A2FE49462046FFF7CCFE294620467F
:1071F000BDE8F843FFF7C6BE10B590F8303082B056
:107200000446C3BB0A201AF09FFE12212046FFF756
:107210008BFE0A201AF098FE20460121FFF784FE1B
:107220002046C721FFF7AEFE20460021FFF7AAFE49
:1072300020460021FFF7A6FE20463C21FFF774FE02
:1072400020460521FFF79EFE20461821FFF76CFE21
:1072500020468021FFF796FEC823002200931146A6
:107260002046FFF771FF0022012384F82F2084F8C5
:10727000313002B010BDFFF783FCC3E72DE9F04FBA
:107280008BB098469DF85C3005939DF8603006936E
:1072900006469DF86430BDF954A0BDF95050BDF9C3
:1072A000584004910120174607931AF04DFED8F17B
:1072B000000303F0070308F0070158BF59421FFA03
:1072C00088F31AF1070848BF0AF10E0889B2A3EB48
:1072D0000109C8F3CF080FFA89F94FEAC80209FA81
:1072E00082F0C91A29EAE979C72889B21FFA89F90F
:1072F00092B2C8BF01F1C802494405EB0403C8BFFC
:1073000092B289B2C72BA2EB01021FFA85FBC8BF5C
:10731000CBF1C8030FFA82FAD4BFA3B29BB2BAF181
:10732000000F039192B240F3E68025EAE575ADB215
:107330005B445B1B19B200299BB20291089340F396
:10734000DA8096F83130002B00F0D88096F82C3097
:10735000002B40F0C880089B0093494613463046F6
:107360002A46FFF7F1FE04993046FFF7DDFD30466F
:10737000FFF75EFE4FEAEA01BDF90C300391CAF354
:10738000CF010491002B0499A5EB0B02B8BF073382
:1073900012B2651E01EBE3039BB2AD1A12FB08F2B9
:1073A00015FB08351344ADB29CB24FF00009039BA6
:1073B000CBB1049BE21AEB1A1FFA83FB069B1FFA60
:1073C00082FA93BB059B002B6DD1079B03BB0FFA81
:1073D0008AF30AF1010AF95C30461FFA8AFAFFF7CC
:1073E00039FE5445F3D1029A09F101090FFA89F3E4
:1073F000A5EB080544449A42ADB2A4B2D7DC3046AE
:10740000FFF72CFE01200BB0BDE8F04F1AF09CBD39
:107410000FFA8AF30AF1010AF95C30461FFA8AFA78
:10742000FFF718FE5445F3D1DDE7059BDBB9079B59
:1074300063B90FFA8BF30BF1010BF95C30461FFABD
:107440008BFBFFF707FEAB45F3D1CCE70FFA8BF3CD
:107450000BF1010BF95C30461FFA8BFBFFF7FAFDCD
:10746000AB45F3D1BFE7079B73B90FFA8BF30BF171
:10747000010BF95CC9433046C9B21FFA8BFBFFF719
:10748000E9FDAB45F1D1AEE70FFA8BF30BF1010B40
:10749000F95CC9433046C9B21FFA8BFBFFF7DAFD2E
:1074A000AB45F1D19FE7079B73B90FFA8AF30AF155
:1074B000010AF95CC9433046C9B21FFA8AFAFFF7DC
:1074C000C9FD5445F1D18EE70FFA8AF30AF1010A9A
:1074D000F95CC9433046C9B21FFA8AFAFFF7BAFD10
:1074E000A245F1D17FE7336809921B69FF2130463D
:1074F0009847099A2FE70BB0BDE8F08F3046099204
:10750000FFF77AFE96F82C30099A002B3FF423AF50
:10751000E9E700BF70B586B01646BDF928409DF872
:10752000345001949DF83840BDF92C2000939DF80B
:107530003030029203930A46CDE9045433462421A5
:10754000FFF79CFE06B070BD2DE9F04F89B01D46D7
:10755000BDF94870BDF94C809DF850909DF854A03D
:107560009DF858B007920C46134606460A46CDE9E8
:107570000178CDE9039A0095CDF814B02621FFF7E4
:107580007DFECDE904ABCDE90289079B009522463B
:10759000304601972421FFF771FE09B0BDE8F08F56
:1075A0002DE9F04F8DB09B46BDF9685006959DF8CA
:1075B0007450BDF95840BDF95C6002959DF8785053
:1075C0000594039504469DF87C5004950120BDF96F
:1075D0006070BDF96490BDF96C80BDF970A0079131
:1075E00015461AF0B1FC002EC0F2E380002FC0F265
:1075F000E080B8F1000FC0F2DC80BAF1000FC0F2F9
:10760000D880BBF1000FC0F2D4805E4540F3D1803A
:10761000059B002BC0F2CD809F4240F3CA80FB1A2D
:107620009A45A8BF9A46D9F1000202F0070209F074
:10763000070358BF53422BF00702B21A9045A8BF68
:10764000904618F107029BB21FFA89F9A9EB0301D2
:1076500048BF08F10E0209B222F0070201FA82F0D7
:10766000C7280698A3EB090921EAE17803461FFA27
:1076700089F192B25344C4BF01F1C80292B2C72B40
:1076800000F3A78080B21FFA8AF308901FFA88F8E7
:10769000414489B2A2EB010A0FFA8AF91FFA8AF271
:1076A000B9F1000F09910A9240F38380069A22EA09
:1076B000E2721FFA82FA089A1A44A2EB0A0213B283
:1076C000002B069392B274DD94F83130002B00F059
:1076D000E58094F82C3033B123680B921B69FF21AD
:1076E000204698470B9A0A9B0092414652462046F4
:1076F000FFF72AFD07992046FFF716FC2046FFF703
:1077000097FCBDF92420089B4FEAE9010791C9F3D2
:10771000CF010736AAEB03030891002A05990898C0
:10772000C6F3CF08B8BF07321EB24FEAEB0303EB34
:10773000E203CA43034417449BB2BF1B0E4417FB2A
:10774000083716FB0833BFB29EB24FF0000B079B01
:10775000D3B1089BF21AFB1A1FFA83FA039B1FFA94
:1077600082F9002B3CD1029B002B77D1049B1BBBE1
:107770000FFA89F309F10109E95C20461FFA89F93A
:10778000FFF768FC4E45F3D1069A0BF1010B0FFA97
:107790008BF3A7EB080746449A42BFB2B6B2D6DCD9
:1077A0002046FFF75BFC01200DB0BDE8F04F1AF05A
:1077B000CBBB0DB0BDE8F08F0FFA89F309F10109D9
:1077C000E95C20461FFA89F9FFF744FC4E45F3D1E6
:1077D000DAE7BDF818300893C3F1C8039BB255E748
:1077E000029BDBB9049B63B90FFA8AF30AF1010A21
:1077F000E95C20461FFA8AFAFFF72CFCBA45F3D160
:10780000C2E70FFA8AF30AF1010AE95C20461FFA7F
:107810008AFAFFF71FFCBA45F3D1B5E7049B73B9A9
:107820000FFA8AF30AF1010AE95CC9432046C9B29A
:107830001FFA8AFAFFF70EFCBA45F1D1A4E70FFA56
:107840008AF30AF1010AE95CC9432046C9B21FFA6A
:107850008AFAFFF7FFFBBA45F1D195E7049B73B9AC
:107860000FFA89F309F10109E95CC9432046C9B25D
:107870001FFA89F9FFF7EEFB4E45F1D184E70FFAC5
:1078800089F309F10109E95CC9432046C9B21FFA2D
:1078900089F9FFF7DFFBB145F1D175E720460B927F
:1078A000FFF7AAFC0B9A14E770B590F8313082B05C
:1078B00004460D46BBB3C823002211460093204660
:1078C000FFF742FC24212046FFF72EFB2046FFF75E
:1078D000AFFB41F2883629462046FFF7BBFB013E4D
:1078E000F9D12046FFF7BAFB94F83130F3B1C82341
:1078F0000022114600932046FFF726FC2621204651
:10790000FFF712FB2046FFF793FB41F2883629462A
:107910002046FFF79FFB013EF9D1204602B0BDE8AB
:107920007040FFF79BBBFFF767FCC4E72046FFF7FB
:1079300063FCDCE770B590F8313082B004460E4647
:10794000002B5ED0C8230022114600932046FFF78B
:10795000FBFB26212046FFF7E7FA2046FFF768FBEE
:1079600041F2883531462046FFF774FB013DF9D1DD
:107970002046FFF773FB94F83130002B44D0C82326
:107980000022114600932046FFF7DEFB242120460B
:10799000FFF7CAFA2046FFF74BFB41F28835314624
:1079A0002046FFF757FB013DF9D12046FFF756FB74
:1079B0002368244A5B6B93423CD194F82E3084F8C0
:1079C0002F502BB3012384F82E3020462221FFF7BD
:1079D000ABFA2046F721FFF7D5FA20462021FFF722
:1079E000A3FA19494FF47A622046FFF70BFA0023F5
:1079F00084F82E3084F82D30002384F82C3002B027
:107A000070BDFFF7F9FB9DE72046FFF7F5FBB6E7F2
:107A100020462221FFF788FA2046F821FFF7B2FA24
:107A200020462021FFF780FA084964222046FFF70C
:107A3000E9F9C7E7294620469847002384F82C3007
:107A400002B070BDB1830300503706004437060012
:107A500070B590F82C3082B004460D46002B6AD0E9
:107A60000368564ADB68934240F0848090F83130D6
:107A7000002B00F08680C823002211460093204688
:107A8000FFF762FB26212046FFF74EFA2046FFF75C
:107A9000CFFA41F2883629462046FFF7DBFA013E4D
:107AA000F9D12046FFF7DAFA94F83130002B6BD089
:107AB000C8230022114600932046FFF745FB2421EE
:107AC0002046FFF731FA2046FFF7B2FA41F2883636
:107AD00029462046FFF7BEFA013EF9D12046FFF7BE
:107AE000BDFA2368364A5B6B934263D194F82E301B
:107AF00084F82F60002B4BD0012384F82E302221F4
:107B00002046FFF711FAF7212046FFF73BFA202124
:107B10002046FFF709FA2B494FF47A622046FFF717
:107B200071F9002384F82E3084F82D30002384F876
:107B30002C3002B070BD90F83130FBB1C823002268
:107B4000114600932046FFF7FFFA24212046FFF755
:107B5000EBF92046FFF76CFA41F2883629462046B9
:107B6000FFF778FA013EF9D1204602B0BDE8704037
:107B7000FFF774BA02B0BDE870401847FFF73CFB4E
:107B8000DCE7FFF739FB76E72046FFF735FB8FE7A9
:107B900020462221FFF7C8F92046F821FFF7F2F925
:107BA00020462021FFF7C0F9074964222046FFF74D
:107BB00029F9A1E7314620469847B7E73579030010
:107BC000B183030050370600443706002DE9F04F1B
:107BD0008DB00D46BDF9644007949DF87040049443
:107BE0009DF87440BDF9587003949DF87840059451
:107BF00004460120BDF95C60BDF96090BDF9688064
:107C0000BDF96CA0069393461AF09EF9002FC0F2BE
:107C1000E580002EC0F2E280B8F1000FC0F2DE80F5
:107C2000BAF1000FC0F2DA80BBF1000FC0F2D680CB
:107C3000BB4580F2D380069B002BC0F2CF80B342BD
:107C400080F2CC80F11A8A45A8BF8A46D9F1000299
:107C500002F0070209F0070358BF53422BF0070256
:107C6000BA1A9045A8BF904618F107029BB21FFAB6
:107C700089F948BF08F10E02A9EB030000B222F017
:107C8000070200FA82F120EAE0780798A3EB0903E3
:107C9000C7299BB2014692B25144C4BF03F1C80246
:107CA00092B2C72900F3AA8080B21FFA8AF1089025
:107CB0001FFA88F843449BB2A2EB030A0FFA8AF931
:107CC0000993B9F1000F1FFA8AF30A9340F38680F3
:107CD000079B23EAE3731FFA83FA089B5A18A2EB67
:107CE0000A0213B2002B079392B277DD94F8313079
:107CF000002B00F0E88094F82C3033B123680B920D
:107D00001B69FF21204698470B9A0A9B0092414627
:107D100052462046FFF718FA24212046FFF704F9BF
:107D20002046FFF785F9BDF92410089B4FEAE900CA
:107D300000290990C9F3CF00B8BF07314FEAEB0221
:107D4000089002EBE10208990A440699AAEB0303A2
:107D5000013E1BB20737761AC7F3CF0792B2F61A65
:107D600001EB030916FB072619FB0729B6B21FFA18
:107D700089F94FF0000A099BDBB1089BA9EB0302CC
:107D8000F31A1FFA83FB039B1FFA82F8002B3CD1E6
:107D9000049B002B77D1059B1BBB0FFA88F308F1DE
:107DA0000108E95C20461FFA88F8FFF753F9C1453E
:107DB000F3D1079A0AF1010A0FFA8AF3F61BB944C4
:107DC0009A42B6B21FFA89F9D5DC2046FFF746F988
:107DD00001200DB0BDE8F04F1AF0B6B80DB0BDE807
:107DE000F08F0FFA88F308F10108E95C20461FFACA
:107DF00088F8FFF72FF9C145F3D1DAE7BDF81C1079
:107E00000891C1F1C80189B252E7049BDBB9059B17
:107E100063B90FFA8BF30BF1010BE95C20461FFAF3
:107E20008BFBFFF717F9B345F3D1C2E70FFA8BF3DA
:107E30000BF1010BE95C20461FFA8BFBFFF70AF9F7
:107E4000B345F3D1B5E7059B73B90FFA8BF30BF18B
:107E5000010BE95CC9432046C9B21FFA8BFBFFF74F
:107E6000F9F8B345F1D1A4E70FFA8BF30BF1010B4D
:107E7000E95CC9432046C9B21FFA8BFBFFF7EAF859
:107E8000B345F1D195E7059B73B90FFA88F308F173
:107E90000108E95CC9432046C9B21FFA88F8FFF718
:107EA000D9F8C145F1D184E70FFA88F308F1010848
:107EB000E95CC9432046C9B21FFA88F8FFF7CAF83F
:107EC000C845F1D175E720460B92FFF795F90B9A5B
:107ED00011E700BF2DE9F04F95B00C46BDF980B019
:107EE000BDF98410BDF97870BDF97C900F911646EC
:107EF0009DF894200B929C469DF898300C93CDE908
:107F000003B10B99BDF98880BDF98CA008910C993B
:107F10009DF89050CDF800C0334622460991CDE936
:107F2000017926210D95CDF838C00795CDE9058A50
:107F30000546FFF735FB01201AF006F8002FC0F2C6
:107F4000E880B9F1000FC0F2E480B8F1000FC0F290
:107F5000E080BAF1000FC0F2DC80002EC0F2D980C0
:107F6000BE4280F2D6800E9B002BC0F2D2804B45E1
:107F700080F2CF80A9EB03018A45A8BF8A46DBF1D6
:107F8000000202F007020BF0070358BF534226F02D
:107F90000702BA1A9045A8BF904618F107029BB293
:107FA0001FFA8BFC48BF08F10E02ACEB030000B2D5
:107FB00022F0070200FA82F120EAE0780F98A3EBA2
:107FC0000C03C7299BB2014692B25144C4BF03F1CE
:107FD000C80292B2C72900F3AC8080B21FFA8AF1BE
:107FE00010901FFA88F003449BB2A2EB030A0FFA29
:107FF0008AF8B8F1000F119012931FFA8AFA40F331
:1080000088800F9B23EAE37B109B1FFA8BFB5A1897
:10801000A2EB0B0213B2002B0F9392B279DD95F80D
:108020003130002B00F0EA8095F82C3033B12B680A
:1080300013921B69FF2128469847139A11990092C1
:1080400053465A462846FFF77FF824212846FEF774
:108050006BFF2846FEF7ECFFBDF94810109B4FEA76
:10806000E80000291190C8F3CF004FEAE602B8BF3C
:108070000731109002EBE10210990A440E9909F1C0
:10808000FF36ABEB030B0FFA8BF30737761AC7F308
:10809000CF0792B2F61A01EB030916FB072619FB6C
:1080A0000729B6B21FFA89F94FF0000A119BDBB11C
:1080B000109BA9EB0302F31A1FFA83FB0B9B1FFA19
:1080C00082F8002B3CD10D9B002B77D10C9B1BBB66
:1080D0000FFA88F308F10108E15C28461FFA88F8D6
:1080E000FEF7B8FFC145F3D10F9A0AF1010A0FFA62
:1080F0008AF3F61BB9449A42B6B21FFA89F9D5DC65
:108100002846FEF7ABFF012015B0BDE8F04F19F08F
:108110001BBF15B0BDE8F08F0FFA88F308F1010816
:10812000E15C28461FFA88F8FEF794FFC145F3D1B9
:10813000DAE7BDF83C101091C1F1C80189B250E7EF
:108140000D9BDBB90C9B63B90FFA8BF30BF1010BA1
:10815000E15C28461FFA8BFBFEF77CFFB345F3D1A9
:10816000C2E70FFA8BF30BF1010BE15C28461FFA13
:108170008BFBFEF76FFFB345F3D1B5E70C9B73B9EB
:108180000FFA8BF30BF1010BE15CC9432846C9B22E
:108190001FFA8BFBFEF75EFFB345F1D1A4E70FFAA0
:1081A0008BF30BF1010BE15CC9432846C9B21FFAFE
:1081B0008BFBFEF74FFFB345F1D195E70C9B73B9ED
:1081C0000FFA88F308F10108E15CC9432846C9B2F7
:1081D0001FFA88F8FEF73EFFC145F1D184E70FFA98
:1081E00088F308F10108E15CC9432846C9B21FFAC7
:1081F00088F8FEF72FFFC845F1D175E7284613929E
:10820000FEF7FAFF139A0FE738B590F82F5004469F
:10821000CDB194F82E3033B3012384F82E302046AC
:108220002221FEF781FE2046FC21FEF7ABFE204610
:108230002021FEF779FE20461449BDE838404FF46E
:108240004872FEF7DFBD3221FEF76EFE2B46104965
:1082500099222046FEF7B6FE012384F82F3094F8C9
:108260002E30002BD8D120462221FEF75DFE20467D
:10827000F821FEF787FE20462021FEF755FE05492E
:1082800064222046FEF7BEFDC6E700BF6037060049
:10829000703706004437060070B590F82D6082B044
:1082A0000446BDF91850002E3FD10029BCBF5B1811
:1082B0001BB221EAE170002AB8BFAD1800EB030140
:1082C000B8BF2DB222EAE272C729C8BFC0F1C80305
:1082D00002EB0501C8BF1BB2C729C4BFC2F1C80564
:1082E0002DB2002B56DD002D54DD00F007010B44AC
:1082F00019B24E4206F0070601F0070158BF71425D
:1083000000299BB202DD08335B1A9BB2ADB24FF677
:10831000F87101400095204692B2FEF715FF204605
:1083200002B0BDE87040FFF76FBF03681D4A5B6B8A
:10833000934231D190F82E30002280F82F207BB963
:108340002221FEF7F1FDF8212046FEF71BFE202139
:108350002046FEF7E9FD144964222046FEF752FD4F
:10836000012384F82E3022212046FEF7DDFDF7217F
:108370002046FEF707FE20212046FEF7D5FD0B49DB
:108380004FF47A622046FEF73DFD002384F82E303C
:1083900084F82D3002B070BD002102B0BDE87040FD
:1083A000184700BFB183030044370600503706006A
:1083B00030B5044683B091B103682D4A9D6B954258
:1083C0004AD190F82D205ABBC82300931146FEF7DE
:1083D000BBFE204603B0BDE83040FFF715BF90F864
:1083E0002E3080F82F1033B3012384F82E3020462E
:1083F0002221FEF799FD2046F721FEF7C3FD204616
:108400002021FEF791FD1B494FF47A622046FEF7CA
:10841000F9FC002384F82E3084F82D3003B030BDF1
:108420005B6B154A93421ED190F82E30002280F8E3
:108430002F20002BD8D12221FEF776FD2046F821EF
:10844000FEF7A0FD20462021FEF76EFD0B496422B9
:108450002046FEF7D7FCC7E7C82300220093114649
:10846000A84703B030BD002103B0BDE83040184735
:108470009982030050370600B18303004437060099
:1084800000220221C0E9302280F8B91002808280E7
:10849000826002730282426102768283026280F805
:1084A00024200285C26280F830200287C263A0F8CF
:1084B0004820C264A0F858200266A0F8682002672D
:1084C000A0F87820C0F88020A0F88820C0F890207C
:1084D000A0F89820C0F8A020A0F8BA2080F8BC200E
:1084E000C0E93222C0E93422A0F8A82080F8AA20EE
:1084F000704700BF2DE9F04190F8A960044656B3DB
:1085000090F8AA30A3F14102052A78D9A3F16102BB
:10851000052A94BF573B303B94F8AB20A2F14101B0
:108520001B010529DBB240F20D81A2F16101052991
:1085300094BF573A303A134494F8A820DBB29A42D9
:1085400000F0BA80D4F8D0300133C4F8D03000261F
:108550003046BDE8F08190F8BA304BB390F8B920BE
:10856000022A03D090F8AA50002D4AD1D4F8C47042
:108570003D46002FECD004F1AA08B96AA86A23F09E
:1085800037FD0028E4D1EA6A94F8BA309A42DFDC79
:1085900003D02D6B002DF0D1DAE72846102241469A
:1085A00023F076FD2D6B002DD2D0D4F8C470E4E713
:1085B00000F1AA07BD49384623F01AFD30B1BC4985
:1085C000384623F015FD002840F0E180012384F8AF
:1085D000B930D4F8C050C4F8C4502DB9B8E72D6BE9
:1085E000C4F8C450002DB3D0A86A394623F000FD6A
:1085F0000028F4DBACD00023C4F8C430A8E7373B34
:108600008AE743EA4213013B282BAFD801A252F874
:1086100023F000BF1F890300C98803009B88030063
:1086200045880300358803005D8903007B8A0300C9
:108630003D8A0300FF8903006D8503006D850300FB
:108640006D8503006D8503006D8503006D85030056
:108650006D8503006D8503006D8503006D85030046
:108660006D8503006D8503006D8503006D85030036
:108670006D8503006D8503006D8503006D85030026
:108680006D8503006D8503006D8503006D85030016
:108690006D8503001F890300EF890300C98803006B
:1086A0009B8803004588030035880300A9890300DF
:1086B0006B890300E5890300D4F8D43094F8BC201A
:1086C0000133C4F8D43022B1D4F8CC300133C4F82B
:1086D000CC3094F8B930002B36D0012B12D1236C5A
:1086E000E36319F025FC40F20115236DE364606437
:1086F000258719F01DFC94F8BC30A4F8485060653B
:10870000002B74D1D4F8C450002D3FF421AF2B4678
:1087100040F201170BE023F075FC19F009FCAF845F
:1087200028622D6B002D3FF413AFD4F8C430996A42
:10873000A86A23F05DFC0346294605F11000002BD2
:10874000E9D005E7373AF6E6236DE36419F0F0FB6C
:1087500094F8BC30606540F20115A4F8485043BB62
:10876000D4F89430C4F8903019F0E2FB40F20115CF
:10877000D4F8A430C4F88C00A4F88850C4F8A03011
:1087800019F0D6FBA4F89850C4F89C00BAE7494900
:10879000384623F02DFC002800F075814649384604
:1087A00023F026FC002800F06E81022384F8B93003
:1087B0000FE72246234652F81C1F5068A0606160F4
:1087C000127A227353F8282F5968616122611B7A4B
:1087D000237619F0ADFBD4F8843060632580C4F8AB
:1087E000803019F0A5FBA4F87850E067B8E722467E
:1087F000234652F81C1F5068A0606160127A2273F1
:1088000053F8282F5968616122611B7A237619F089
:108810008FFB636E23666063258019F089FB636FAD
:10882000E065A4F85850236719F082FBA4F868505B
:10883000E06667E7A5F15705B5FA85F56D0980F89B
:10884000305093E600F1AA05284622F0E6FB1B4AC9
:1088500094F8AA30A2FB00125209642101FB120015
:1088600022851749A3F13002092A01FB00F105D83E
:1088700015F8013FA3F13002092AF9D92E2B00F097
:108880004681104A01EB81030133A2FB03235B08FD
:108890000022E36284F8302068E6A5F15305B5FABA
:1088A00085F56D0980F8245060E600BF6438060045
:1088B0006C380600743806007C3806001F85EB51C2
:1088C00080969800ABAAAAAA00F1AA05284622F031
:1088D000A4FBA94A94F8AA30A2FB00125209642111
:1088E00001FB1200A283A549A3F13002092A01FB72
:1088F00000F105D815F8013FA3F13002092AF9D992
:108900002E2B00F0EE809E4A01EB81030133A2FB87
:1089100003235B080022236284F8242026E62D2D01
:1089200014BF00F1AA0700F1AB07384622F075FB2F
:108930003B78A3F130016422092902FB00F005D83D
:1089400017F8013FA3F13002092AF9D92E2B00F0C4
:10895000F4802D2D08BF4042206507E6302D94BFDE
:108960000025012580F8BC5000E62D2D14BF00F134
:10897000AA0700F1AB07384622F04FFB3B78A3F182
:1089800030016422092902FB00F005D817F8013FE5
:10899000A3F13002092AF9D92E2B00F0DD802D2D0C
:1089A00008BF40426067E1E52D2D14BF00F1AA0722
:1089B00000F1AB07384622F030FB3B78A3F13001E1
:1089C0006422092902FB00F005D817F8013FA3F142
:1089D0003002092AF9D92E2B59D02D2D08BF40423B
:1089E0006066C3E5AA3022F018FB2064BEE5A5F15D
:1089F0004105B5FA85F56D0980F8BC50B6E52D2D19
:108A000014BF00F1AA0700F1AB07384622F005FBBE
:108A10003B78A3F130016422092902FB00F005D85C
:108A200017F8013FA3F13002092AF9D92E2B3CD0C7
:108A30002D2D08BF4042C4F8840097E52D2D14BFAA
:108A400000F1AA0700F1AB07384622F0E6FA3B78BE
:108A5000A3F130016422092902FB00F005D817F8C0
:108A6000013FA3F13002092AF9D92E2B2BD02D2D4D
:108A700008BF4042C4F8A40078E5AA3022F0CDFA3D
:108A8000C4F8940072E5002384F8B930A1E57B783E
:108A9000303B092BA1D8BA7803EB8303303A00EBC3
:108AA0004300092A98BF801897E77B78303B092B51
:108AB000BED8BA7803EB8303303A00EB4300092AAF
:108AC00098BF8018B4E77B78303B092BCFD8BA78B1
:108AD00003EB8303303A00EB4300092A98BF801868
:108AE000C5E76878A0F13002092A05F101053FF6D3
:108AF0000AAF224B234F15F8010FA7FB03C3DB0876
:108B000003FB0211A0F13002092AF4D9FBE66878D0
:108B1000A0F13002092A05F101053FF6B2AE174B6C
:108B2000184F15F8010FA7FB03C3DB0803FB021165
:108B3000A0F13002092AF4D9A3E67B78303B092B57
:108B40003FF607AFBA7803EB8303303A00EB4300FC
:108B5000092A98BF8018FCE67B78303B092B3FF64A
:108B60001EAFBA7803EB8303303A00EB4300092AC7
:108B700098BF801813E700BF1F85EB5180969800BF
:108B8000ABAAAAAACDCCCCCC38B5D0F8C830A1F1CC
:108B90000A02013304460D46C0F8C830222A2ED8F6
:108BA000DFE802F0182D2D182D2D2D2D2D2D2D2D1A
:108BB0002D2D2D2D2D2D2D2D2D2D2D2D2D2D412DD1
:108BC0002D2D2D2D182D120090F8A83083F02C0398
:108BD00080F8A83094F8BB300E2B2FD9002094F8E1
:108BE000BA30A5F12A0101330022B1FA81F1490915
:108BF00084F8BA3084F8BB2084F8A91038BD90F806
:108C0000BB300D2B05D8C218013380F8BB3082F879
:108C1000AA1094F8A900C8B994F8A83085EA03010D
:108C200084F8A81038BD00200223A4F8A800A4F8F6
:108C3000BA0084F8B93084F8BC0038BD234400225F
:108C400083F8AA202046FFF755FCC8E7002038BD6E
:108C50002DE9F04F2DED068B53EC132B83B051EC27
:108C6000110B59EC128B55EC104B21F01BFB5EA342
:108C7000D3E9002321F0CEFC41EC100B41EC180BA2
:108C800016F022FAB0EE407AF0EE607AB0EE480AC2
:108C9000F0EE680A8DED007B16F0C2F952A3D3E91D
:108CA00000232046294657EC106B21F0B3FC4EA35D
:108CB000D3E9002304460D464046494621F0AAFC6C
:108CC00045EC194BB0EE490AF0EE690A41EC180B7D
:108CD00016F0FAF9B0EE407AF0EE607AB0EE490A9A
:108CE000F0EE690AB0EE479AF0EE679A16F098F93E
:108CF000B0EE407AF0EE607AB0EE480AF0EE680A24
:108D0000B0EE47AAF0EE67AA16F0DEF9B0EE407AB0
:108D1000F0EE607AB0EE480AF0EE680A5BEC17AB52
:108D200016F07EF952465B4651EC1A0B55EC104B8F
:108D300021F070FC53EC192B8046894630463946A9
:108D400021F068FC22462B4621F064FC02460B46CB
:108D50004046494621F0A6FA02460B4621F05AFC4D
:108D60002246804689462B46DDE9000121F052FC6F
:108D700002460B4621F04EFC42464B4621F094FA47
:108D800041EC100B16F086FA53EC1A2B304639469C
:108D90008DED000B21F03EFC22462B4621F03AFCE3
:108DA000524604460D465B4651EC190B21F032FC4D
:108DB00002460B462046294621F076FA9DED000B2F
:108DC00041EC110B16F064FA09A3D3E9002351EC2E
:108DD000100B21F01FFC41EC100B03B0BDEC068B17
:108DE000BDE8F08FAFF30080399D52A246DF913F7E
:108DF000000000C06E4F58410023D0B504464370B8
:108E0000806821F08DFB0EA3D3E9002321F002FC42
:108E10000646A0880F4621F093FB0B4602463946D2
:108E2000304621F041FA237B41EC100B33B110EEB8
:108E3000901A024601F1004343EC102BD0BD00BF55
:108E400095D626E80B2E113E0023D0B5044643707C
:108E5000406921F065FB0EA3D3E9002321F0DAFB82
:108E60000646208A0F4621F06BFB0B460246394628
:108E7000304621F019FA237E41EC100B33B110EE8D
:108E8000901A024601F1004343EC102BD0BD00BF05
:108E900095D626E80B2E113E4268064BA3FB021323
:108EA0005B09642101FB132303F5FA63002242707E
:108EB00098B270471F85EB51084B4268A3FB021222
:108EC0005209A3FB021310B45B09642404FB1323AF
:108ED000002141705DF8044BD8B270471F85EB51FB
:108EE000436804490022A1FB03134270C3F34730D7
:108EF000704700BF5917B7D1436804490022A1FB4E
:108F000003134270C3F38740704700BF83DE1B43E7
:108F100009494268094BA1FB0212520BA3FB021341
:108F200010B45B09642404FB1323002141705DF835
:108F3000044BD8B2704700BF5917B7D11F85EB510A
:108F4000084B4268A3FB02125209A3FB021310B4A0
:108F50005B09642404FB1323002141705DF8044B7A
:108F6000D8B270471F85EB5108461CF0D5BC00BF36
:108F700070B5C2681589AB0782B03FD0847A6607A6
:108F800015D5C3880E46F31A518A9BB299420ED961
:108F9000AD0739D404F010034BB944F008038372D1
:108FA00011898680CE054CD544F0880301E004F099
:108FB000F7039D0607D511894C0604D523F07403E9
:108FC000837202B070BD590602D511890E06F5D420
:108FD0001D0702D51189CC06F0D4D90610D5118908
:108FE00023F0740383728B06EBD45368002BE8D014
:108FF000C27A012102B0BDE870401847837AD8E7F1
:1090000023F074038372F0E7210717D58388918AD0
:10901000F31A9BB2994211D9230648BF04F07F048A
:1090200044F0100484725368002BC0D0C27A0190BF
:10903000032198470198847AC268ABE704F0EF04F3
:10904000ABE75468002CB4D0C27A01900221A0474B
:109050000198837AC268ACE730B4074D01704FF4D1
:1090600000740021012A4481C560437030BCC0F8FF
:10907000021008BF8272704718C7002030B4012A5E
:109080004FF400754FF000044581C0F802400170B4
:1090900030BC437008BF8272704700BF837A70B5DE
:1090A00003F00105AA4215D05C0713D55A06044601
:1090B0000E4610D4C288C168B21A0D8B92B2954286
:1090C00008D843F0400383724B6813B1E27A05215C
:1090D0009847268170BD0389C268CB1A518B9BB219
:1090E0009942F7D85368002BF0D1F2E7D0F80CC0C2
:1090F0002DE9F041BCF80870BB0704460E46154642
:109100000CD0838890F90AE0BCF81410827AF31A24
:10911000BEF1000F9BB20ADB100721D4780726D4DA
:109120003B075FD4E37AAB423FD1BDE8F08199427F
:10913000F4D8DCF80480B8F1000F0AD0C27A02211A
:10914000C047A388D4F80CC0A27ABCF80870F31A00
:109150009BB202F07F02A2721007BCF81410DDD59A
:1091600099429CBF22F00802A2727807D8D5A37A50
:1091700003F001029542D3D05907D1D59A06CFD436
:10918000E288BCF81610B21A92B29142C8D843F0E5
:109190002003A372DCF80430002BC1D0E27A042152
:1091A00020469847E3681F89BAE7A37AE57203F07F
:1091B0000102954210D043F00403E268A3725368A1
:1091C000E680002BB1D02A46002120469847A37A9A
:1091D00003F001039D42A8D131462046BDE8F0418D
:1091E000FFF7C6BE2A4631462046FFF757FF99E7EC
:1091F000F8B5C3684A4F1A685168B942044640F04E
:1092000082804849C968CE0161D41AF0D5F8464A2F
:10921000E368A0FB0212880A40EA82561A681268C4
:1092200042498A425ED118F083FE0546E268404911
:10923000136820789B688B42ADB26AD11CF06CFB3E
:10924000A37AC2B2980739D56188E068691AB0F884
:1092500010C089B28C4507D823F00203E17AA372CB
:1092600002294AD1E068E272C46834B303685B68DB
:10927000BB4252D12B4BDB68D90137D41AF09CF892
:10928000294BA0FB0301830A43EA8150E3896588E7
:10929000A168A2890133801B80B2E381A388854243
:1092A00088BF60808342238838BFA080014418446F
:1092B00001324010A160A2812080F8BDE17A8A428B
:1092C000CED043F00203E068A3726580CCE7194971
:1092D0000868C50799D54E68126814498A424FEA52
:1092E0009616A0D01846904705469FE7114B1A687E
:1092F000D207C3D558688009C8E720462946FFF73A
:10930000F5FEE068B0E718468847E36806461A6845
:1093100085E701461046984792E79847B6E700BFB1
:10932000F5620200F0ED00E040420F00F162020041
:10933000698F0300001000E0084B094A09480A49F8
:1093400010B40A4C1A600022C3E9044099615DF828
:10935000044B5A601A81DA60704700BF18C70020BA
:109360008C3806009001E803E803C8001400C80028
:10937000704700BF704700BF704700BF0846704786
:1093800030B4416082600299039A044DC360049B2B
:109390000560C0E9041230BC83617047A438060040
:1093A0002DE9F04306460025DFF874C046F8045B5B
:1093B0000446894690461F46BCE80F0083B06560AE
:1093C000C6E90155C6E9035575614FF6FF76E6809B
:1093D0008026A76266810A9FE7624FF47A76E6618B
:1093E000082704F13006C4E908982774A7740FC64B
:1093F000DDE90C01DCF8003033606E46656486E818
:1094000003002C201BF086F996E80C000B9905460A
:1094100001F07AF92046256003B0BDE8F08300BF73
:10942000F838060010B5044600680368DB6B9847FF
:109430002068216A036882681B6898472068216A4F
:10944000036802695B68BDE810401847006803685C
:109450001B6C18472DE9F04F057C83B00446407C17
:10946000DDF834800C9E0196ED0805EBD0054544EF
:1094700028469B460F4691461BF04EF90646284665
:109480001BF04AF9237C082B824633D8638947EACC
:109490000902D2B2BB4206F10100327035D0A18977
:1094A000424621F063FE20680368DB6A9847206823
:1094B000216A0368C2685B689847206803682A4687
:1094C00031461D6B5346A8472068216A036802692C
:1094D0005B689847206803685B6B98472389BB42A9
:1094E00018D030461BF01CF9504603B0BDE8F04FD1
:1094F0001BF016B947EA1923DAB2638986F801909E
:10950000BB4206F102003270C9D15946424621F0F1
:1095100005FEC8E7217C019842460AEBD10121F003
:10952000FDFDDEE72DE9F04F83B01546DDF838A0EC
:109530009DF83CB00191044602EB0A099846002BC5
:1095400040F09380837C09EBD30948461BF0E4F894
:109550000199064635B16F1EFFB201373A4621F038
:10956000DDFDF019A27CA1890AEBD20221F0FEFDFB
:10957000BBF1000F1DD0E36A20680133036800F0DF
:109580008680DB69984707460CE020680368DB6C3F
:10959000984720680368DB699847E369C01B9842D5
:1095A00080F086802068E16A03689B6898470028FD
:1095B000EBD148461BF0B0F8074620680368DB6A29
:1095C00098472068216A0368C2685B6898472068EA
:1095D00001684A463B46D1F830903146C84720687A
:1095E000216A036802695B689847206803685B6BBF
:1095F0009847BBF1000F21D0E36A2068013303686C
:1096000063D09B690121984720680368DB6998470C
:1096100081460CE020680368DB6C9847206803688B
:10962000DB699847E369A0EB0900984254D22068AF
:10963000E16A03689B6898470028EBD16369002BB7
:109640003FD0BAF1000F26D0E27CB85C9847814643
:10965000B8F1000F23D030461BF062F838461BF0FB
:109660005FF8484603B0BDE8F08F48461BF054F859
:10967000064645B36F1EFFB2013701993A4621F005
:109680004DFDF0190C99524621F048FD70E75B69D9
:10969000322198478DE7D146B8F1000FDBD1A17C8C
:1096A0000D9805EBD1013944524621F037FDD2E740
:1096B00030461BF035F86FF43079484603B0BDE80A
:1096C000F08F9946C4E73046DCE75B690121984793
:1096D0006369002BB5D1F4E730461BF021F838461A
:1096E0001BF01EF86FF43079484603B0BDE8F08FE8
:1096F0002DE9F041047986B00746002C00F0DF80A8
:1097000090F9114090F811C0002CB8BF0734C4F391
:10971000C704661E70B20028F6B2C0F2DA803D8936
:10972000A4F1020EC0004FFA8EF845FA00F0B8F12D
:10973000FF3F8DF8100000F09880E01E4FEAC80847
:1097400040B245FA08F8B0F1FF3F8DF8118000F003
:109750008C80A4F10408C0004FFA88F845FA00F0A4
:10976000B8F1FF3F8DF812007FD0601F4FEAC808A4
:1097700040B245FA08F8B0F1FF3F8DF8138074D07D
:10978000A4F10608C0004FFA88F845FA00F0B8F1D5
:10979000FF3F8DF8140068D0E01F4FEAC80840B2C0
:1097A00045FA08F8B0F1FF3F8DF815805DD0A4F1BF
:1097B0000808C0004FFA88F845FA00F0B8F1FF3FFA
:1097C0008DF8160051D0A4F109004FEAC80840B244
:1097D00045FA08F8B0F1FF3F8DF8178045D0A4F1A5
:1097E0000A08C0004FFA88F845FA00F0B8F1FF3FC8
:1097F0008DF8180039D0A4F10B004FEAC80840B228
:1098000045FA08F8B0F1FF3F8DF819802DD0A4F18A
:109810000C08C0004FFA88F845FA00F0B8F1FF3F95
:109820008DF81A0021D0A4F10D004FEAC80840B20B
:1098300045FA08F8B0F1FF3F8DF81B8015D0A4F170
:109840000E08C0004FFA88F845FA00F0B8F1FF3F63
:109850008DF81C0009D04FEAC80845FA08F80E2C0C
:109860008DF81D8018BF8DF81E504FFA8EFEBEF188
:10987000FF3F06F101060DF1100EB8BF0126764438
:10988000387CC008451E6CB2013508D0E500013CAB
:1098900021FA05F564B206F8015B651CF6D10024D7
:1098A00001250292019300EBDC02714638460395D4
:1098B00000942346FFF736FE06B0BDE8F081CDE9FF
:1098C00000320A4623460189FFF7C4FD06B0BDE811
:1098D000F0810DF1100E7646D2E700BFF0B58BB0E7
:1098E000037905910021059A8DF81F100546002B7C
:1098F00000F0C08090F91130467C002BB8BF0733D0
:10990000C3F3C7035C1E61B20029E4B2C0F2BE809B
:109910000089C900A3F1020C40FA01F14FFA8CF75B
:109920008DF82010791C7BD0FF00D91E40FA07F774
:1099300049B28DF821704F1C72D0C9001F1F40FA28
:1099400001F17FB28DF82210791C69D0FF00591FF8
:1099500040FA07F749B28DF823704F1C60D0C90058
:109960009F1F40FA01F17FB28DF82410791C57D067
:10997000FF00D91F40FA07F749B28DF825704F1C38
:109980004ED0C900A3F1080740FA01F17FB28DF86B
:109990002610791C44D0FF00A3F1090140FA07F713
:1099A00049B28DF827704F1C3AD0C900A3F10A07BD
:1099B00040FA01F17FB28DF82810791C30D0FF00F9
:1099C000A3F10B0140FA07F749B28DF829704F1C3B
:1099D00026D0C900A3F10C0740FA01F17FB28DF83F
:1099E0002A10791C1CD0FF00A3F10D0140FA07F7E3
:1099F00049B28DF82B704F1C12D0C900A3F10E078D
:109A000040FA01F17FB28DF82C10791C08D0FF00CC
:109A100040FA07F70E2B8DF82D7018BF8DF82E0029
:109A20004FFA8CFCBCF1FF3F04F1010408A9B8BF58
:109A300001240C442F7CFF08781E43B2013008D06B
:109A4000D800013B22FA00F05BB204F8010B581C6D
:109A5000F6D10DF11F0C00230124CDE90244CDE91C
:109A6000003C07EBD6022846FFF75CFD9DF81F007F
:109A70000BB0F0BD01260DF11F040189CDE90046B0
:109A8000FFF7E8FC9DF81F000BB0F0BD08A90C46DD
:109A9000D0E700BF2DE9F041047986B00746002CDD
:109AA00000F0DF8090F9114090F811C0002CB8BF91
:109AB0000734C4F3C704661E70B20028F6B2C0F2C1
:109AC000DA807D89A4F1020EC0004FFA8EF845FAC3
:109AD00000F0B8F1FF3F8DF8100000F09880E01E14
:109AE0004FEAC80840B245FA08F8B0F1FF3F8DF8D8
:109AF000118000F08C80A4F10408C0004FFA88F8AF
:109B000045FA00F0B8F1FF3F8DF812007FD0601FDA
:109B10004FEAC80840B245FA08F8B0F1FF3F8DF8A7
:109B2000138074D0A4F10608C0004FFA88F845FAF3
:109B300000F0B8F1FF3F8DF8140068D0E01F4FEA45
:109B4000C80840B245FA08F8B0F1FF3F8DF815801B
:109B50005DD0A4F10808C0004FFA88F845FA00F07B
:109B6000B8F1FF3F8DF8160051D0A4F109004FEA7B
:109B7000C80840B245FA08F8B0F1FF3F8DF81780E9
:109B800045D0A4F10A08C0004FFA88F845FA00F061
:109B9000B8F1FF3F8DF8180039D0A4F10B004FEA5F
:109BA000C80840B245FA08F8B0F1FF3F8DF81980B7
:109BB0002DD0A4F10C08C0004FFA88F845FA00F047
:109BC000B8F1FF3F8DF81A0021D0A4F10D004FEA43
:109BD000C80840B245FA08F8B0F1FF3F8DF81B8085
:109BE00015D0A4F10E08C0004FFA88F845FA00F02D
:109BF000B8F1FF3F8DF81C0009D04FEAC80845FABC
:109C000008F80E2C8DF81D8018BF8DF81E504FFAE5
:109C10008EFEBEF1FF3F06F101060DF1100EB8BF3A
:109C200001267644387CC008451E6CB2013508D048
:109C3000E500013C21FA05F564B206F8015B651CFC
:109C4000F6D10124002502930092714600EBDC025C
:109C50000394384623460195FFF764FC06B0BDE83F
:109C6000F081CDE9004313460A464189FFF7F2FB34
:109C700006B0BDE8F0810DF1100E7646D2E700BFC8
:109C8000F0B5037989B006468DF8172004910A468D
:109C9000002B00F0BE8090F91130407C002BB8BF43
:109CA0000733C3F3C7035D1E69B20029EDB2C0F2EA
:109CB000BA807489C900A3F1020C44FA01F14FFA89
:109CC0008CF78DF81810791C7BD0FF00D91E44FA50
:109CD00007F749B28DF819704F1C72D0C9001F1FC9
:109CE00044FA01F17FB28DF81A10791C69D0FF0097
:109CF000591F44FA07F749B28DF81B704F1C60D00A
:109D0000C9009F1F44FA01F17FB28DF81C10791C25
:109D100057D0FF00D91F44FA07F749B28DF81D70DC
:109D20004F1C4ED0C900A3F1080744FA01F17FB2DD
:109D30008DF81E10791C44D0FF00A3F1090144FAEC
:109D400007F749B28DF81F704F1C3AD0C900A3F134
:109D50000A0744FA01F17FB28DF82010791C30D047
:109D6000FF00A3F10B0144FA07F749B28DF8217007
:109D70004F1C26D0C900A3F10C0744FA01F17FB2B1
:109D80008DF82210791C1CD0FF00A3F10D0144FABC
:109D900007F749B28DF823704F1C12D0C900A3F108
:109DA0000E0744FA01F17FB28DF82410791C08D017
:109DB000FF0044FA07F70E2B8DF8257018BF8DF8B9
:109DC00026404FFA8CFCBCF1FF3F05F1010506A9C6
:109DD000B8BF01250D44377CFF087C1E63B20134F7
:109DE00008D0DC00013B22FA04F45BB205F8014B19
:109DF0005C1CF6D1012300250DF1170407EBD002FE
:109E0000CDE90233CDE900453046FFF78BFB09B0C1
:109E1000F0BD00930124418901940DF11703FFF770
:109E200019FB09B0F0BD06A90D46D4E730B585B0E1
:109E3000089D9DF8244001930023CDE9025400932E
:109E40009DF828500446FFF76DFB38B935B1A3697A
:109E500023B1204605B0BDE83040184705B030BDFD
:109E600030B585B0089D9DF8244000930023CDE9CE
:109E70000254019301239DF828500446FFF752FB3A
:109E800038B935B1A36923B1204605B0BDE83040EB
:109E9000184705B030BD00BF30B590F91130427C95
:109EA00000218B42B8BF073387B0C3F3C7038DF8D7
:109EB0001310591E49B200290446C0F28680C58994
:109EC000C800991E45FA00F049B28DF81400481CEC
:109ED0007BD0C900D81E45FA01F140B28DF81510AB
:109EE000411C72D0C000191F45FA00F049B28DF82C
:109EF0001600481C69D0C900581F45FA01F140B24C
:109F00008DF81710411C60D0C000991F45FA00F071
:109F100049B28DF81800481C57D0C900D81F45FA1F
:109F200001F140B28DF81910411C4ED0C000A3F1D0
:109F3000080145FA00F049B28DF81A00481C44D0D7
:109F4000C900A3F1090045FA01F140B28DF81B10D8
:109F5000411C3AD0C000A3F10A0145FA00F049B211
:109F60008DF81C00481C30D0C900A3F10B0045FA45
:109F700001F140B28DF81D10411C26D0C000A3F1A4
:109F80000C0145FA00F049B28DF81E00481C1CD0A7
:109F9000C900A3F10D0045FA01F140B28DF81F1080
:109FA000411C12D0C000A3F10E0145FA00F049B2E5
:109FB0008DF82000481C08D0C90045FA01F10E2B8D
:109FC0008DF8211018BF8DF8225001210DF11300DA
:109FD0000023CDE90211CDE90030D20805A92046C1
:109FE000FFF7A0FA054628B963691BB19DF8130075
:109FF0009847E080284607B030BD00BFF0B590F923
:10A00000114090F811C0002CB8BF0734C4F3C70446
:10A010000646601E87B040B200289DF830E09DF8EB
:10A020003470C0F28580C000A51E41FA00F06DB208
:10A030008DF81400681C7BD0ED00E01E41FA05F598
:10A0400040B28DF81550451C72D0C000251F41FA52
:10A0500000F06DB28DF81600681C69D0ED00601F2D
:10A0600041FA05F540B28DF81750451C60D0C0008C
:10A07000A51F41FA00F06DB28DF81800681C57D08A
:10A08000ED00E01F41FA05F540B28DF81950451C6E
:10A090004ED0C000A4F1080541FA00F06DB28DF871
:10A0A0001A00681C44D0ED00A4F1090041FA05F53E
:10A0B00040B28DF81B50451C3AD0C000A4F10A05EF
:10A0C00041FA00F06DB28DF81C00681C30D0ED0034
:10A0D000A4F10B0041FA05F540B28DF81D50451C66
:10A0E00026D0C000A4F10C0541FA00F06DB28DF845
:10A0F0001E00681C1CD0ED00A4F10D0041FA05F50E
:10A1000040B28DF81F50451C12D0C000A4F10E05BE
:10A1100041FA00F06DB28DF82000681C08D0ED0007
:10A1200041FA05F50E2C8DF8215001D08DF8221042
:10A130000021CDE9023E019200910B464FEADC027C
:10A1400005A93046FFF7EEF920B91FB1B3690BB18D
:10A150003046984707B0F0BDF0B590F9114090F83F
:10A1600011C0002CB8BF0734C4F3C7040646601EF4
:10A1700087B040B200289DF830E09DF83470C0F2FE
:10A180008580C000A51E41FA00F06DB28DF8140064
:10A19000681C7BD0ED00E01E41FA05F540B28DF859
:10A1A0001550451C72D0C000251F41FA00F06DB259
:10A1B0008DF81600681C69D0ED00601F41FA05F5A6
:10A1C00040B28DF81750451C60D0C000A51F41FA61
:10A1D00000F06DB28DF81800681C57D0ED00E01F3C
:10A1E00041FA05F540B28DF81950451C4ED0C0001B
:10A1F000A4F1080541FA00F06DB28DF81A00681C50
:10A2000044D0ED00A4F1090041FA05F540B28DF803
:10A210001B50451C3AD0C000A4F10A0541FA00F0D9
:10A220006DB28DF81C00681C30D0ED00A4F10B005D
:10A2300041FA05F540B28DF81D50451C26D0C000EE
:10A24000A4F10C0541FA00F06DB28DF81E00681CF7
:10A250001CD0ED00A4F10D0041FA05F540B28DF8D7
:10A260001F50451C12D0C000A4F10E0541FA00F0A9
:10A270006DB28DF82000681C08D0ED0041FA05F59C
:10A280000E2C8DF8215001D08DF822100021CDE93F
:10A29000023E009201914FEADC02012305A93046FB
:10A2A000FFF740F920B91FB1B3690BB130469847A9
:10A2B00007B0F0BD2DE9F04F8BB01F46072F9DF87A
:10A2C00058309DF850A09DF854809DF85C5005933F
:10A2D00000F24281BAF1070F00F23E815745C0F00B
:10A2E0003B81914604460E460137FFF7F7FACAF163
:10A2F000080AFF2303FA07F743FA0AFA47EA0A07AC
:10A30000FB43DBB280EA0902134202D1002D00F0C8
:10A310000C8120EA030003EA09030343DDB22A4665
:10A3200031462046FFF7ACFC206803681B6A98475B
:10A330004FF47A7909FB08F9824600274FF00108AB
:10A34000206803681B6A9847A0EB0A00484580F024
:10A35000FE8023798DF81F70002B00F0EA8094F9BD
:10A36000113094F811C0002BB8BF0733C3F3C703F3
:10A37000581E41B20029C0B2C0F2E6802289A3F182
:10A38000020BC9004FFA8BFE42FA01F1BEF1FF3F0A
:10A390008DF8201000F09880D91E4FEACE0E49B2F9
:10A3A00042FA0EFEB1F1FF3F8DF821E000F08C8003
:10A3B000A3F1040EC9004FFA8EFE42FA01F1BEF17C
:10A3C000FF3F8DF822107FD0591F4FEACE0E49B2C1
:10A3D00042FA0EFEB1F1FF3F8DF823E074D0A3F1F5
:10A3E000060EC9004FFA8EFE42FA01F1BEF1FF3FA0
:10A3F0008DF8241068D0D91F4FEACE0E49B242FA28
:10A400000EFEB1F1FF3F8DF825E05DD0A3F1080EFF
:10A41000C9004FFA8EFE42FA01F1BEF1FF3F8DF8FE
:10A42000261051D0A3F109014FEACE0E49B242FAEB
:10A430000EFEB1F1FF3F8DF827E045D0A3F10A0EE3
:10A44000C9004FFA8EFE42FA01F1BEF1FF3F8DF8CE
:10A45000281039D0A3F10B014FEACE0E49B242FACF
:10A460000EFEB1F1FF3F8DF829E02DD0A3F10C0EC7
:10A47000C9004FFA8EFE42FA01F1BEF1FF3F8DF89E
:10A480002A1021D0A3F10D014FEACE0E49B242FAB3
:10A490000EFEB1F1FF3F8DF82BE015D0A3F10E0EAB
:10A4A000C9004FFA8EFE42FA01F1BEF1FF3F8DF86E
:10A4B0002C1009D04FEACE0E42FA0EFE0E2B8DF86C
:10A4C0002DE018BF8DF82E204FFA8BFBBBF1FF3F1C
:10A4D00000F1010008A9B8BF01200844227CD2087D
:10A4E00002F1FF3EBEF1FF3F4FFA8EF30AD04FEA72
:10A4F000C30E013B5BB226FA0EFEB3F1FF3F00F83C
:10A5000001EBF4D10DF11F03CDE90073CDE9028811
:10A5100002EBDC0200232046FFF704F89DF81F3011
:10A52000059A6B401A427FF40BAF00200BB0BDE8D8
:10A53000F08F0DF11F020092CDF804802189324680
:10A540002046FEF787FFE9E708A90846C6E76FF04F
:10A550000F000BB0BDE8F08F6FF00A00E6E700BF18
:10A56000F8B5446C3CB1064602E0914204D0183480
:10A570002278002AF9D1F8BD043406F1300506F13D
:10A58000440755F8041B002904DB3068226803687F
:10A590005B689847BD4204F10404F2D1F8BD00BFE6
:10A5A00021B1034B880143F001031847704700BFF6
:10A5B0007039060008467047C069FAF7A3BD00BFAE
:10A5C000C069FAF7E3BD00BF72B1F8B54C1E06468C
:10A5D000A7185D1E14F8011FF069FAF789FEBC4246
:10A5E00005F8010FF6D1F8BD704700BF1AF032BE72
:10A5F0004B1C02D0C8B216F0F1BE70470846114697
:10A600001A46431C02D0C0B217F026B8704700BFEC
:10A61000C069FAF725BE00BFD0E90812C069FAF791
:10A62000BDBD00BF084611461A46431C01D01AF0B2
:10A6300089BD0020704700BF08B50A4BDB68D9010F
:10A6400006D5094B1A68D20702D55868800908BD9B
:10A6500018F0B2FE054BA0FB0301830A43EA8150C8
:10A6600008BD00BFF0ED00E0001000E040420F0028
:10A6700017F05EBC084617F067BC00BF4B1C0846CD
:10A6800001D017F07DB97047084611461A46431CA1
:10A6900001D017F071B870474B1C084601D01BF071
:10A6A0003BB90020704700BF0846431C114601D04B
:10A6B0001BF014B9704700BF0846431C114601D077
:10A6C0001BF088B8704700BF90F828203AB10268A4
:10A6D0000449926B8A4203D1C069FAF757BD7047AB
:10A6E000104700BFC1A5030090F828203AB10268C6
:10A6F0000449926A8A4203D1C069FAF703BD7047E0
:10A70000104700BFB9A50300F0B587B004AD85E8D8
:10A710000C000327012200230424CDE901470E4643
:10A72000009219460446FEF72BFE95E8030004F15B
:10A730002003054DE6610022256083E803002046E2
:10A7400084F8282007B0F0BD143906004AB1162954
:10A750000B466FF00800A8BF16238342B8BF03461C
:10A7600013700931C9B220292CBF6FF00C000020F2
:10A77000704700BF70B503681E4ADB6C934284B01B
:10A7800004460D462CD101F10903DBB21F2B2DD855
:10A7900000260DF10F02012340F6E70120468DF857
:10A7A0000F6002F093FC08B104B070BD01260246B0
:10A7B000009607230421204602F066FC0028F3D10E
:10A7C000E9B20422204602F013FD0028ECD1334602
:10A7D0000DF10F02204640F6E70102F06FFCE3E7BF
:10A7E000002298470028D3D004B070BD6FF00C0051
:10A7F000DAE700BF4DA70300DFED1B7AB4EEE70AEE
:10A80000F1EE10FA29D410B5DFED187AB4EEE70AAC
:10A81000F1EE10FA2DED028BB0EE408A20DCD0ED87
:10A82000557A70EE677AB3EE047AF0EEE77AF4EEDA
:10A83000C77AF1EE10FA044608DAB0EE480ABDEC29
:10A84000028B2046BDE8104002F0B4BF02F04EFC7F
:10A850000028F2D0BDEC028B10BD6FF00B007047EA
:10A860006FF00B00F6E700BF0000164300007044D5
:10A8700010B5044601F0BCFA034A044B2260C4F848
:10A880004C31204610BD00BF8839060078390600DB
:10A8900070B52DED028B82B014469DF828200092F1
:10A8A000B0EE408A1A460E46BDF824309DF920507D
:10A8B0002146B0EE410AF0EE608A044603F020FD26
:10A8C00018B102B0BDEC028B70BD3146204601F0DC
:10A8D0005DFC0028F5D1B0EE680A204601F088FB47
:10A8E0000028EED12368234A1B6B934239D1DFED58
:10A8F000227AB4EEE78AF1EE10FA37D4DFED1F7A50
:10A90000B4EEE78AF1EE10FA30DCD4ED557A78EE49
:10A91000677AB3EE047AF0EEE77AF4EEC77AF1EEF6
:10A9200010FA16DAB0EE480A204602F043FF00287B
:10A93000C7D10121204603F02BF90028C1D123689B
:10A940009B6C2946204602B0BDEC028BBDE87040EE
:10A950001847B0EE480A204602F0C8FB0028E1D0B4
:10A96000AFE7B0EE480A20469847E0E76FF00B00EB
:10A97000A7E700BFF9A703000000164300007044DA
:10A9800010B5012984B007D0022904464DD0A9B1E1
:10A990006FF0130004B010BD0A21082200238DE8D7
:10A9A0000E009FED2D1ADFED2D0A9FED2D0A1223CB
:10A9B00007220921FFF76CFF04B010BD0A46DFED46
:10A9C000261A9FED281A9FED280A1021F1EE040A9D
:10A9D00003F01CFD0028DDD12368244A1B6B9FED8A
:10A9E000200A934233D1D4ED557A70EE677AB3EEF4
:10A9F000047AF0EEE77AF4EEC77AF1EE10FA20DA94
:10AA00009FED170A204602F0D5FE0028C2D1012191
:10AA1000204603F0BDF80028BCD123689B6C20467B
:10AA20000A2104B0BDE8104018470022012300921B
:10AA30009FED090A1A46062103F080FD0028CBD0BD
:10AA4000A8E7204602F052FB0028D9D0A2E7204612
:10AA500098470028DBD09DE7CDCCCC3F0000FA42E0
:10AA60000000D94333331C439A999940F9A7030056
:10AA700070B5074B05460FCB84B02E686C4684E852
:10AA80000F00D6F8903028462146984704B070BD94
:10AA90005C3A060070B5074B05460FCB84B02E68B4
:10AAA0006C4684E80F00D6F8843028462146984743
:10AAB00004B070BD5C3A060008B508461FF030FDD2
:10AAC00003A3D3E900231FF0A5FD20F07BF808BD08
:10AAD000FCA9F1D24D62B03FD0F85C01704700BFD5
:10AAE00000F00E03062B0BD0082B0CD00A2B0CD039
:10AAF0000138C0B2FE2834BF00206FF0010070475B
:10AB00006FF430707047024870470248704700BFCA
:10AB10003EFDFFFF3DFDFFFF08B5D0F85C010221BF
:10AB2000FFF71EFD4FF0FF3008BD00BF10B5022338
:10AB300084B001224CBAD0F85C01ADF80C40CDE9EC
:10AB40000022194603AAFFF707FB04B010BD00BF9F
:10AB500010B5012384B0D0F85C010024CDE90033A6
:10AB600003AA02231221ADF80C40FFF747FABDF803
:10AB70000C0040BA80B204B010BD00BF000000005D
:10AB800010B52DED028B88B003AC84E80E000123D4
:10AB9000D0F85C019DED048ACDE90033FF240DF16E
:10ABA0001F0211218DF81F40FFF728FA9DF81F3072
:10ABB0005BBBDDED038A18EE900A1FF0D3FC2AA3DD
:10ABC000D3E900231FF098FF002840D1DFED287A59
:10ABD000F4EEE78AF1EE10FA39DC18EE100A1FF0F5
:10ABE000C1FC21A3D3E900231FF086FFA8BBDFED42
:10ABF000217AB4EEE78AF1EE10FACCBF6FF065006F
:10AC0000002008B0BDEC028B10BD012B1CD19DF8BB
:10AC10000C30053B072B23D8B5EEC08AF1EE10FAB5
:10AC200018D4DFED157AB4EEE78AF1EE10FA11DCF4
:10AC30009DF81430053B032B94BF00206FF00900F2
:10AC400008B0BDEC028B10BD4FF0FF30D9E76FF0BC
:10AC50006400D6E76FF00700D3E76FF06500D0E738
:10AC60006FF00800CDE700BF333333333333E33FB6
:10AC700000009643000048430000FF43F0B5012365
:10AC800085B00DF10F0204460E46D0F85C01FF2599
:10AC9000CDE9003311218DF80F50FFF7AFF99DF882
:10ACA0000F20012A1ED072B1032A03D04FF0FF30CB
:10ACB00005B0F0BD94F89931032B00F2A180DFE8D4
:10ACC00003F095908D5DD4F8703103FB06F3D80046
:10ACD0001FF026FC4C4B00221FF09CFC1FF072FF63
:10ACE00005B0F0BD94F86011DFED487AD4ED5A6AF2
:10ACF00094F864C142F210738B4007EE103AB8EE3C
:10AD0000477A4B1F27EE277ADBB2C7EE267A012B54
:10AD10008BBF0827002711201920FCEEE77A17EED9
:10AD2000903AB3F57A5F2ABF8A1E8A009200D5B2A4
:10AD300094F8632106EB4206C1EB4601BCF1000F1B
:10AD400007EB81020CBF1421002194F86161B4F873
:10AD50006641114409B26A1E0029A8BF5218043680
:10AD600004F1080192FBF5F292B206FB021200EB2D
:10AD7000820003FB00F0800805B0F0BD06EB46033F
:10AD80009BB22349A1FB0321490901EB810201EB9D
:10AD9000410102EB8202A3EB011352009BB292B27B
:10ADA00013B1023313449AB294F89B11194B9FEDDF
:10ADB0001A7AC1EBC10001EBC00102EB410292B271
:10ADC00003FB02F307EE903AF8EE677A67EE877AB4
:10ADD000FCEEE77A17EE900A05B0F0BD73009BB267
:10ADE000CFE706EB4603C3F34F03CAE706EB460380
:10ADF0000A4A5B000433A2FB0323C3F38F03C0E7BB
:10AE00006FF0090054E700BF0000503FCDCCCC3DAF
:10AE1000ABAAAAAA00127A00AD37063BCDCCCCCCA7
:10AE200031B330B5012385B0D0F85C010C46CDE9D3
:10AE30000033FF250DF10F0211218DF80F50FFF7A0
:10AE4000DDF89DF80F00012806D003280BD038B19B
:10AE50006FF0130005B030BD2070002005B030BD8C
:10AE6000207005B030BD02230020237005B030BD36
:10AE70006FF00200704700BFD0F85C3110B5044697
:10AE8000186803689B689847C1B22046BDE8104027
:10AE900004F0A0B8D0F85C3170B51C68596A23681A
:10AEA00020461A6D1D6990472B4601462046BDE895
:10AEB0007040184730B5012185B00446D0F85C01D8
:10AEC000FFF74EFB0023D4F85C010DF10F02CDE932
:10AED00000330425012384218DF80F50FFF73CF93E
:10AEE000D4F85C311B681A6804465269184601217F
:10AEF0009047204605B030BDF0B5D0F85C311D68F4
:10AF000083B00A46596A2B68019204461F6DDE68B9
:10AF10002846B847D4F85C31019A1B685B69014642
:10AF2000B446284603B0BDE8F040604730B504465B
:10AF300085B0D0F85C0194F84A510121FFF710FB6D
:10AF40000023D4F85C011A46CDE900331946FFF717
:10AF500003F90123D4F85C018DF80C50CDE90033DE
:10AF600003AA8021FFF7F8F805B030BD10B5104BEB
:10AF7000D0F85C011B7C84B003AA8DF80C3001234F
:10AF8000CDE90033002403231421ADF80D40FFF771
:10AF900035F89DF80E001FF0D3FA064B00221FF083
:10AFA00039FB1FF02FFE00EE100A04B010BD00BFE9
:10AFB0005C3A06000000E0BF30B5044687B00D469D
:10AFC00090F85811D0F85C01FFF7CAFA05AA6DB1E4
:10AFD0000123CDE900332DBAD4F85C010392042398
:10AFE00086210595FFF7B8F8039A50B90123D4F8E4
:10AFF0005C01D1210024CDE900338DF81440FFF726
:10B00000ABF807B030BD00BF30B585B001230446B2
:10B0100003AAD0F85C0101930093FF2511218DF85C
:10B020000C50FEF7EBFF9DF80C30012B03D194F888
:10B030006431012B10D00123D4F85C0103AACDE9BF
:10B040000033002402231321ADF80C40FEF7D6FF95
:10B050009DF80C0005B030BDD4F8940105B030BDAA
:10B0600030B503680C4CD3F8C830A34285B00ED17C
:10B07000022301254CBAD0F85C01ADF80C40CDE9B3
:10B080000055194603AAFFF767F805B030BD8DB229
:10B090002946984705B030BD2DAB030030B585B0CB
:10B0A0000123044603AAD0F85C0101930093FF2515
:10B0B00011218DF80C50FEF7A1FF9DF80C30012BEB
:10B0C0001FD122681549526F8A421ED1CDE9003343
:10B0D00003AAD4F85C01022300241221ADF80C402D
:10B0E000FEF78CFFBDF80C0040BA80B2C30511D446
:10B0F00010F0800F0CBF4FF0FF306FF00E0005B066
:10B1000030BD6FF0130005B030BD2046904780B2CF
:10B11000C305EDD5024805B030BD00BF51AB0300FB
:10B1200042FDFFFF30B5082385B001224CBAD0F8AC
:10B130005C01ADF80840CDE90022194600250DEB71
:10B140000302ADF80A400395FFF706F805B030BDDD
:10B15000F0B52DED028B85B001231121044602AA22
:10B16000D0F85C0101930093FF25B0EE408A8DF882
:10B170000850FEF743FF9DF80810002957D1B5EE9F
:10B18000C08AF1EE10FA4AD418EE100A1FF0EAF95C
:10B190002CA3D3E9002306460F461FF0ADFC002880
:10B1A00042D1DFED277AB4EEE78AF1EE10FA3BDC0C
:10B1B00021A3D3E90023304639461FF02BFA1FF0B4
:10B1C00001FDC0F30741C0F30726C5B2C4F87401FE
:10B1D0000120D4F870318DF80D10CDE900004FEA50
:10B1E000134C1F0A8DF80E608DF80F5094F87A6199
:10B1F00094F879518DF80A30D4F85C018DF808C0C4
:10B2000002AA08238B218DF809708DF80B608DF848
:10B210000C50FEF7A1FF05B0BDEC028BF0BD75250B
:10B22000022640F27520D1E76FF06500F3E76FF07A
:10B230001300F0E7AFF30080FCA9F1D24D6290401B
:10B2400000004843333333333333E33F000000001F
:10B25000F0B585B00123044602AAD0F85C01019341
:10B260000093FF26112110EE105A8DF80860FEF7AA
:10B27000C5FE9DF808303BB1032B49D128461FF08D
:10B2800071F906460F4613E028461FF06BF926A316
:10B29000D3E9002306460F461FF02EFCD8BBDFED96
:10B2A000207A07EE105AB4EEE77AF1EE10FA32DCAB
:10B2B00032463B461B4900201FF0D6FA1FF082FCA5
:10B2C00094F87A318DF80B300123B4F87451C4F836
:10B2D0007001CDE90033010A4FEA104C94F87971FE
:10B2E000B4F876618DF80A006DBA8DF80910D4F8BB
:10B2F0005C018DF808C002AA08238B21ADF80E501E
:10B300008DF80C708DF80D60FEF726FF05B0F0BDCE
:10B310006FF01300FAE76FF06400F7E7AFF3008017
:10B320000000964300402F41333333333333E33F40
:10B3300030B585B00123044603AAD0F85C0101931F
:10B340000093FF2511218DF80C50FEF757FE9DF854
:10B350000C30012B03D0BBEE040A05B030BDCDE9A3
:10B3600000331349D4F85C010B7C8DF80C3003AA30
:10B37000002403231421ADF80D40FEF73FFE9DF895
:10B380000D309DF80C201B0243EA0243180A1B04EF
:10B3900054BFC0B260F0FF001FF0D2F8054B00228E
:10B3A0001FF038F91FF02EFC00EE100A05B030BD7A
:10B3B0005C3A06000000D03F30B5036885B0D3F892
:10B3C00084300446984730B142E0D4F85C311868C4
:10B3D0000368DB6C9847D4F85C311868596A0368D5
:10B3E0009B6898470028F0D02368214AD3F888301A
:10B3F000934235D10123CDE9003303AAD4F85C018F
:10B40000FF2511218DF80C50FEF7F8FD9DF80C304A
:10B41000012B1FD122681749526F8A4224D1CDE9EE
:10B42000003303AAD4F85C01022300241221ADF8F2
:10B430000C40FEF7E3FDBDF80C0040BA80B2C30536
:10B440000CD410F0800F0CBF4FF0FF306FF00E00E7
:10B4500005B030BD6FF0130005B030BD0648F7E70A
:10B460002046984705B030BD2046904780B2E6E7B9
:10B470009DB0030051AB030042FDFFFF2DE9F043F7
:10B4800085B0012302AA04460D46D0F85C01019361
:10B490000093FF2611218DF80860FEF7AFFD9DF89F
:10B4A0000820012A42D1B4F86661D4F85C0184F81E
:10B4B0009851002702AB40F236718DF80870D4F82D
:10B4C000948194F8637194F86491FEF711F9D4F8BB
:10B4D0005C0176BAFEF7E0FC10BB9DF808C015BB16
:10B4E0004CF0040CD4F85C018DF808C0012302AACA
:10B4F00040F23671FEF7CEFA0123D4F85C01ADF8C4
:10B500000860CDE9003302AA06238C218DF80A9049
:10B510008DF80B808DF80C708DF80D50FEF71CFE29
:10B5200005B0BDE8F0830CF0FB0CDBE76FF0130017
:10B53000F6E700BF70B584B0012304460D46D0F88D
:10B540005C010193009302AAFF2611218DF8086087
:10B55000FEF754FD9DF808300BB1032B3ED1042DAE
:10B560003FD8DFE805F02B2F333703000B2584F895
:10B570007A51D4F87031B4F8741194F879618DF877
:10B580000A30180C8DF808000120CDE9000049BAF6
:10B590001B0A8DF80B508DF80930B4F87651ADF8D0
:10B5A0000E10D4F85C018DF80C6002AA08238B21E0
:10B5B0008DF80D50FEF7D0FD04B070BD002384F867
:10B5C0007A31D6E7082584F87A51D2E7092584F83C
:10B5D0007A51CEE70A2584F87A51CAE76FF0130052
:10B5E000EAE76FF06900E7E72DE9F04786B001254B
:10B5F0002B4604460E46D0F85C01019503AA00953F
:10B60000FF2711218DF80C70FEF7F8FC9DF80C3027
:10B61000002B79D1002E4CD0D4F85C0184F87D51F8
:10B6200002AB2A464FF4D761FEF762F8D4F85C010A
:10B63000FEF732FC0646C0BB9DF808C0D4F85C019A
:10B640008DF809702CF0010C4CF0010C02AA0223B9
:10B650004FF4D7618DF808C0FEF71CFAB4F88031BA
:10B660008DF81060CDE9005503AA94F878A194F8FC
:10B670007B9194F87C8194F87DE194F87EC1D4F8B4
:10B680005C018DF812705DBA8C210923ADF80C5065
:10B690008DF80EA08DF813908DF80F808DF814E0C2
:10B6A0008DF811C0FEF758FD0646304606B0BDE8DD
:10B6B000F087B4F8803184F87D61CDE900555BBA3C
:10B6C00094F87B1194F878C194F87E518DF810604D
:10B6D0008DF81460ADF80C3094F87C618DF813107F
:10B6E000D4F85C018DF80F6003AA09238C218DF832
:10B6F00012708DF80EC08DF81150FEF72DFD064624
:10B70000304606B0BDE8F0876FF01306CDE700BF06
:10B710002DE9F041054686B0D0F85C0116460F468B
:10B72000FEF7BAFB2B684C4A5B6F9342044640F02D
:10B7300086800123CDE900334FF0000CD5F85C0181
:10B74000ADF814C0022305AA1221FEF757FCBDF87C
:10B75000140040BA80B26FF430739C4266D0002C63
:10B760005DD143065FD400F0300020280CBF6FF09D
:10B7700006084FF000080123CDE9003305AAD5F8EB
:10B780005C01FF2411218DF81440FEF737FC9DF871
:10B790001430012B03D195F86431012B58D00123CB
:10B7A000CDE9003300240223D5F85C01ADF8144044
:10B7B00005AA1321FEF722FC9DF815009DF8143010
:10B7C00016B1B34228BF33460126CDE90166DBB28C
:10B7D00000931E248DF815003B46D5F85C018DF8CA
:10B7E0001440022205A9FEF721FB0446B8B92B68D4
:10B7F0001A4AD3F8C830934224D1CDE90066022317
:10B800004FF64374D5F85C01ADF8144005AA19460B
:10B81000FEF7A2FC0446B8F1000F18BF44462046CC
:10B8200006B0BDE8F0816FF00608A4E710F4007FD1
:10B8300018BF6FF00504204606B0BDE8F081284629
:10B84000984788E7284644F2FF3198470446E2E7E4
:10B85000D5F894310020B3E751AB03002DAB0300C2
:10B86000F0B587B0012304460E46D0F85C01019381
:10B8700000931546FF2703AA11218DF80C70FEF7DF
:10B88000BDFB9DF80C30FBB9082D78D82B46D4F8B9
:10B890005C0132464FF4D861FEF7FCF8ED00B4F8D5
:10B8A0008031EDB2AB421846A8BF2B461F2B84F85F
:10B8B0007C5140BA15DC172BD9B264DC0F2964D84F
:10B8C000002918BF04210DE0012B31D0032B04D136
:10B8D000042D54D13368C4F89C316FF0130007B0C5
:10B8E000F0BD0721012384F87811CDE900338DF8EC
:10B8F0000E1094F87D3194F87E1194F87B61ADF8C8
:10B900000C008DF80F508DF814308DF81110D4F80C
:10B910005C018DF8136003AA0025FF2409238C2104
:10B920008DF810508DF81240FEF716FC07B0F0BDF0
:10B93000012D24D8CDE9003303AAD4F85C01357871
:10B940008DF80C701121FEF759FB9DF80C30012B7E
:10B95000C3D125F00F032D01D4F85C0103AA43F0F5
:10B96000040445F0040502234FF4E8618DF80C400F
:10B970008DF80D50FEF78EF8002007B0F0BD6FF087
:10B98000680007B0F0BD0621ACE70521AAE700BFBB
:10B9900070B50368224AD3F8C830934284B0054694
:10B9A00033D10122CDE9002202234FF64374D0F8AF
:10B9B0005C01ADF80C40194603AAFEF7CDFB044626
:10B9C00004BB2B68174A9B68934223D1D5F85C01CE
:10B9D00095F84A610121FEF7C3FDCDE900442346F5
:10B9E00022462146D5F85C01FEF7B6FB0123D5F8C7
:10B9F0005C018DF80C60CDE9003303AA8021FEF7CD
:10BA0000ABFB0446204604B070BD44F2FF319847BA
:10BA10000446D5E7284698470446204604B070BD42
:10BA20002DAB03002DAF03002DE9F04186B00024BB
:10BA3000FF27022605462346D0F85C010394CDE992
:10BA40000167224640F6E2010094FEF733FCCDE99F
:10BA50000274CDE900462346224640F6E501D5F8BA
:10BA60005C01FEF727FC012301944FF6FF76D5F821
:10BA70005C01009305AA03238221ADF814608DF8C0
:10BA80001660FEF769FBD5F85C31186803680A2177
:10BA90005B6998472646274640F61901D5F85C01B0
:10BAA0008DF8147005AB0122FDF722FED5F85C017C
:10BAB000FEF7F2F99DF8141001F00101A1400134E4
:10BAC0003143082CCEB2E7D12B68214A9B689342C0
:10BAD0003AD1D5F85C0195F84A410121FEF740FDC5
:10BAE000CDE9007700231A461946D5F85C01FEF728
:10BAF00033FB0123CDE9003305AAD5F85C018DF8AD
:10BB000014408021FEF728FB4FF0FF080227CDE903
:10BB100001780024039400942346D5F85C010122A7
:10BB200040F6E201FEF7C6FBCDE90284CDE900470D
:10BB30002346D5F85C01012240F6E501FEF7BAFB89
:10BB4000304606B0BDE8F08128469847DCE700BFE4
:10BB50002DAF03002DE9F04F0568DFF89082AD6846
:10BB6000454587B00446894617469A4640F0E68028
:10BB7000D0F85C0194F84A510121FEF7F1FC002352
:10BB8000CDE900331A461946D4F85C01FEF7E4FA11
:10BB90000123CDE9003305AAD4F85C018DF81450D7
:10BBA0008021FEF7D9FA06468EB9FF2F00F21081E8
:10BBB00023683946DB6E2046984722680546D669D9
:10BBC000534649463A462046B047064618B13046E5
:10BBD00007B0BDE8F08F804BD4F85C0105EB85051C
:10BBE000A3FB0535FF210123CDE9003305AA8DF81C
:10BBF00014101121FEF702FAD4F85C319DF814906C
:10BC000018680368DB699847AD09B34605350646F1
:10BC1000039708E0D4F85C311868596A03689B6898
:10BC2000984700284FD1D4F85C3118680368DB6C62
:10BC30009847D4F85C3118680368DB699847801B23
:10BC40008542E7D2236865491A6A8A427CD1D3F8D3
:10BC5000C830634A934240F085800122CDE900223A
:10BC600002234FF64375D4F85C01ADF81450194621
:10BC700005AAFEF771FA0546002D62D123689B687C
:10BC8000434575D1D4F85C0194F84A610121FEF76F
:10BC900067FCCDE900552B462A462946D4F85C01BD
:10BCA000FEF75AFA0123D4F85C018DF81460CDE94F
:10BCB000003305AA8021FEF74FFA6FF004063046E4
:10BCC00007B0BDE8F08FB9F1030F4FF001004FF05E
:10BCD000020305AA4FF012014FD12768D7F874A0CC
:10BCE000404FBA4535D1CDE90000D4F85C01ADF83C
:10BCF00014B0FEF783F9BDF814305BBA9BB2DB07D2
:10BD000020463AD4D4F8B41101F00F0103F030F812
:10BD10002368334AD3F8C8A0022392454FF00100AC
:10BD20004FF6437C05AA194617D1CDE90000D4F897
:10BD30005C01ADF814C0FEF70FFA74E7A847064699
:10BD400032E76FF0040642E7204690476FF00406A2
:10BD50003DE72046D0470346D1E744F2FF31204675
:10BD6000D04760E744F2FF3120469847054683E715
:10BD7000204698476FF0040629E7D4F85C31039F0A
:10BD800018680368DB699847054638461EF0C8FB0B
:10BD9000154B00221EF03EFC0246A81B07EE900A3F
:10BDA000F8EE677A164617EE900A0F461EF0DAFB99
:10BDB00002460B46304639461EF056FD1EF022FF65
:10BDC0002368C4F888011B6A204698470646FEE6A9
:10BDD0006FF00306FBE600BFD34D621091B903007C
:10BDE0002DAB030051AB03000040BF402DAF03005B
:10BDF00070B59FED300A0D46FF21044603F0ACF804
:10BE00002D492E4B4E69236003210023002284F824
:10BE100058112B48C4F85C510121C4E95C33C4E9D2
:10BE20006933C4E96B33C4F89801C4F89C61C4F861
:10BE30004C3184F85031C4F8603184F86431A4F88E
:10BE40006631C4F87831A4F87C3184F87E31A4F8E6
:10BE50008031C4F88C3184F89031C4F8943184F87E
:10BE6000A031A4F8A231C4F8B431C4F85421C4F804
:10BE70006821C4F88421C4F8882184F86C11022058
:10BE800084F84931082284F84A311023042661607D
:10BE90002025A06080214020226163614FF48072E0
:10BEA0004FF40073C4E90650C4E90812E660A362C7
:10BEB000204670BD0024743F5C3A06007C3A0600C0
:10BEC00000010603D0F85C312DE9F0430446186800
:10BED0000D46996A036882681B6885B09847D4F854
:10BEE0005C311868996A0368C2685B689847D4F83F
:10BEF0005C311868036801215B699847D4F85C31AC
:10BF00001868996A036802695B689847002D4CD0ED
:10BF1000D4F85C31DFF89C9018680368DB699847B7
:10BF200023689B684B4580464FF001074FF00006A1
:10BF30004FF0010134D1D4F85C0194F84A51FEF776
:10BF40000FFBCDE9006600231A461946D4F85C01C0
:10BF5000FEF702F9CDE900770123D4F85C018DF8F2
:10BF60000C5003AA8021FEF7F7F80546EDB1D4F88E
:10BF70005C3118680368DB699847A0EB0800B0F5EE
:10BF80007A7F4FF00A0111D2D4F85C311868036847
:10BF90005B69984723689B684B454FF00101CAD005
:10BFA000204698470546002DE1D10025284605B0DA
:10BFB000BDE8F0832DAF0300F0B5D0F85C311D680B
:10BFC00083B00A46596A2B68019204461F6DDE68E9
:10BFD0002846B847D4F85C31019A1B685B69014672
:10BFE000B446284603B0BDE8F040604700000000BA
:10BFF00070B52DED028B84B00123044603AAD0F85E
:10C000005C0101930093FF251121B0EE408A8DF869
:10C010000C50FDF7F3FF9DF80C60012E40F0AD8051
:10C02000B5EEC08AF1EE10FA3DD4DFED577AB4EEEA
:10C03000E78AF1EE10FA36DCF6EE007A68EE277A3F
:10C0400017EE900A1EF08EFA4DA3D3E900231EF0DE
:10C050002BF91EF0B7FDC3B23E2B2AD8022B22D9F2
:10C06000033B3B2B1FD8DFE803F0681E6C1E701EDD
:10C070001E741E1E1E1E781E1E1E1E7C1E1E1E1ED2
:10C080001E1E1E1E1E1E801E1E1E1E1E1E1E1E1E6E
:10C090001E1E1E1E1E1E1E1E1E1E1E1E1E1E1E1EC0
:10C0A0001E1E1E1E1E646FF0070004B0BDEC028B46
:10C0B00070BD7D2B5DD0FA2BF5D1062384F850316D
:10C0C00094F86C0194F8602194F8611184ED5A8A17
:10C0D000C8B994F86261D4F85C01002562F30705E1
:10C0E00063F30F2561F3174501230193009303AA1E
:10C0F00066F31F6504238B210395FEF72DF804B02A
:10C10000BDEC028B70BD012000FA02F507EE905ADB
:10C11000F8EE677AB3EE007AC7EE886AF4EEC76A83
:10C12000F1EE10FAB6BF002684F8620184F862616D
:10C13000D1E7042384F85031C2E7002384F850315A
:10C14000BEE7082384F85031BAE7012384F8503160
:10C15000B6E7092384F85031B2E7022384F850315E
:10C16000AEE70A2384F85031AAE7032384F850315C
:10C17000A6E7052384F85031A2E76FF0130094E797
:10C180007B14AE47E17A843F0000FF4370B584B072
:10C19000012304460D46D0F85C010193009303AAE5
:10C1A000FF2611218DF80C60FDF728FF9DF80C305B
:10C1B000012B3BD16A1F072A35D894F86C0194F8FB
:10C1C000501194F8612184F86051B8B994F8623143
:10C1D000D4F85C01002665F3070661F30F2662F3CD
:10C1E0001746012163F31F660191009103AA0423FE
:10C1F0008B210396FDF7B0FF04B070BD03FA05F084
:10C2000007EE900AD4ED5A6AF8EEE77A87EEA67A3E
:10C21000F3EE007AB4EEE77AF1EE10FAB8BF00233D
:10C2200084F86231D4E76FF00800E5E76FF013009F
:10C23000E2E700BF70B584B0012304460D46D0F894
:10C240005C010193009303AAFF2611218DF80C6075
:10C25000FDF7D4FE9DF80C30012B3DD16A1F032A57
:10C2600037D8043D94F86C0194F8602194F850118B
:10C27000EDB284F86151B8B994F86231D4F85C0138
:10C28000002662F3070661F30F2665F317460121C6
:10C2900063F31F660191009103AA04238B21039687
:10C2A000FDF75AFF04B070BD03FA02F007EE900AE2
:10C2B000D4ED5A6AF8EE677A87EEA67AF3EE007A42
:10C2C000B4EEE77AF1EE10FAB8BF002384F86231D9
:10C2D000D4E76FF00900E5E76FF01300E2E700BF75
:10C2E00030B52DED028B89B003AD85E80E0001233A
:10C2F0000446FF25D0F85C019DED048A8DF81F509F
:10C30000CDE900330DF11F021121FDF777FE9DF8F5
:10C310001F3083B923689DED030A5B6B2046984765
:10C3200028B92368B0EE480A9B6B2046984709B0AD
:10C33000BDEC028B30BD012B1CD0032B2ED19DF800
:10C340000D209DF80C10032A2BD8092984F8992177
:10C350002AD89DF80E2084F89A114FF48070A4F822
:10C36000AA01002084F89B3184F8A02109B0BDEC1B
:10C37000028B30BD9DF80C102046FFF707FF002808
:10C38000D5D1B0EE480A2046FFF732FE0028CED1C4
:10C390009DF814102046FFF74DFFC8E74FF0FF301F
:10C3A000C5E76FF00900C2E76FF00700BFE700BF05
:10C3B000B5EEC00AF1EE10FA23D4DFED157AB4EE33
:10C3C000E70AF1EE10FA1CDC10B5044682B010EE5C
:10C3D000100A1EF0C7F80CA3D3E900231EF01AF9C7
:10C3E0001EF0F0FB02468DF80720D4F85C01012313
:10C3F0000DF1070240F6E701FDF74CFB002002B00B
:10C4000010BD6FF0100070479A9999999999D93F8A
:10C4100000000C4300000000F0B585B00123044685
:10C4200002AAD0F85C0101930093FF26112110EEBF
:10C43000105A8DF80860FDF7E1FD9DF80830002BDB
:10C4400040F0EA80C4F8845128461EF08BF80FF2C1
:10C45000EC43D3E9002306460F461DF023FF1EF0F0
:10C46000D1FB07EE900AF0EEE77A17EE900A1EF085
:10C4700079F80FF25C43D3E900231EF047FB002854
:10C4800042D10FF2C043D3E90023304639461DF0B4
:10C4900009FF1EF0B7FB07EE900AF0EEE77A17EE01
:10C4A000900A1EF05FF80FF22843D3E900231EF034
:10C4B0002DFB68B3172384F87931D4F870218DF8F7
:10C4C0000C30110C002361F30703110A61F30F23F1
:10C4D000012194F87A01B4F87451CDE9001162F3A6
:10C4E000174360F31F63B4F8766102936DBAD4F812
:10C4F0005C01ADF80E5002AA08238B218DF80D6067
:10C50000FDF72AFE05B0F0BD1F2384F87931D4E78A
:10C510000FF23843D3E90023304639461DF0C2FEFE
:10C520001EF070FB07EE900AF0EEE77A17EE900A25
:10C530001EF018F8E6A3D3E900231EF0E7FAD8B9F5
:10C540000FF21043D3E90023304639461DF0AAFE0E
:10C550001EF058FB07EE900AF0EEE77A17EE900A0D
:10C560001EF000F8DAA3D3E900231EF0CFFA38B1A9
:10C570001E2384F87931A0E70F2384F879319CE7F2
:10C58000F6A3D3E90023304639461DF08BFE1EF09A
:10C5900039FB07EE900AF0EEE77A17EE900A1DF0ED
:10C5A000E1FFCBA3D3E900231EF0B0FAD0B9EDA38D
:10C5B000D3E90023304639461DF074FE1EF022FBFD
:10C5C00007EE900AF0EEE77A17EE900A1DF0CAFF28
:10C5D000BFA3D3E900231EF099FA38B10E2384F8E3
:10C5E00079316AE7162384F8793166E707EE105A45
:10C5F000DFEDCF7A77EE677AF0EEE77A17EE900A02
:10C600001DF0B0FFB2A3D3E900231EF07FFA30B1D2
:10C610001D2384F8793150E76FF0130072E7AEA361
:10C62000D3E90023304639461DF03CFE1EF0EAFAFD
:10C6300007EE900AF0EEE77A17EE900A1DF092FFEF
:10C64000A3A3D3E900231EF061FA18B1152384F8DF
:10C65000793132E7A2A3D3E90023304639461DF0F1
:10C6600021FE1EF0CFFA07EE900AF0EEE77A17EE01
:10C67000900A1DF077FF96A3D3E900231EF046FA37
:10C6800018B10D2384F8793117E707EE105ADFED62
:10C69000A97A77EE677AF0EEE77A17EE900A1DF046
:10C6A00061FF8BA3D3E900231EF030FA18B11C23DD
:10C6B00084F8793101E78CA3D3E900233046394669
:10C6C0001DF0F0FD1EF09EFA07EE900AF0EEE77AFC
:10C6D00017EE900A1DF046FF7DA3D3E900231EF05C
:10C6E00015FA18B1142384F87931E6E680A3D3E96A
:10C6F0000023304639461DF0D5FD1EF083FA07EEC3
:10C70000900AF0EEE77A17EE900A1DF02BFF70A367
:10C71000D3E900231EF0FAF918B10C2384F879311B
:10C72000CBE675A3D3E90023304639461DF0BAFDA8
:10C730001EF068FA07EE900AF0EEE77A17EE900A1C
:10C740001DF010FF62A3D3E900231EF0DFF918B13A
:10C750001B2384F87931B0E669A3D3E9002330467E
:10C7600039461DF09FFD1EF04DFA07EE900AF0EEDF
:10C77000E77A17EE900A1DF0F5FE55A3D3E90023E2
:10C780001EF0C4F918B1132384F8793195E65EA33D
:10C79000D3E90023304639461DF084FD1EF032FAFD
:10C7A00007EE900AF0EEE77A17EE900A1DF0DAFE37
:10C7B00047A3D3E900231EF0A9F918B10B2384F88D
:10C7C00079317AE652A3D3E90023304639461DF089
:10C7D00069FD1EF017FA07EE900AF0EEE77A17EE01
:10C7E000900A1DF0BFFE3AA3D3E900231EF08EF994
:10C7F00018B11A2384F879315FE647A3D3E90023FF
:10C80000304639461DF04EFD1EF0FCF907EE900A49
:10C81000F0EEE77A17EE900A1DF0A4FE2CA3D3E900
:10C8200000231EF073F918B1122384F8793144E61D
:10C830003BA3D3E90023304639461DF033FD1EF0FB
:10C84000E1F907EE900AF0EEE77A17EE900A1DF094
:10C8500089FE1FA3D3E900231EF058F918B10A235B
:10C8600084F8793129E607EE105ADFED337A77EE56
:10C87000677AF0EEE77A17EE900A1DF073FE14A3C4
:10C88000D3E900231EF042F918B1192384F8793155
:10C8900013E625A3D3E90023304639461DF002FDF7
:10C8A0001EF0B0F907EE900AF0EEE77A17EE900A64
:10C8B0001DF058FE06A3D3E900231EF027F9002837
:10C8C00056D0112384F87931F7E500BFAFF300802B
:10C8D000FCA9F1D24D62503F6666666666663740D7
:10C8E000CDCCCCCCCC4C3D40333333333373474089
:10C8F000CDCCCCCCCC4C4D40CDCCCCCCCC8C534046
:10C9000033333333337357403333333333535D402F
:10C9100066666666668663406666666666666740E5
:10C920009A99999999496D409A9999999959774005
:10C9300000009C4100001C4200009C433333333311
:10C9400033331340333333333333174033333333D9
:10C9500033331D40666666666666234066666666B5
:10C96000666627403333333333332D400080E94349
:10C9700007EE105A5FED037A77EE677AF0EEE77A0A
:10C9800017EE900A1DF0EEFD07A3D3E900231EF079
:10C99000BDF818B1092384F879318EE56FF067008E
:10C9A000B0E500BFAFF30080FCA9F1D24D62503F6B
:10C9B0002DE9F04786B001252B4604460E46D0F8F7
:10C9C0005C0101951746009503AA4FF0FF0811215D
:10C9D0008DF80C80FDF712FB9DF80C30002B7AD1FE
:10C9E000002E4DD0D4F85C0184F87D5102AB2A466C
:10C9F0004FF4D761FCF77CFED4F85C01FDF74CFAEC
:10CA00000646C8BB9DF808308DF8097023F0010375
:10CA1000C7F300271F43D4F85C018DF8087002AA01
:10CA200002234FF4D761FDF735F8B4F880318DF863
:10CA30001060CDE9005503AA94F878A194F87B9191
:10CA400094F87CE194F87DC194F87E71D4F85C018F
:10CA50008DF812805DBA8C210923ADF80C508DF849
:10CA60000EA08DF813908DF80FE08DF814C08DF89E
:10CA70001170FDF771FB0646304606B0BDE8F08741
:10CA8000B4F8803184F87D61CDE900555BBA94F843
:10CA90007B1194F8787194F87E518DF810608DF8C0
:10CAA0001460ADF80C3094F87C618DF81310D4F854
:10CAB0005C018DF80F6003AA09238C218DF8128088
:10CAC0008DF80E708DF81150FDF746FB0646304686
:10CAD00006B0BDE8F0876FF01306CDE710B584B05F
:10CAE000F1B11B4BD0F85C011B7C8DF80C3001239D
:10CAF00003AACDE90033002403231421ADF80D402F
:10CB0000FDF77CFA9DF80E001DF01AFD114B002276
:10CB10001DF080FD1EF076F800EE100A04B010BD86
:10CB200001230C46D0F85C018DF80C40CDE90033B0
:10CB300003AA1521FDF762FA9DF80C3000EE103AB9
:10CB4000B8EE400AFEEE007A20EE270A04B010BDCF
:10CB50005C3A06000000E0BF2DE9F0432DED028BAA
:10CB600090F8495185B0002D40F02A810368C04AF1
:10CB70009B68934204460E46B0EE408A40F0CC805B
:10CB8000D0F85C0194F84A710121FDF7E9FCCDE988
:10CB900000552B462A462946D4F85C01FDF7DCFAFD
:10CBA0000123CDE9003303ADD4F85C018DF80C709E
:10CBB0002A468021FDF7D0FA0127CDE9007702232C
:10CBC000D4F85C014FF000082A461721ADF80C801C
:10CBD000FDF714FA9DF80D309B0600F18D80F0EE04
:10CBE000C87A17EE900A1DF0BDFC8FA3D3E900238D
:10CBF0001DF08CFF0746002875D118EE100A1DF0B5
:10CC0000B1FC8BA3D3E90023804689461DF04AFB83
:10CC10001DF0F8FF07EE900AF0EEE77A17EE900AA3
:10CC20001DF0A0FC80A3D3E900231DF06FFF40B3EB
:10CC30008DF80C7007EE906AF8EE677A17EE900A9E
:10CC40001DF090FC7CA3D3E900231DF0E3FC1DF054
:10CC5000B9FF01210346C4F88C61D4F85C0101914D
:10CC60005CBA2A4600911D0C972104238DF80D50C3
:10CC7000ADF80E40FDF770FA05B0BDEC028BBDE8D3
:10CC8000F0836FA3D3E90023404649461DF00AFB19
:10CC90001DF0B8FF07EE900AF0EEE77A17EE900A63
:10CCA0001DF060FC60A3D3E900231DF02FFF78BBCB
:10CCB00065A3D3E90023404649461DF0F3FA1DF071
:10CCC000A1FF07EE900AF0EEE77A17EE900A1DF04A
:10CCD00049FC55A3D3E900231DF018FFF8B1022346
:10CCE0008DF80C30A6E720460121FFF7EBF805B0E0
:10CCF000BDEC028BBDE8F083CDE900770223D4F8C8
:10CD00005C01ADF80C802A460721FDF725FA66E79D
:10CD100001238DF80C308DE7984703AD4CE74CA309
:10CD2000D3E90023404649461DF0BCFA1DF06AFFD6
:10CD300007EE900AF0EEE77A17EE900A1DF012FC6B
:10CD400039A3D3E900231DF0E1FED0B942A3D3E912
:10CD50000023404649461DF0A5FA1DF053FF07EE9B
:10CD6000900AF0EEE77A17EE900A1DF0FBFB2EA377
:10CD7000D3E900231DF0CAFE38B104238DF80C302E
:10CD800058E703238DF80C3054E735A3D3E900238B
:10CD9000404649461DF086FA1DF034FF07EE900A22
:10CDA000F0EEE77A17EE900A1DF0DCFB1EA3D3E944
:10CDB00000231DF0ABFE28B105238DF80C3039E7B8
:10CDC0002C4859E7F0EE087A38EE678AF0EEC87A18
:10CDD00017EE900A1DF0C6FB13A3D3E900231DF044
:10CDE00095FE18B106238DF80C3023E71EA3D3E976
:10CDF0000023404649461DF055FA1DF003FF07EE9B
:10CE0000900AF0EEE77A17EE900A1DF0ABFB06A34E
:10CE1000D3E900231DF07AFE0028D1D007238DF836
:10CE20000C3007E7AFF30080FCA9F1D24D62503F10
:10CE30009A9999999999F93FFCA9F1D24D62B03F1D
:10CE4000333333333333FB3FCDCCCCCCCCCCFC3F72
:10CE50009A99999999990140333333333333034085
:10CE60009A999999999905406666666666660A4038
:10CE70002DAF030041FDFFFFF0B5354C05460F46D1
:10CE800094E8030095F8604187B0062C02909DF865
:10CE90003060ADF80C1038464DD8072185F8601188
:10CEA0001621DDED0D7A9FED2B7A8DF81110F8EE3D
:10CEB000677AFF2867EE877A4FF00101FCEEE77A88
:10CEC0008DF8101017EE904A4FEA144C4FEA1427D1
:10CED0008DF816404FF00104CDE9004418BF8DF8DD
:10CEE0001000FF2A18BF8DF811200A21FF2BADF882
:10CEF0001210D5F85C0118BF8DF8123004AAFF2E6D
:10CF00004FF007034FF088018DF814C08DF81570AD
:10CF100018BF8DF81360FDF71FF9034640B9CDE93E
:10CF200000441A46D5F85C01C521FDF715F9034602
:10CF3000184607B0F0BD0C2C04D90C2185F86011FF
:10CF40001E21AEE706A90C4414F8171CA9E700BF80
:10CF5000543A06006F12833D2DE9F04184B001235D
:10CF6000FF2504460E46D0F85C01019302AA009307
:10CF700011218DF80850FDF741F89DF80850012D5A
:10CF80007AD123683E4A9B68934269D12946D4F8F6
:10CF90005C0194F84A71FDF7E3FA0023CDE9003310
:10CFA0001A461946D4F85C01FDF7D6F8CDE90055CC
:10CFB0002B46D4F85C018DF8087002AA8021FDF799
:10CFC000CBF805461DB1284604B0BDE8F081D4F881
:10CFD0005C010221FDF7C4FAB168204601F0E6FFCA
:10CFE000F1680746204601F0E1FF4FF00108CDE966
:10CFF0000088082340BAADF80A007FBAD4F85C0173
:10D00000039519460DEB0302ADF80870FDF7A4F87F
:10D0100005460028D7D123681A4AD3F8C83093426E
:10D0200022D1CDE9008802234FF64375D4F85C0184
:10D03000ADF8085002AA1946FDF78EF80546002DF6
:10D04000C1D17268F37800930192B3787278317825
:10D050002046FFF711FF0546284604B0BDE8F081E1
:10D06000204698470546ADE744F2FF3120469847F1
:10D070000546002DA7D1E4E76FF01305A3E700BF35
:10D080002DAF03002DAB030010B5002484B061F375
:10D09000070463F30F249DF81810D0F85C0162F3C5
:10D0A00017440123CDE9003361F31F64042303AA6D
:10D0B00095210394FDF750F804B010BD08B5D0F8E1
:10D0C0005C01FCF7E7FC002008BD00BF10B504467A
:10D0D00010461A460346D4F85C01FCF709FBD4F865
:10D0E0005C01BDE81040FCF7D7BE00BF70B5FDEE97
:10D0F000C07A2DED048B17EE903A86B0A3F28632FB
:10D1000000211A2A0446ADF8101011D84EF6E1138A
:10D11000ADF810300123D4F85C0104AACDE9003346
:10D1200098210223FDF718F806B0BDEC048B70BD02
:10D13000A3F25F32072A04D84DF6D733ADF810308A
:10D14000E8E7A3F20B32082A08D9A3F5EB72282AE4
:10D1500009D848F27513ADF81030DBE74CF2C15333
:10D16000ADF81030D6E7A3F5D7730A2B04D846F6EE
:10D170006B73ADF81030CDE7B1EE049AB0EE408A93
:10D1800030EE490AF5EE008A20EE280A12F03AF84D
:10D1900038EE098AFCEEC07A28EE280ACDED037A33
:10D1A00011F0EAFFFCEEC07A9DF80C60CDED037A39
:10D1B0009DF80C50D4F85C01F2075CBF06F1FF3615
:10D1C000F6B2EB0758BF01354FF00103CDE900334C
:10D1D00058BFEDB2022305AA98218DF814608DF88E
:10D1E0001550FCF7B9FF06B0BDEC048B70BD00BF55
:10D1F00070B5012384B00D461646044603AAD0F844
:10D200005C018DF80C50CDE900338E2102238DF89E
:10D210000D60FCF7A1FF08B984F8905104B070BD0F
:10D220002DE9F04186B0012504460E46D0F85C0198
:10D23000019511219046009503AA2B46FF278DF8F2
:10D240000C70FCF7DBFE9DF80C1049BBB4F8803184
:10D250008DF81010CDE900555BBA94F87B1194F865
:10D260007C0194F8787194F87D51ADF80C308DF80C
:10D2700013108DF80F0003AAD4F85C018DF811602B
:10D2800009238C218DF812808DF80E708DF81450C2
:10D29000FCF762FF08B984F87E6106B0BDE8F08152
:10D2A0006FF01300F9E700BF2DE9F043044685B0A5
:10D2B000D0F85C019DF830909DF834804FF0000C60
:10D2C0000D4616461F46012202AB40F236718DF81C
:10D2D00008C0FCF70DFAD4F85C01FCF7DDFD38BBA3
:10D2E0009DF808C0D4F85C01B8F1010F0CBF0CF038
:10D2F000FB0C4CF0040C012302AA40F236718DF8AD
:10D3000008C0FCF7C7FB0123D4F85C018DF80A9034
:10D31000CDE900336DBA02AA06238C21ADF808507E
:10D320008DF80B708DF80C608DF80D80FCF714FFF4
:10D3300005B0BDE8F08300BF2DE9F0410568DFF8D6
:10D340008CC1D5F80880E04586B004460F461646E5
:10D350001D4640F09F80D0F85C0194F84A8101217D
:10D36000FDF7FEF80023CDE900331A461946D4F83C
:10D370005C01FCF7F1FE0123CDE9003303AAD4F8E8
:10D380005C018DF80C808021FCF7E6FE18BB6FF085
:10D390007F439F423146204618BF45F4007501F097
:10D3A00005FE2946034620461D46012601F0FEFDE6
:10D3B000CDE9006608236DBA40BAADF80C50ADF85F
:10D3C0000E000025D4F85C01049503AA1946FCF769
:10D3D000C3FE054610B106B0BDE8F081CDE9006698
:10D3E0000223D4F85C01ADF80C5003AA8F21FCF79E
:10D3F000B3FE0028EFD12368334AD3F8C8309342F4
:10D400004AD1CDE9006602234FF64375D4F85C019A
:10D41000ADF80C50194603AAFCF79EFE0125CDE994
:10D4200000552B46D4F85C01FF2603AA11218DF884
:10D430000C60FCF7E3FD9DF80C30AB4231D0002BC3
:10D440003FD1B4F880118DF81030CDE9005549BABC
:10D4500094F8780194F87B3194F87C7194F87E51BB
:10D460008DF81260ADF80C1094F87D618DF80E0007
:10D470008DF81330D4F85C018DF80F7003AA0923DE
:10D480008C218DF814608DF81150FCF765FE06B004
:10D49000BDE8F081C04779E744F2FF312046984764
:10D4A000BCE794F8982194F86431CDE90032204625
:10D4B00094F8943194F86321B4F86611FFF7F4FE00
:10D4C00089E74FF0FF3086E72DAB03002DAF030057
:10D4D00070B5054690F86401012884B00E4620D04E
:10D4E00031462846FFF728FF0446B8B9D5F85C0155
:10D4F0000221FDF735F801940123D5F85C01009372
:10D50000340A350C032303AA82218DF80D408DF8CF
:10D510000E608DF80C50FCF71FFE0446204604B048
:10D5200070BD08990029DBD0C5F89411D8E700BF79
:10D5300030B502681B4B54699C4285B025D102234B
:10D5400040F272226FF07F410546FFF7F5FE044678
:10D5500010B1204605B030BDD5F85C010221FCF7C2
:10D56000FFFF01940123D5F85C0100934FF6FF748F
:10D57000032303AA8221ADF80C408DF80E40FCF77E
:10D58000EBFD0446204605B030BD0023009340F279
:10D59000722202236FF07F41A0470446204605B067
:10D5A00030BD00BFD1D40300F0B587B001230446DD
:10D5B0000D46D0F85C010193009303AAFF261121C8
:10D5C0008DF80C60FCF71AFD9DF80C30012B3CD057
:10D5D000002B50D194F87C61A4F88051ABB2B342D7
:10D5E000A8BF33461F2B27DD0721012384F87811BC
:10D5F000CDE900336DBA94F87D318DF80E1094F8B2
:10D600007E1194F87B71D4F85C01ADF80C50FF24C6
:10D6100000258DF814308DF8111003AA09238C21F0
:10D620008DF80F608DF813708DF810508DF8124042
:10D63000FCF792FD07B0F0BD172BD9B217DC0F290C
:10D6400017D8002918BF0421CFE794F8982194F83F
:10D650006431A9B2A4F86611CDE90032204694F8ED
:10D66000943194F86321FFF71FFE07B0F0BD062147
:10D67000BBE70521B9E74FF0FF30DBE72DE9F043C9
:10D6800087B001264FF0FF0C04460D46D0F85C0130
:10D690000196112190461F4603AA009633469DF835
:10D6A00038908DF80CC0FCF7A9FC9DF80C1051B90E
:10D6B000B54270D0022D67D0F5B16FF42F752846B2
:10D6C00007B0BDE8F083012970D12A1E94F89811A3
:10D6D00094F8643118BF012284F86321CDE9003148
:10D6E000204694F89431B4F86611FFF7DDFD054645
:10D6F000284607B0BDE8F08384F87B6131460122FB
:10D7000094F87851B4F8803194F87CC194F87D6134
:10D710008DF81310CDE900225BBA94F87E11ADF8B4
:10D720000C3000208DF80E508DF81110FF258DF86B
:10D7300010000923D4F85C018DF8125003AA8C2143
:10D740008DF80FC08DF81460FCF706FD0546002823
:10D75000CED1D4F85C0103AA98FA98F8022340F2DB
:10D76000BC61ADF80C807FBAFCF794F9D4F85C0189
:10D77000ADF80C7003AA022340F2BE61FCF78AF9EF
:10D78000284607B0BDE8F083B9F1000F0AD00621A2
:10D7900084F87B11B3E7B9F1000FF9D0042184F8C4
:10D7A0007B11ACE784F87B512946A8E74FF0FF35A1
:10D7B0009EE700BF10B5DFED107A80ED550A60EEF0
:10D7C000277A84B0044617EE900A1CF0CBFE0B4B70
:10D7D00000221CF01FFF1DF0F5F9012203468621EF
:10D7E000D4F85C0101921CBA0092042303AA0394AA
:10D7F000FCF7B2FC04B010BD0000004C0000A03FDC
:10D8000070B5044684B0D0F85C010DF10E0300251C
:10D81000012240F689018DF80E50FBF769FFD4F81C
:10D820005C01FCF739FB054610B1284604B070BD19
:10D830000123CDE90033FF26D4F85C018DF80F6099
:10D840000DF10F021121FCF7D9FB9DF80F30012BD0
:10D8500011D09DF80E3043F00403D4F85C018DF82C
:10D860000E300DF10E02012340F68901FCF712F98A
:10D87000284604B070BD9FED0E7AD4ED5A7A77EE4B
:10D88000C77AF0EEE77A17EE900A1CF06BFE06A35B
:10D89000D3E900231DF03AF90028DAD09DF80E30C4
:10D8A00003F0FB03D9E700BFFCA9F1D24D62503F62
:10D8B0000000FA432DE9F043FF2AC7B000F25B8174
:10D8C0000124CDE90044FF26904605460F46D0F8D6
:10D8D0005C018DF8186006AA23461121FCF78EFB27
:10D8E0009DF81860A64200F02F81002E7ED0032EF6
:10D8F00040F04481CDE90044A24A06920823002466
:10D90000D5F85C010794194606AAFCF725FC0446E5
:10D910001CB1204647B0BDE8F0834FF00109CDE9C6
:10D9200000990223D5F85C01ADF8184006AA8F21B2
:10D93000FCF712FC04460028EBD1032E00F0948083
:10D94000CDE90199CDF800800E24D5F85C01ADF841
:10D9500018403B46022206A9FCF782FA044600283A
:10D96000D7D12B68884AD3F8C830934240F0FD8065
:10D970000122CDE9002202234FF64374D5F85C0161
:10D98000ADF81840194606AAFCF7E6FB0446002C41
:10D99000BFD12846FFF734FF04460028B9D195F8D7
:10D9A0005811D5F85C01FCF7DBFD0123CDE900330C
:10D9B00006AAD5F85C01ADF81840032383218DF841
:10D9C0001A40FCF7C9FB044630B1A2E7D5F85C3138
:10D9D00018680368DB6C9847D5F85C311868D96A19
:10D9E00003689B6898470028F0D192E7B5F880312A
:10D9F0008DF81C60CDE900445BBA95F87B2195F861
:10DA00007C1195F87D0195F87E4195F878C1ADF8C7
:10DA100018308DF81F208DF81B108DF82000092379
:10DA2000D5F85C018DF81D4006AA8C218DF81E806A
:10DA30008DF81AC0FCF790FB0446002C7FF469AF08
:10DA40000122CDE900220823DFF840C1D5F85C01AE
:10DA50000794194606AACDF818C0FCF77DFB0446CA
:10DA6000002C7FF456AF58E7284601F09FF8044693
:10DA700000287FF44EAF95F89B31C3F10403002BCF
:10DA800009DD284601F052F995F89B310134C3F1C4
:10DA90000403A342F5DC00242146FB2207A80694D8
:10DAA00005AE1DF063FB05F5D87005F5D673C5E925
:10DAB0006B44C5F8B4414246CDE901303946009681
:10DAC00006AB2846059400F0A1FD044600287FF42B
:10DAD00020AF33780127CDE9003702970E24D5F81F
:10DAE0005C01ADF8104004A906AB0222FCF7B8F9BE
:10DAF000044600287FF40DAF3368D5F8B0118DF8D7
:10DB000011308DF812100323D5F85C018DF81070D8
:10DB100004AA40F28531FBF7BDFF95F8B031102B18
:10DB20001F4628BF1027002B3FF41BAF264602E0FC
:10DB3000B7423FF416AFF1B2284601F019F90136A9
:10DB400004460028F4D0E4E695F8982195F864316D
:10DB5000CDE90032284695F86321B5F866115FFAE1
:10DB600088F3FFF7A1FB044667E744F2FF3128463C
:10DB7000984704460BE76FF00304CAE64FF0FF3402
:10DB8000C7E600BF400140012DAB030002010001C8
:10DB9000F0B5044683B0D0F85C010DF10703012213
:10DBA0000E46002740F6D8018DF80770FBF7A0FD60
:10DBB000D4F85C01FCF770F9054688B99DF8073088
:10DBC0008EB923F01E0343F008038DF80730D4F814
:10DBD0005C010DF10702012340F6D801FBF75AFF63
:10DBE000284603B0F0BD43F01E03EEE770B590F891
:10DBF0006431012B84B042D1CDE9003304460DF1EC
:10DC00000F02D0F85C01FF2511218DF80F50FCF7B1
:10DC1000F5F99DF80F60012E31D10025D4F85C0193
:10DC20008DF80E5033460DF10E0240F60211FBF74F
:10DC300031FFD4F85C018DF80F500DF10F0332461F
:10DC400040F64411FBF754FDD4F85C01FCF724F9CD
:10DC5000054610B1284604B070BD9DF80F10D4F8E9
:10DC60005C01334641F002040DF10F0240F644110D
:10DC70008DF80F40FBF70EFF284604B070BD6FF023
:10DC80001305E7E7000000002DE9F0470368BA4FED
:10DC90009B68BB4284B004460E46154640F019818D
:10DCA000D0F85C0194F84A810121FCF759FC00236B
:10DCB000CDE900331A461946D4F85C01FCF74CFA5A
:10DCC0000123CDE9003303AAD4F85C018DF80C8060
:10DCD0008021FCF741FA8046B8F1000F03D040469E
:10DCE00004B0BDE8F0870123CDE900334FF0FF0C0D
:10DCF000D4F85C018DF80CC003AA1121FCF77EF961
:10DD00009DF80C30012B00F0EC80002B40F07B8163
:10DD1000002D00F0E18028461CF002FC974B002209
:10DD20001CF078FC80468946D4ED5C7AF8EE677A80
:10DD300017EE900A1CF016FC02460B468AA1D1E9A8
:10DD400000011CF091FD1CF05DFF1CF00BFC024675
:10DD50000B46404649461CF087FD85A3D3E90023C6
:10DD60001CF058FC1CF02EFF814607EE909AF8EE4E
:10DD7000677A17EE900A1CF0F5FB814B00221CF02D
:10DD800049FC1CF01FFF22687E4BD2F81480984596
:10DD9000824640F0C0800146022340F272222046B3
:10DDA000FFF7CAFA8046002899D1D4F85C01022115
:10DDB000FCF7D6FB0123CDE900384FEA1A404FEAC1
:10DDC0001A2C8DF80C000323D4F85C018DF80EA0FA
:10DDD00003AA82218DF80DC0FCF7BEF98046B8F188
:10DDE000000F7FF47CAFD4F85C3118680368DB69FE
:10DDF000984780460FE0D4F85C3118680368DB6C04
:10DE00009847D4F85C3118680368DB699847A0EB41
:10DE1000080399457CD3D4F85C311868596A0368C3
:10DE20009B6898470028E6D04FF0000923689B685C
:10DE3000BB427AD1D4F85C0194F84A810121FCF705
:10DE40008FFB0023CDE900331A461946D4F85C0154
:10DE5000FCF782F90123CDE9003303AAD4F85C0171
:10DE60008DF80C808021FCF777F98046B8F1000F1F
:10DE700004D06FF4307398457FF431AF2368424A81
:10DE80005B6F934255D10123CDE900334FF0000C75
:10DE9000D4F85C01ADF80CC0022303AA1221FCF7F0
:10DEA000ADF8BDF80C0040BA80B2830572D4B9F168
:10DEB000000F6FD194F86431012B3DD023682A46BE
:10DEC0005B6A3146204698478046404604B0BDE82C
:10DED000F08798478046FFE6DFF8B4904FF00008DF
:10DEE00022E794F8602194ED5A7A934007EE903A35
:10DEF000F8EE677AC7EE877A17EE900A1CF032FBCD
:10DF0000224B00221CF086FB1CF05CFE81462CE7B5
:10DF10004FF001098AE700230146009340F2722284
:10DF200002232046C047804659E72046984780464E
:10DF30009CE720469847B8E7CDE9003303AAD4F818
:10DF40005C01FF2711218DF80C70FCF757F89DF844
:10DF50000C30012BB2D12046FFF748FE8046002846
:10DF6000ACD0BCE6AFF30080000000008084CE415E
:10DF7000000000000088B3402DAF030000002040E7
:10DF800000005040D1D4030051AB030000005940C1
:10DF900000E09F4023689B68BB423ED1D4F85C01FF
:10DFA00094F84A510121FCF7DBFA0023CDE9003354
:10DFB0001A461946D4F85C01FCF7CEF80123CDE9E6
:10DFC000003303AAD4F85C018DF80C508021FCF7D3
:10DFD000C3F82046FFF70AFE2368114AD3F8C83079
:10DFE000934213D101210223D4F85C0103AACDE9A5
:10DFF00000114FF643741946ADF80C406FF0050858
:10E00000FCF7AAF86BE64FF0FF3868E6204644F2CA
:10E01000FF3198476FF0050861E620469847D8E73A
:10E020002DAB0300F0B587B0012405460E46D0F8AD
:10E030005C010194002704AA009402238F21ADF80B
:10E040001070FCF789F808B107B0F0BDCDE90044C5
:10E0500002AAD5F85C018DF8086023468A21FCF7F6
:10E060007BF80028F0D195F84A310194BB42009426
:10E0700014BF3026202602AAD5F85C018DF808606E
:10E0800023469321FCF768F802460028DCD195F876
:10E090006011ADF80C20CDE900440D3103200A26B3
:10E0A0008DF80E208DF809108DF808000723D5F89B
:10E0B0005C01ADF80A6002AA8821FCF74DF800283F
:10E0C000C2D12B682A4AD3F8C830934249D1CDE94E
:10E0D000004402234FF64374D5F85C01ADF81040BC
:10E0E000194604AAFCF738F804460126CDE9006673
:10E0F00008231946D5F85C0104AA0027CDE9047766
:10E10000FCF72AF844EA000318B200289CD1CDE9B4
:10E1100000607F24D5F85C018DF80840334602AAE0
:10E120008921FCF719F800288ED1D5F85C311868E0
:10E13000036805215B69984705E0D5F85C311868EC
:10E140000368DB6C9847D5F85C311868D96A0368B6
:10E150009B6898470028F0D1D5F85C01FBF79CFE3E
:10E1600072E744F2FF31284698470446BDE700BFF6
:10E170002DAB03002DE9F0412DED028B044686B056
:10E18000D0F85C01B0EE408A0F461646FBF74AF91C
:10E19000D4F85C311868596AD0E900321B68984796
:10E1A000D4F85C311868D96AD0E900321B68984706
:10E1B000D4F85C314F4850490122DA744FF40165BC
:10E1C0001D82D4F85C31D4F84C511A714FF44002DE
:10E1D000C3E9020259614FF00A0801212046FDF708
:10E1E00071FED4F85C0102AB10224FF44871FBF7CA
:10E1F0007FFA02A9062228461DF038FF0A210028CE
:10E2000049D101212046FDF75DFE054600283CD19D
:10E2100023683A4A9B68934265D1D4F85C0194F82C
:10E220004A810121FCF79CF9CDE900552B462A468D
:10E230002946D4F85C01FBF78FFF0123CDE90033B9
:10E2400002AAD4F85C018DF808808021FBF784FFD6
:10E250000546D5B994F8493123B9B5EEC08AF1EE37
:10E2600010FA35DC31462046FFF7DCFE054660B982
:10E270000123D4F85C0102AACDE900339621E7B16D
:10E280008DF80850FBF768FF0546284606B0BDEC40
:10E29000028BBDE8F081D4F85C31186803685B69D3
:10E2A000984708F1FF3313F0FF0896D1D4F85C01CA
:10E2B000FBF7CCF86FF00105E7E78DF80830FBF7C6
:10E2C0004BFF0546284606B0BDEC028BBDE8F08149
:10E2D000B0EE480A41F288312046FEF73DFC054683
:10E2E0000028BFD0D1E7204698470546002DB1D081
:10E2F000CBE700BF1D000D00E1AA03002DAF030016
:10E300002DE9F04184B03F4DDFF8FCE0C0F86851E2
:10E310001E464FF006084FF0000CFF270B4615462F
:10E3200080F850819DF82810A0F86661C0F860E17F
:10E33000C0F88CC180F864C1C0F894710122044611
:10E340009846FFF717FF10B104B0BDE8F0814146D1
:10E350002046FDF76FFF0028F6D10123CDE90033F9
:10E3600003AAD4F85C018DF80C701121FBF746FE6E
:10E370009DF80C70012F18BF6FF01300E4D125F049
:10E380000F0040F004002D0102234FF4E8618DF8E6
:10E390000C0045F00405D4F85C018DF80D5003AA7B
:10E3A000FBF778FB236831465B6D204698470028D1
:10E3B000CAD1D4F85C013B4603AA40F6E701182510
:10E3C0008DF80C50FBF766FBCDE9007703AAD4F873
:10E3D0005C018DF80C703B469D21FBF7BDFE0028CB
:10E3E000B2D1009741F2210341F60F52022120469B
:10E3F000FFF744F90028A7D1236801465B6C20464B
:10E400009847A1E70000FA430903000170B52DED1C
:10E41000048B484BC0F884310D4611464CF6CC4273
:10E4200045F25536C0F8742140F209631A2284B0CF
:10E4300080F87921B0EE408AA0F88051C0F8706170
:10E44000A0F87A31B0EE610A00220446F0EE608A4C
:10E45000B0EE419AFFF78EFE98B92368B0EE480AF5
:10E460005B6B2046984760B92368B0EE680A9B6BE7
:10E470002046984728B9B0EE490A2046FDF7CCFF60
:10E4800018B104B0BDEC048B70BDD4F85C0101235D
:10E4900040F6E70103AA18268DF80C60FBF7FAFA9C
:10E4A000236829465B6D204698470028E9D14AF643
:10E4B00012522368ADF80C201B6D03A902222046DE
:10E4C00098470028DDD123680146DB6B204698473A
:10E4D0000028D6D12368184A1B6C9342014626D1E6
:10E4E00040F2FF122046FEF763FA0028C9D1FF224E
:10E4F00001212046FEF794FE0028C2D10125009597
:10E5000041F2210341F60F5202212046FFF7B6F8EF
:10E510000028B6D1CDE900552B46D4F85C018DF822
:10E520000B500DF10B029D21FBF716FEA9E72046CB
:10E530009847DAE733331C43E9B503002DE9F0418E
:10E5400086B00F4616469DF8301080F8A0310322A1
:10E550000546FFF70FFE044618B1204606B0BDE899
:10E56000F08101239846D5F85C0103AA182440F6EF
:10E57000E7018DF80C40FBF78DFACDE9008803AA7E
:10E58000D5F85C018DF80C8043469D21FBF7E4FD36
:10E5900004460028E1D1CDE9008803AAD5F85C0142
:10E5A0008DF8144009238C21CDE90344FBF7D4FDF9
:10E5B00004460028D1D12B6885F879010B2285F813
:10E5C0007A21C5F874015B6B9FED0F0A28469847C6
:10E5D00004460028C1D1032E10D8092F85F899616F
:10E5E0000FD803224FF48073204685F89A7185F87E
:10E5F0009B21A5F8AA3106B0BDE8F0816FF00904AF
:10E60000ABE76FF00704A8E70000FA3E2DE9F04FF2
:10E61000ADF52B7D1D4606900892D2B18C18013CB9
:10E620000139681EFF231A1111F8016F82EA531293
:10E6300082EAD3025E4002F0010282EAD312370975
:10E6400042EA430347EA06168C4200F8016FDBB248
:10E65000E9D1DDF82080CC484FF6FF7C002647F258
:10E660005B54424629461027C0E9014C0770C6603A
:10E6700000F0F8FC44462A19A31CC0F3072105F852
:10E680000810507031464FF41772EE5413A8DB0097
:10E690001C46099312961CF069FDBC480B96032199
:10E6A00000F048FD0BABA21D0093294612ABB74802
:10E6B00000F044FD3146FF2228461CF057FD069B22
:10E6C00093F89941032C00F05382B14BDDF82C8074
:10E6D0008DF846600FCB0EAFBC46ACE80700022CAD
:10E6E000ACF8003096BFAB4BB14613F80490B8F1CC
:10E6F000000F00F0438200230124A2469B461846E7
:10E7000002E043452DD03C5C6FEA030EDA080EF0C0
:10E71000070EB4B112A94FEADB0C8C5C6FEA0B0256
:10E7200002F0070244FA0EF40AFA02F214F0010FA2
:10E7300011460FD015F80C100A4305F80C200BF108
:10E74000010B0130484503F10103DAD1984508D0A7
:10E750000020D8E715F80C2022EA010105F80C107A
:10E76000EDE70BF10702D208294612A8CDF82CB02C
:10E770001CF0D4FC0022BBF1000F00F0FC81013240
:10E7800092B202FB02F35B45F9D3069B93F89B31EF
:10E79000C3EBC30103EBC1010FFA8BF049004FEA51
:10E7A000420889B252080028059004911FFA88F89F
:10E7B000029240F3EF810023CDF80CB09946012678
:10E7C0009B46049F059CF908FA43685C02F0070227
:10E7D00006FA02F220EA02007A1C6854D110D243F1
:10E7E000685C302C02F00702A8BF302406FA02F25F
:10E7F00020EA0202A0B26A5400F1FF3AFA1C079024
:10E8000012FA8AFABC1C18E015F80E100A4305F833
:10E810000E200399029A43449BB28B424A4409D387
:10E8200093B298450BF101029DBF1FFA82FB5B4634
:10E83000D94699460134A24519D0DA0812A94FEAFF
:10E84000E40E8F5CD943E24301F0070102F00702B6
:10E8500047FA01F106FA02F211F0010F1046D3D186
:10E8600015F80E2022EA000005F80E00D1E7059900
:10E87000079A04980232303909B2104482B2002952
:10E88000059104929DDC069A92F89B3192F8994189
:10E8900092F8A06192F89A01B2F8AA21089F8DF827
:10E8A0003070E10041EA860141EAD00141F0020105
:10E8B000049E8DF83110111141EA40106FF0710182
:10E8C00001FB03618DF832002F480B9112010826DD
:10E8D0002F274FF0FF0C0021C0E9017CD2B2067057
:10E8E000C160002B00F0FA80DFF8AC8002910C468A
:10E8F0000EAF012602992448013B5B1A22F00C025C
:10E9000042EA83030CA904228DF8333000F0AAFBFD
:10E910004FF00009034602211C488DF83430C7F837
:10E920000090CDF83C90ADF8409000F003FCCDF89D
:10E9300000903B4628220CA9144800F0FFFBCDF8BC
:10E9400000903B4628220CA91048DFF8509000F0B8
:10E95000F5FBE208E343A95C03F0070306FA03F3BF
:10E9600021EA0301631CA954DA10DB43A95C03F01C
:10E97000070306FA03F321EA0303AB5409F1010C80
:10E98000A9F1020A13E000BF34C7002014C8002018
:10E99000503B0600743B06009F3B0600773B060099
:10E9A0006B5CC1454EEA030E05F801E021D04B46F1
:10E9B00019F8012FD008D24317F800B0D91CAAEBE0
:10E9C000090E02F00702A1EB0C01AEEB040E4BFAAC
:10E9D00002F221440EF0070E12F0010F4FEAD101AE
:10E9E00006FA0EFEDCD16A5CC14522EA0E006854CC
:10E9F000DDD1DFF8B491ACF1230A07E06B5C4EEA9D
:10EA0000030E664B05F801E0994523D04B4619F8F3
:10EA1000012FD008D24317F800B003F12301AAEB6D
:10EA2000090E02F00702A1EB0C01AEEB040E4BFA4B
:10EA300002F221440EF0070E12F0010F4FEAD1014D
:10EA400006FA0EFEDAD16A5C544B22EA0E009945B2
:10EA50006854DBD16FF02A09DDF818B00394A9EBF4
:10EA6000040904F12A0A002307E015F80C10013309
:10EA70000A43202B05F80C201FD00BEBD302D943FF
:10EA800092F89CE101F00701A9EB030202F00702F2
:10EA90004EFA01F103EB0A0C06FA02F211F0010F33
:10EAA0004FEADC0C1046E0D115F80C20013322EAC5
:10EAB0000000202B05F80C00DFD1069B029A039C76
:10EAC00093F89B310132723493420292A4B202D97C
:10EAD0009DF833200EE7069A92F89941099A06327A
:10EAE00092B2032C06D8DFE804F03934310202EB8D
:10EAF000420292B22A4DA5FB0210400902F12F04F6
:10EB000000EB800100EB4000A2EB0012A5FB0454D7
:10EB100003EB541401EB810193B2B69A49001460DF
:10EB20008AB213B1023313449AB2069B93F89B1135
:10EB3000722313FB0122B599D31D0A60B49ADB0836
:10EB4000002013600DF52B7DBDE8F08F520092B2CE
:10EB5000D0E702EB4202C2F34F02CBE702EB4202E4
:10EB6000104952000432A1FB0212C2F38F02C1E726
:10EB7000DDF82CB0FEE5069B93F89941069B93F8CF
:10EB80009B31C3EBC30203EBC202520092B2049268
:10EB9000069A7DE6069A92F8994179E6C73B060007
:10EBA000ABAAAAAACDCCCCCC9F3B0600F0B45C4E5D
:10EBB0005C4F04460FCE8AB005AD0FC5316894F89E
:10EBC0009A31296094F8A021574E02960AA901EBC8
:10EBD000430397E80300002A4FF0060533F8142C8E
:10EBE000A4F8A45114BF0823342349F28E55B2FB74
:10EBF000F3F293B2632AA4F8A2310390ADF8101097
:10EC0000ADF8045040D0632B4FD83E2B3AD8092B97
:10EC100033D90A3B342B30D8DFE803F06F2F2F2F86
:10EC20002F2F2F2F2F2F2F2F6F2F2F2F2F2F6F2F74
:10EC30006F2F2F2F2F6F2F2F2F2F2F2F2F2F2F2F64
:10EC40002F6F2F2F2F2F2F2F2F2F2F2F2F2F1B2FA8
:10EC50001B00B4F8AA310AAA02EB931203F03F0199
:10EC600012F81C2CA4F8A621B3F5C07F4FF038028F
:10EC7000A4F8A811A4F8A42113D36FF069000AB076
:10EC8000F0BC7047562BF8D1B4F8AA310AAA02EBAF
:10EC9000D31203F07F0312F8202CA4F8A621A4F8C5
:10ECA000A83100200AB0F0BC7047B3F5C37F04D090
:10ECB0000FD940F293129342DFD1B4F8AA31A4F8ED
:10ECC000A8314FF484720020A4F8A6210AB0F0BC49
:10ECD0007047B92B01D0C62BCFD1B4F8AA310AAAFC
:10ECE00002EB1322002012F8242CA4F8A621DBB298
:10ECF000A4F8A8310AB0F0BC7047B4F8AA310AAA47
:10ED000002EB9311B3F5C07F11F81C1CA4F8A611F7
:10ED100003F03F02A4F8A821AFD20020C2E700BF51
:10ED2000603B0600483B06004144474830B4B0F819
:10ED3000A431B0F8A821B0F8A251044603F00101B3
:10ED40005B0819B1B4F8A6114B409BB29A4282EA13
:10ED5000030005D08542F1D3A4F8A43130BC70473C
:10ED60009D42EBD31846A4F8A43130BC704700BFD5
:10ED70002DE9F0410446D0F8B00182B000287ED0E1
:10ED80000D46B4F8A431B4F8A801B4F8A21103F008
:10ED900001025B081AB1B4F8A62153409BB283422A
:10EDA00014BF83EA00021A469142F0D3013A17B227
:10EDB000B7EB510F92B2A4F8A43194F8A031A4BFDC
:10EDC000521A17B2002B5DD101F001011A2601FB86
:10EDD00006664FF4D04894ED557ADFED317A67EE50
:10EDE000277A760217EE900A1BF0BCFB2D4B00220F
:10EDF0001BF010FC1BF0E6FED4F8B41194F89B3124
:10EE000008FB07629942A0EB020004D25B1ADB0701
:10EE100058BF00F5807005EB45077F00042306BA54
:10EE200007F28A310DEB030220460196FEF746F900
:10EE300028BB55B194F89B31AB422AD8D4F8AC0129
:10EE4000312829D885B2C0B201E0732005460026DA
:10EE50008DF8010007F5627102236A4620468DF89D
:10EE60000060FEF72BF950B9D4E96B12D4F8B43135
:10EE70004D1B013AC4E96B520133C4F8B43102B0FE
:10EE8000BDE8F08101F001060136B6004FF480586C
:10EE9000A1E772200546DAE732200546D7E700BF32
:10EEA0000000004C0000A03F6FF01800704700BF4A
:10EEB0006FF01800704700BF6FF01800704700BF78
:10EEC0006FF01800704700BF6FF01800704700BF68
:10EED0006FF01800704700BF6FF01800704700BF58
:10EEE0006FF01800704700BF6FF01800704700BF48
:10EEF0006FF01800704700BF84B004A800E90E004E
:10EF00006FF0180004B0704700207047BBEE090A8C
:10EF1000704700BF002070476FF01800704700BFB7
:10EF20006FF01800704700BF00207047704700BFA7
:10EF3000704700BF6FF01800704700BF704700BFF8
:10EF40000368044ADB68934202D16FF018007047EF
:10EF500000211847C1EE030070B5134B04460E465E
:10EF600000210D462DED028B282240F8043BB0EE27
:10EF7000408A1CF0FBF8A58684F8365004F137006F
:10EF800029464FF480721CF0F1F884F8405184ED6A
:10EF90000B8ABDEC028B2046C4E94E55C4F844519F
:10EFA00084F84851266370BDD03B0600002330B47E
:10EFB000051D0124184604FA03F20A4204D055F84C
:10EFC00023201F2A18BF10430133202BF3D130BC5C
:10EFD000704700BF38B590F8483104466BB9D0F897
:10EFE0003851D0F84421D0F83C0141EA45010A40AB
:10EFF0008242C4F838112ED038BD90F83530F1B1C6
:10F00000034490F8341093F8370001228A401043EB
:10F01000C0B283F837000131C9B2082984F834102E
:10F02000EAD100F043F994F83530E11800220133B9
:10F0300081F8370084F8353084F8342038BD034433
:10F0400090F8341093F8370001228A4020EA020039
:10F0500083F83700DFE70122A38684F8363084F88E
:10F06000482138BD2DE9F0475FEAC20884680746A9
:10F0700025D0002589462A460EE039784B1E24FA11
:10F0800003F3DB0748BF7B6805F101054CBF83EA4A
:10F0900044046400454513D06907EED13B7C19F860
:10F0A000020002F1010A33B93978A1F1080398404E
:10F0B00052464440E2E7082100F0F8F8F4E701780E
:10F0C000F8687B7C44403BB9C1F120064FF0FF302B
:10F0D000F0402040BDE8F087204600F0E7F839789E
:10F0E0000446F1E7044B00220821C3E9012219700C
:10F0F000DA601A82704700BF34C7002008B50448A0
:10F10000002140F8041BB0221CF030F808BD00BFFD
:10F1100048C7002010B50446C06808B115F000FBD0
:10F12000206908B115F0FCFA606908B115F0F8FA29
:10F13000204610BD00234170037070472DE9F04F49
:10F1400085B001920391002900F09080002B00F01F
:10F150008D80002A00F088804FF0000890F801E0D0
:10F160000293C44646460DE0BBF1070F80F800A0AD
:10F1700048EA090852D0019B0136F444B3421FFA11
:10F180008CFC55D0F108039C0778645C394B3A4DF0
:10F19000F24302F00702144104F00104BEF1020F31
:10F1A00018BF1D464FEA9709C4F101014FEA8101DA
:10F1B0006FEA070B55F829500BF0030BC9B201EBAE
:10F1C000CB014FF0020325FA01F102FB0EF913FB0C
:10F1D000074A01F00F010AF03F0A06F0070B01FA97
:10F1E00009F9C1D1520001FA02F21EFB074406F0F0
:10F1F000070104F00F040729047048EA0208BAD195
:10F20000029B1A464FEA182102F8021B83F801807C
:10F2100090F801E002924FF00008ACE7029ABEF1CC
:10F22000030F4FEA184104BF02F8011B0292E7E7FF
:10F230001A465207029B0BD0BEF1030F04BF4FEAE0
:10F24000184203F8012B4FEA182283F801801A7044
:10F250000E9B2BB1C3F800C0002005B0BDE8F08FB5
:10F26000184605B0BDE8F08F9446F1E74FF0FF3047
:10F27000F3E700BFA83C0600983C06000748084A90
:10F28000084910B50024C0E90344048044600472B6
:10F2900044611BF097FE044B1C8010BDFCC700208E
:10F2A0000060002015F1030014C8002099B100226D
:10F2B000F0B405464F1E1046012606FA02F32B4015
:10F2C000BC1AD3400132A340D4B2A14240EA0300A9
:10F2D000F3D8F0BC70470846704700BF72DF704734
:10F2E00073DF704774DF704777DF704738B50546C6
:10F2F00008460C4602F0ACF9102803D080280ED046
:10F30000012038BDEB7FA2881B2B0EDCE9180320FF
:10F31000E85448704A80EB7F0433EB77F0E7A3684A
:10F32000002BEDD0E97F0D2901DD002038BD6A18E2
:10F33000112068540721517058681C689968DB686F
:10F34000C2F80E30C2F80600C2F80240C2F80A1035
:10F35000EB7F1233EB77012038BD00BF10B50021E1
:10F360000446C1771F221BF001FF204610BD00BFDD
:10F3700030B5D1E9042485B0CD68074B00936946C8
:10F38000CDE902240195FFF7B1FF0446684602F07B
:10F3900029F9204605B030BD3C3D0600F0B589B0E6
:10F3A000064620221348694602F0B0FDF37FC218DA
:10F3B0001D2A0CDDC3F11D04E4B2E2181D2A4FF032
:10F3C0000005D8BF082705DD284609B0F0BD044672
:10F3D00001250927F218601CF05469465770901CEB
:10F3E00022461BF09BFEF27F023214442846F4773B
:10F3F00009B0F0BD2CC8002010B51F220446002122
:10F400001BF0B4FE064B0749074A23620023E3774B
:10F41000C4E90C12C4E90E33E3622364204610BD34
:10F42000FF0101002000F40020001E00F0B502EBF7
:10F43000820389B0154603EB830390F821209B00DB
:10F4400004460020CDE90410ADF81430931E02905C
:10F45000CDE906000E4603908DF80820092B09D847
:10F46000DFE803F00505080808050805080504F1AC
:10F470002403039394F82330002B38D11E4F1F49E7
:10F48000FA7F94F81FC08A8104F1200002AA8F60DD
:10F490000C60A7F28467A1F804C0FFF71FFF10B14A
:10F4A000002009B0F0BD94F820100191384602F018
:10F4B0008BFD019902460120FFF716FF0028EFD1CE
:10F4C00094F820000121FFF70BFF0028E8D138460F
:10F4D00002F0D4FD628FA686AA424FF0010094BFCD
:10F4E000921A521B628784F8230009B0F0BD94F889
:10F4F0002000FFF7F7FEC1E7B0CE002018C80020BB
:10F50000F0B5002361F30F03044661F31F4389B094
:10F510008363FA21314802F05BFDE58E94F82110F7
:10F52000278E049705EB850303EB830300229B00E2
:10F530000592ADF814308B1E0292CDE9062203929B
:10F540008DF80810092B09D8DFE803F00505080835
:10F5500008050805080504F12403039394F82330F3
:10F56000002B36D11E4E1F49F27FE37F8A8104F1C2
:10F57000200002AA8E600C60A6F284668B80FFF7E2
:10F58000ADFE10B1002009B0F0BD94F8201001913B
:10F59000304602F019FD019902460120FFF7A4FE52
:10F5A0000028EFD194F820000121FFF799FE0028F0
:10F5B000E8D1304602F062FD638FA7869D424FF08E
:10F5C000010094BF5B1BDB1A638784F8230009B03A
:10F5D000F0BD94F82000FFF785FEC3E72CC800209B
:10F5E000B0CE002018C8002030B50B888D88112BB4
:10F5F00085B0044605D0262B33D0102B25D005B07E
:10F6000030BDC36AEB40DB07F9D52E4801F0B2F8F4
:10F610000028F4D1E36A94F82310012202FA05F5D8
:10F6200023EA0503E3620029E9D194F82230002B94
:10F63000E5D0238F23486387FA2102F0C9FCE28ECC
:10F64000218E2046FFF7F2FED9E7CB7B012BD6D1E6
:10F65000C26A03FA05F515430023C56280F823301A
:10F66000CDE70B7A012BCAD1002380F823304FF469
:10F67000FA71144802F0ACFC238F5BB1658F95B131
:10F68000236C0BB19847658F618E2A462046FFF7A1
:10F69000CDFEB4E7236C03B19847618E002220466B
:10F6A000FFF7C4FEABE7074802F0FCFCE26B002A60
:10F6B000A5D0009503AB29462846039515F0AAFE70
:10F6C0009DE700BF2CC8002075DF704710B44FF0D5
:10F6D00010144FF448010022C0E90041C0E90222A1
:10F6E0005DF8044B704700BF014800F045BE00BF05
:10F6F00024CF0020F8B500250D4F2E4601E0142D33
:10F7000014D0A9B2384602F0A1FC01350446002805
:10F71000F5D000F0DFFC0028F1D0204600F0E4FC3A
:10F72000022804BF0136F6B2142DEAD13046F8BDE6
:10F730002CC8002070B58E881B480C4694B031460A
:10F7400002F084FC23881A2B05D01F2B1CD0102B11
:10F750000FD014B070BD054600F0BEFC0028F8D0F4
:10F76000284600F0BBFC0028F3D1284600F01CFD21
:10F77000EFE7694600F000FD0028EAD06A4631460E
:10F780000A4801F08FFBE4E754F8080F61686B4604
:10F7900003C33046BDF80030ADF802306946FFF7CC
:10F7A00093FF14B070BD00BF2CC800204CC80020CF
:10F7B000AADF7047ABDF7047ACDF7047ADDF704743
:10F7C000AEDF7047B0DF704710B5044B044640F819
:10F7D000043B01F007FF204610BD00BFF43C0600CB
:10F7E00010B5054B044640F8043B01F0FBFE2046F3
:10F7F00014F094FF204610BDF43C060070B57B4B1E
:10F8000004461B68836196B0043001F031FF94F820
:10F810002E30A06913F0320208BF84F82F2013F0B5
:10F820000C0308BF84F830300DF10102694601F085
:10F83000CFFE94F82F209DF8010015070DD09DF8FC
:10F84000001002F00F0301F00F059D424FEA121263
:10F850006DD243EA021284F82F2094F83030190751
:10F860000BD003F00F0100F00F058D424FEA131388
:10F8700069D241EA031384F8303094F82E1011F065
:10F88000300340F096800FAD0F93C5E90133C5E911
:10F8900003338DF83C10AB610021ADF809109DF8E1
:10F8A0000A10206A1493012363F342018DF80820A3
:10F8B0008DF80A1008B1037873BB94F8263013B1A1
:10F8C00004F12603129394F831200023D207089301
:10F8D000079358BFE38AADF81C3004F1080004F127
:10F8E0002F01CDE9050154BF1846E08AADF820008C
:10F8F000294604F13203E569099505AA0020FFF7BE
:10F9000057FF054628B994F8253043BB237D002BCB
:10F9100064D0284616B070BD10901CF08CFB02AB72
:10F9200080B2ADF84400ADF846001393C5E74FEA46
:10F93000111101D191428CD30A462B4643EA02129F
:10F9400084F82F2089E74FEA101001D1984290D314
:10F950000346294641EA031384F830308DE7ADF8B9
:10F960000D009DF80E2094F82F600C90012363F396
:10F97000420242F608118DF80E208DF8123004AACA
:10F980000223ADF8101003A90D90ADF83030ADF89A
:10F9900034300A9204F124030B910DF102020AA9FA
:10F9A0008DF80C600E93FFF705FF0028AED00546DA
:10F9B000AFE70F4B8DF805200FAD1B788DF80430A5
:10F9C000022000230F938DF80600C5E90133C5E935
:10F9D0000333AB618DF83C1001AB5DE72146054870
:10F9E00000F08AFE284616B070BD00BF28C800206F
:10F9F000E83C06006CCC00202DE9F0410B888E8895
:10FA0000502B8AB00C46054609D0512B04D18B7976
:10FA1000012B19D0022B26D00AB0BDE8F081CB888B
:10FA2000428E9A4235D0EA8E9A42F5D16B6D002B08
:10FA3000F2D095F84420648A920700F18A80224629
:10FA4000294630469847E7E7836C002BE4D090F8CE
:10FA50004420520701F108076CD43A462946304643
:10FA60009847A379D6E7A27B042A46D0062A20D05D
:10FA7000012AD1D1EB6C002BCED095F8442017078A
:10FA800004F1080400F1A580224629463046984733
:10FA9000C2E7076D002FC6D090F84430D90768D46C
:10FAA00004F11208238A424629463046B847E388C3
:10FAB000B9E7EA6B002AAFD0002202A93046CDE9AF
:10FAC0000222CDE90422ADF80C208DF80830FFF7B2
:10FAD00079FE2C6D54B195F84430D80700F192802E
:10FAE000B5F84230EA6B30462946A047E86B12F081
:10FAF00061FA0023C5E90F338EE7E86B002878D060
:10FB0000B5F84010278A628A07EB020C00234FF0F9
:10FB1000020E8C45CDE90633CDE908338DF818E0A7
:10FB200039DD40F20913ADF81C3006A93046FFF765
:10FB300049FE71E703211A46009106AB08213846B9
:10FB4000CDE90665089715F065FC002889D1AB6CF6
:10FB500083E7032000211A46009006AB0846CDE952
:10FB60000665089415F056FC00287FF455AF6B6DC0
:10FB700065E7218A069604F11208042300933A46A9
:10FB8000404606ABCDE90881079515F043FC0028F7
:10FB90008DD12F6D86E79DF81EC0ADF81C3004F1A5
:10FBA00014014CF001033844ADF822208DF81E30CA
:10FBB0000991ADF820701BF0B1FA238A618AB5F87B
:10FBC00042200B449BB2934238BF1346A5F8423003
:10FBD000ABE703211A46009106AB0E212046CDE982
:10FBE0000665089415F016FC00287FF415AFEB6C41
:10FBF0004AE74FF4806012F0C3F94FF48061C5E921
:10FC00000F017FE7E86BB5F84210069604230093D6
:10FC1000224606ABCDE90750099115F0FBFB002801
:10FC20007FF464AF2C6D5BE72DE9F04F0F464FF684
:10FC3000FF718F4289B0064615461C4626D0F18AD0
:10FC400096F82E308C4228BF0C46DB0615D40DF1F9
:10FC5000100B8C4228BF0C464FF00008718EADF897
:10FC600010405A464FF6FF700595ADF81280FFF729
:10FC7000A3FD404609B0BDE8F08F3948394602F08F
:10FC8000CDF908B1F18E31B9F18AE0E7344802F0DC
:10FC9000D1F90746D3E7002002230DF1100BADF890
:10FCA0001200ADF810305A460DF10E033846059398
:10FCB000FFF784FD43F2014398424FD000284AD118
:10FCC0009DF80E8008F00108B8F1000F46D02448D6
:10FCD000394602F0BBF98246A0B300F007FA0338B8
:10FCE00083B2002CC5D0CDF804804FF000099846AF
:10FCF00005E0BDF80E30E41AA4B21D4444B35046EA
:10FD000000F008FAA04503464246594628BF22465D
:10FD10003846BBB1ADF80E204FF00102738E8DF85E
:10FD200012200DF10E02CDE90625CDF813908DF8C5
:10FD30001790ADF81030FFF743FD0028D9D050469A
:10FD400000F0F2F94FF00008404609B0BDE8F08F2E
:10FD5000DDF804808DE700F00108B5E7F18A78E767
:10FD60002CC8002070B44E68164A86600260D1E943
:10FD70000262154B154D1C78456002611425002266
:10FD80000321C0E90F22C0E91222C0E91422C66093
:10FD9000C58280F8311080F84420027582610262C9
:10FDA0008284C0F82620C0F82A2080F82E20C26164
:10FDB00042864263028780F82F4080F8304070BC52
:10FDC000704700BFF43C0600E83C06003C3D0600DE
:10FDD00080F82E10704700BFC182704780F82F1046
:10FDE00080F83020704700BF90F84430016562F31E
:10FDF000000380F84430704751F8322F02604968A0
:10FE00004160704710B490F82E4014F0100407D0F1
:10FE100013465DF8044B0A464FF6FF71FFF704BF27
:10FE200020465DF8044B7047A1DF7047A3DF7047A1
:10FE3000A4DF704700238383704700BF006A00F08F
:10FE4000E3B800BF808B70472DE9F0410B88CE8866
:10FE5000382B86B00C46054606D0392B66D0362B9B
:10FE600043D006B0BDE8F08100F12407002E36D162
:10FE70000A8A3846314602F0A7F994F80C80B8F1A6
:10FE8000010F2CD0B8F1040FEBD1286A00F0BCF8B8
:10FE900001465C4802F0DAF800F028F92A8E0538AD
:10FEA00083B2934228BF1346002B00F09A80218A28
:10FEB000E289286AAC8B8DF80D600A44E96A0591E5
:10FEC0008DF80C80ADF81230ADF81020ADF80E4072
:10FED00000F09AF803A9FFF7A9FF0028C1D038461F
:10FEE00002F08AF906B0BDE8F081006A00F08CF8F3
:10FEF0000146444802F0AAF800F0F8F807466EBB45
:10FF000005F12406E289304604F1100102F05CF9A3
:10FF10002B8E2BB1F81EE38980B20138834255DA6B
:10FF2000304602F069F906B0BDE8F0810B7B012B89
:10FF30001AD0022B95D1836B002B92D090F83C20E5
:10FF40008F8892071FD401F11006E28931462846B6
:10FF5000984761893846FFF76BFF82E705F1240770
:10FF6000384602F049F9BDE7436B002B3FF479AF07
:10FF700090F83C20D10717D404F11006E2893146ED
:10FF8000284698476DE7C989039004F110060320BD
:10FF90001A46009003AB3046CDE9046115F03AFAF9
:10FFA0000028D6D1AB6BD0E7E189039004F11006AD
:10FFB00003201A46009003AB3046CDE9046115F0EA
:10FFC00029FA00287FF44DAF6B6BD7E7286A00F061
:10FFD0001BF86A8EA98B92B2FFF726FF00289FD1EB
:10FFE0003FE7AA8B286AADF80E2040F20511ADF864
:10FFF0000C10CDE9043300F007F803A9FFF716FF52
:020000024000BC
:100000006DE700BF2CC80020808870478FDF7047E5
:1000100090DF7047B1DF7047B5DF704710B5074B11
:1000200003600446806A12F039FEE06A12F036FE80
:10003000206B08B112F032FE204610BD0C3D0600C8
:1000400010B5094B03600446806A12F027FEE06A8F
:1000500012F024FE206B08B112F020FE204614F0AE
:100060005DFB204610BD00BF0C3D060070B5044688
:100070000D4692E80300A5800E0CA061A183144DEB
:10008000A67717201B2156892560E0809589D089A5
:10009000E181D1796581012222752274A081617488
:1000A0001846194626819DF8105012F04DF8294641
:1000B000A062284612F048F84FF4885100234FF60A
:1000C000FF72E182E062628223636375204670BD45
:1000D0000C3D0600007D7047407D7047C07D1138A3
:1000E00018BF0120704700BF407C7047C088704730
:1000F000008970474B7D10B44BB11F310C688A8862
:100100008B79046082805DF8044B837170471831ED
:10011000F4E700BF08B56621806A12F037FC0038AA
:1001200018BF012008BD00BF08B500231A461946B4
:10013000806A12F03BF8003818BF012008BD00BFEC
:10014000818800F11F02407C02F09CB838B50A4655
:1001500005460C468188407C02F080F8214601204B
:1001600051F8483FC5F81F308B888A7985F82520DB
:10017000A5F82330687538BD38B50A4604460D46E3
:1001800000F11801407C02F0B3F8607550B12946C7
:1001900051F8483FC4F81F308B888A7984F82520AD
:1001A000A4F8233038BD00BF10B5447D24B100F160
:1001B0001F01407C02F07AF8204610BD70B50B8814
:1001C000113B82B00C460546462B2BD8DFE803F0E6
:1001D000383B2A2A2A2A2A2A2A422A2A2A2A2A2A48
:1001E00050585E642A2A2A2A2A2A2A2A2A2A2A2AAD
:1001F0002A2A2A2A2A2A2A2A2A672A942A2A2A2AB8
:100200002A2A2A2A2A2A2A2A2A2A2A2A2A2A2A2A4E
:100210002A246A2A752C84000023A8881A461946C5
:10022000FFF7F8FE02B070BD8B79002BFAD1006B9E
:10023000AB750028F6D01A46194611F0B7FFF1E762
:1002400000230375EEE74B8903818B894381CB89BA
:100250008381E7E70B7AC375112BE3D0818800F126
:100260001F02407C02F0FCF803460028DAD1D4E7F4
:10027000002301A98088ADF80430FFF7C7FED1E75D
:100280000B7A002BCED14B7A0374CBE700221146B8
:100290008088FFF7BDFEC5E70B89C381C2E74B89A4
:1002A000C380BFE7006B0123AB750028BAD00023E1
:1002B0001A46194611F07AFFB4E7417C164801F05E
:1002C000BDFEE3880146994228BF194689B2A88835
:1002D000E980FFF7A1FEA5E78B79002BA2D00026CD
:1002E00000231A461946A86A11F060FF0136A27968
:1002F000F3B29A42F4D895E78B7A002B92D000267D
:1003000000231A461946E86A11F050FF0136A27A16
:10031000F3B29A42F4D885E72CC8002070B58AB0B1
:1003200086880B4606A84FF42851144605934FF6CD
:10033000FF7501F05FF90120CDE90105059B0094EF
:10034000314606AA044800F073F8044606A801F0F6
:1003500049F920460AB070BD6CCC002010B50446A7
:10036000043001F0CDFE034B2360002323752046AB
:1003700010BD00BF0100FFFF017D01B1704710B546
:100380000446043001F0C6FE0123237510BD00BFF2
:10039000007D70470B88322B10B504D0332B1ED054
:1003A000302B0FD010BD4A8932B100230133DBB2AC
:1003B0009342FBDBCB881BB3041D2046BDE81040F5
:1003C00001F01ABFCB88041D002BF6D14B89002BFE
:1003D000F3D00A3120460A2201F0F6FEEDE7CB8881
:1003E000002BE9D14A89002AE6D002EB42025200F2
:1003F000041D023292B20A31204601F0E5FEDCE72C
:1004000002EB8202F3E700BFA0DF704710B504469D
:1004100000F5F87001F074FE2046F82200211AF071
:10042000A5FEF822A01800211AF0A0FE204610BD5B
:100430002DE9F04782B00546BDF82C60BDF830408C
:100440002048ADF80460BDF828A0ADF806409046FD
:1004500099460F4601F0FAFD05F5F875064603E0EA
:10046000FFF746FE11F070FD284601F0ABFE044692
:100470003046002CF4D10121284601F04BFE5246B3
:100480004946284601F062FE08F10401384601AAF7
:10049000FFF7BAFF30B1284601F046FE204602B011
:1004A000BDE8F0874FF4FA71284601F055FE20EAC6
:1004B000E074284601F038FEA4B2204602B0BDE840
:1004C000F08700BF2CC800202DE9F04F8F880D88E1
:1004D00085B0884604463946864801F0B7FDA5F147
:1004E0001003012B814640F2908094F854203AB3D7
:1004F000002633461633502D54F823A069D0512DD1
:100500001AD198F80630B8F808B0022B53D0BBF1D6
:10051000000F11D051466846FFF76EFCBDF8003061
:100520005B4559D0514602A8FFF766FCBDF80C3078
:100530005B4551D094F854200136F3B29342D9D39D
:1005400094F84C31002B00F0D18004F5A6790026F8
:1005500004E094F84C310136B34220DD59F8040F21
:10056000FFF76CFCB842F4D1382D03D0392D01D0FF
:10057000362DEED1B8F80AA0BAF1000FE9D0D9F8BB
:1005800000B05846FFF75EFC5045E2D15846414660
:10059000FFF75AFC94F84C310136B342DEDC112DE2
:1005A00055D0352D04D1B8F80A30002B40F08F809B
:1005B00005B0BDE8F08F98F80E30062BA7D1DAF819
:1005C00000305046DB68414698474846FFF786FDB5
:1005D000B0E7B8F806B09AE7DAF800305046DB68C2
:1005E000414698474846FFF779FD0028A2D0502D94
:1005F000A0D1514602A8FFF7FFFBBDF80C305B45C8
:1006000098D14846FFF79CFD94E72378002B3FF4F0
:100610006CAF0026112D33460CD004EB8303394612
:10062000586803685B68984701362278F3B29A42AB
:10063000F3D85AE704EB83033946586803681B680C
:10064000984701362278F3B29A42F3D84DE7D3B1F6
:100650000026334605E094F84C210136F3B29A4265
:1006600011D904EB8305D5F85001FFF7E7FBB84239
:10067000F1D1D5F85001FFF7DDFB013694F84C219C
:10068000F3B29A42EDD894F8F820002A90D00025D1
:100690002B4604EB8303D3F8FC008388BB420AD0CB
:1006A0000135EBB2934283D204EB8303D3F8FC0011
:1006B0008388BB42F4D103681B689847013594F8DE
:1006C000F820EBB29342E4D305B0BDE8F08F04F517
:1006D000F874B8F80C20204608F1100101F074FD00
:1006E000204605B0BDE8F04F01F086BD112D7FF426
:1006F00058AFC8E72CC8002090F85420272A0CD8FF
:1007000010B4034602F11604013280F8542043F875
:10071000241001205DF8044B70470020704700BF93
:100720000378132B06D800EB8302013303700120FA
:10073000516070470020704778DF70477ADF70475C
:10074000054A034692E80300002283E80300C3E958
:1007500002221846704700BF143D060008B5FFF797
:10076000EDFF08B1002008BDFFF7E6FFB0FA80F00A
:10077000400908BDF8B500250D4F2E4601E0142DA7
:1007800014D0A9B2384601F061FC013504460028B6
:10079000F5D0FFF79FFC0028F1D02046FFF7A4FC1E
:1007A000012804BF0136F6B2142DEAD13046F8BD57
:1007B0002CC8002081607047C1607047704700BF3F
:1007C0008ADF704730B40D4CC4621F2500225024CC
:1007D0008584A025C0E91122C0E90F22A0F8465067
:1007E000A0F84840006230BC8262028680F838205F
:1007F0004263C264A0F85020704700BF000180002F
:100800002DE9F04F10468DB016460C4600F020FF43
:10081000C5B2102D4FD0B66807220623A16994F8FF
:100820001C9001918DF80D208DF80C30ED080DF124
:100830000C080DF10E0A0027B9F1010F0A97CDE956
:100840000477CDE90677CDE90877CDF82B700ED97E
:1008500098F8000001994B464A7882420FD00A78F6
:10086000D4432344013213F0FF031144F4D108F1BF
:100870000108C245E0D100200DB0BDE8F08F11F8AD
:10088000024B013CE4B2224604A81AF047FC0DF1E9
:10089000100B1CB9EBE714F0FF04E8D058462A46C9
:1008A00031461AF02DFC641BAB440028F3D1012023
:1008B0000DB0BDE8F08F043603220223AEE700BF7F
:1008C0002DE9F0430B888E88103B87B00D46044617
:1008D0000D2B2CD8DFE803F077072B2B2B2B2B2BA2
:1008E0002B2B2B842B2E836AF340DB071FD5564816
:1008F000FEF700FFD8B9A36A94F82C20012505FA69
:1009000006F623EA0606A6628AB994F82D3073B17A
:100910001F232462A38404F1200104F14400FFF7A3
:100920004FFF20B9494801F0A9FB84F82C5007B0CB
:10093000BDE8F08390F92E2091F91B309A423ADC01
:1009400090F8383001F108080BB3DFF80491002665
:1009500002E0D6B2B34218D9636BCDF8089003EB2E
:10096000061302AA59680391D3E90273414620464F
:1009700005930497FFF744FF074602A800F032FEF4
:1009800094F83830721C002FE3D09E4213D094F8B4
:100990002F30002B49D095F82430012B0BD9296A30
:1009A0004A78FF2A30D00A78D0430344013213F04A
:1009B000FF031144F4D104F120010020FFF700FFF0
:1009C00007B0BDE8F083CB7B022BB0D1836A012254
:1009D00002FA06F633430022836280F82C20A6E751
:1009E0000B7A012BA3D1002580F82C50174801F079
:1009F00059FB226C002A9AD0009502AB2946284662
:100A0000029514F007FD92E711F8025B6A1ED2B25C
:100A1000022A28BF022202A81AF080FB012DCAD0A8
:100A2000228EBDF808309A42C5D1E26B002A3FF40D
:100A30007EAF01230093404602AB2421CDF808800D
:100A400014F0E8FC73E700BF3CC800202CC800206D
:100A50003C3D060046DF70477FDF704780DF704710
:100A600081DF704785DF704786DF704738B51C46E9
:100A70000D460346114628462246984734B10146A2
:100A800000222846BDE83840FFF7E8BF38BD00BF68
:100A900010B50C4682B003466946204698476A4620
:100AA00020460121FFF7DAFF02B010BD10B5044661
:100AB000083001F0FFFE074B236003220023227160
:100AC000C4F81034C4F81434C4F81834C4F81C340E
:100AD000204610BD3507100330B50446ADF55F7DE7
:100AE00000F108058F4801F079FE0821284601F041
:100AF000E5FE684601F0ECFE6846082101F0ECFED8
:100B00006946284601F08AFE04F54F714122684685
:100B100001F0F0FE684601F0E9FE94F85C0394F8F9
:100B20005B2394F83D1394F83E3384F83D0384F836
:100B30003E2394F85A0394F8592394F83F5384F8C9
:100B40005C1384F85B3394F8401394F8413384F8D1
:100B50003F0384F8402394F8580394F8572384F80B
:100B60005A5384F8591394F8425394F8431384F871
:100B7000410384F8583394F8560394F8443384F8C6
:100B8000422394F8552384F8575384F8430384F898
:100B9000442384F8553384F8561394F8451394F895
:100BA000540394F8532394F8463384F8450384F8A7
:100BB000462394F8520394F8512394F8475384F849
:100BC000541384F8533394F8481394F8493384F851
:100BD000470384F8482394F8500394F84F2384F88B
:100BE000525384F8511394F84A5394F84B1384F8F1
:100BF000490384F8503394F84E0394F84C3384F846
:100C00004A2394F84D2384F84F5384F84B0384F817
:100C10004C2384F84D3384F84E1394F85D1394F804
:100C20007C0394F87B2394F85E3384F85D0384F8A6
:100C30005E2394F87A0394F8792394F85F5384F848
:100C40007C1384F87B3394F8601394F8613384F850
:100C50005F0384F8602394F8780394F8772384F88A
:100C60007A5384F8791394F8625394F8631384F8F0
:100C7000610384F8783394F8760394F8643384F845
:100C8000622394F8752384F8775384F8630384F817
:100C9000642384F8753384F8761394F8651394F814
:100CA000740394F8732394F8663384F8650384F826
:100CB000662394F8720394F8712394F8675384F8C8
:100CC000741384F8733394F8681394F8693384F8D0
:100CD000670384F8682394F8700394F86F2384F80A
:100CE000725384F8711394F86A5394F86B1384F870
:100CF000690384F8703394F86E0394F86C3384F8C5
:100D00006A2394F86D2384F86B03012084F86F53F1
:100D100084F86E1384F86C2384F86D330DF55F7DD1
:100D200030BD00BFC0CF00200B7803F0FE03042BC2
:100D300001D00020704770B515468CB00C462022BB
:100D4000002104A81AF012FA28686968AA68EB68FA
:100D50006D460FC59DF800109DF80F209DF80160AD
:100D60009DF80E509DF802008DF80F1023469DF857
:100D70000D108DF800209DF803208DF80E608DF881
:100D800001509DF80C609DF804508DF80D008DF811
:100D900002109DF80B009DF805108DF80C209DF8B1
:100DA0000A208DF803608DF80B508DF804008DF843
:100DB00005208DF80A109DF8061033F8042FADF8C1
:100DC00010209B789DF809209DF81D009DF810606B
:100DD0009DF81F508DF809108DF806209DF8111010
:100DE0009DF81E208DF81D309DF807308DF81200FB
:100DF0008DF81F609DF808009DF813608DF8105065
:100E00008DF81E109DF81C509DF814108DF81120BF
:100E10008DF808309DF81B209DF81A308DF80700DA
:100E20008DF81C608DF813509DF815608DF81B101F
:100E30008DF8142068468DF815309DF819109DF82E
:100E400017209DF818309DF816508DF818208DF851
:100E500016108DF817308DF81A608DF81950FFF7BD
:100E6000F9FD62789DF82F309DF82E009DF82D1029
:100E70008DF821009A428DF8221004F1010404D06B
:100E8000012080F001000CB070BD6278C3B29A42BC
:100E900004F10104F4D16278CBB29A42F0D100207F
:100EA000EFE700BF08B5137CDB0758BF1C320846CC
:100EB00002F11201FFF7D6FDB0FA80F0400908BD3B
:100EC000F0B58F880E46ADF56B7D04463946464831
:100ED00001F0BCF83388133B0546072B2FD8DFE819
:100EE00013F03E005F006D002E002803870008000D
:100EF0003100337AB3B9737B9B070ED4294602A81D
:100F0000FFF7F8F80299BDF80C209DF80E3084F830
:100F10000C34C4F80614A4F80A24284604F2BE319E
:100F2000FFF714F9D4F818244AB1307A0D9002234F
:100F30000021009308460CAB0C9714F06BFA0DF5EA
:100F40006B7DF0BDD4F81C24002AF8D001230021C9
:100F5000009308460CAB0C9714F05CFAEFE704F230
:100F6000BE3304F2DA320C9304F2F6330025109209
:100F7000119304F23D3204F27E330F921393CDE9C4
:100F80000D551295FFF7B0F801280CBF22462A46EE
:100F90000CAB29463846FFF75FFD0DF56B7DF0BDC4
:100FA0000CA9FFF7E9F80346002800F0D2820CA94B
:100FB000384600231AAAFFF757FDC0E7D4F81014EB
:100FC0000029BCD0B37B094A03F001030F9304232B
:100FD000CDE90C1706F10800009306210CAB0E902A
:100FE00014F018FAABE700BF2CC800206D0A04000B
:100FF00094F87E3394F89D2394F87FC394F89C630F
:1010000094F8805394F89B0384F89D33042194F85A
:101010009A3384F87D1384F87E2394F8811394F82E
:10102000822384F89CC384F87F6394F899C394F86E
:10103000836384F89B5384F8800394F8985394F85E
:10104000840384F89A1384F8813394F8971394F8FE
:10105000853384F8992394F8962384F882C384F81E
:10106000986384F8835384F8970384F8841384F88E
:10107000852384F8963394F8862394F8953394F86E
:1010800087C394F8946394F8885394F8930394F87E
:10109000891384F8952384F8863394F8922394F87E
:1010A0008A3384F894C384F8876394F891C394F8DE
:1010B0008B6384F8935384F8880394F8905394F8DE
:1010C0008C0384F8921384F8892394F88F1394F88E
:1010D0008D2384F8913394F88E3384F88AC384F88E
:1010E000906384F88B5384F88F0384F88C1384F80E
:1010F0008D3384F88E2394F89E2394F8BD3394F8AE
:101100009FC394F8BC6394F8A05394F8BB0394F87D
:10111000A11384F8BD2384F89E3394F8BA2394F87D
:10112000A23384F8BCC384F89F6394F8B9C394F8DD
:10113000A36384F8BB5384F8A00394F8B85394F8DD
:10114000A40384F8BA1384F8A12394F8B71394F88D
:10115000A52384F8B93394F8B63384F8A2C384F88D
:10116000B86384F8A35384F8A41384F8B62384F8EE
:10117000A53384F8B70394F8A60394F8B51394F84C
:10118000A72394F8B43394F8A86394F8B35384F87D
:10119000B50384F8A61394F8A90394F8B21384F85D
:1011A000B42384F8A73394F8AA2394F8B13384F8CD
:1011B000B36384F8A85394F8AB6394F8B05384F8FD
:1011C000B20384F8A91394F8AC0394F8AF1384F82D
:1011D000B12384F8AA3394F8AD2394F8AE3384F89D
:1011E000AD3384F8AE2384F8B06384F8AB5384F84D
:1011F000AF0384F8AC130CA801F06AFB0CA808211B
:1012000001F06AFB04F27D310CA8412201F084FB5D
:101210000CA904AA202304F1080001F02DFB0CA85E
:1012200001F064FB9DF810109DF82F009DF811301F
:101230009DF82E209DF812609DF82D508DF810001D
:101240008DF82F109DF813009DF82C108DF81120AB
:101250008DF82E309DF814209DF82B308DF812500B
:101260008DF82D609DF815509DF82A608DF81310AB
:101270008DF82C009DF816109DF829008DF814307B
:101280008DF82B209DF817309DF828208DF81560DB
:101290008DF82A508DF816008DF817208DF828301B
:1012A0008DF829109DF818109DF827009DF8193029
:1012B0009DF826209DF81A609DF825508DF818009D
:1012C0008DF827109DF81B009DF824108DF819202B
:1012D0008DF826309DF81C209DF823308DF81A508B
:1012E0008DF825609DF81D509DF822608DF81B102B
:1012F0008DF824009DF81E109DF821008DF81C30FB
:101300008DF823209DF81F309DF820208DF81D605A
:101310008DF822508DF821108DF81F208DF8203087
:101320008DF81E0094F87E0394F89D1394F87F23A3
:1013300094F89C3394F8806394F89B5384F89D034D
:1013400084F87E1394F8810394F89A1384F89C230C
:1013500084F87F3394F8822394F8993384F89B635C
:1013600084F8805394F8836394F8985384F89A032C
:1013700084F8811394F8840394F8971384F89923DC
:1013800084F8823394F8852394F8963384F898632C
:1013900084F8835384F8841384F8962384F885337F
:1013A00084F8970394F8860394F8951394F88723A8
:1013B00094F8943394F8886394F8935384F89503DD
:1013C00084F8861394F8890394F8921384F894238C
:1013D00084F8873394F88A2394F8913384F89363DC
:1013E00084F8885394F88B6394F8905384F89203AC
:1013F00084F8891394F88C0394F88F1384F891235C
:1014000084F88A3394F88D2394F88E3384F89063AB
:1014100084F88B5384F88C1384F88E2384F88D33EE
:1014200084F88F0394F89E0394F8BD1394F89F23D7
:1014300094F8BC3394F8A06394F8BB5384F8BD03CC
:1014400084F89E1394F8A10394F8BA1384F8BC238B
:1014500084F89F3394F8A22394F8B93384F8BB63DB
:1014600084F8A05394F8A36394F8B85384F8BA03AB
:1014700084F8A11394F8A40394F8B71384F8B9235B
:1014800084F8A23394F8A52394F8B63384F8B863AB
:1014900084F8B70384F8A41384F8B62384F8A5333A
:1014A00084F8A35394F8A65394F8A72394F8B4337C
:1014B00094F8B50394F8A81394F8B36384F8B5537B
:1014C00084F8B42394F8A95394F8AA2384F8A73392
:1014D00094F8B13394F8B0C384F8A60384F8B31336
:1014E00094F8B20394F8AB1384F8A86384F8B25369
:1014F00094F8AC6394F8AF5384F8B12384F8AA331A
:1015000094F8AD2394F8AE3384F8A90384F8B013AB
:10151000384604A984F8ABC384F8AF6384F8AC53AD
:1015200084F8AE2384F8AD33FFF79AFA0DF56B7D9E
:10153000F0BDD4F81424002A3FF401AD02230021A9
:1015400000930C920CAB064A0D97084613F062FF0D
:10155000F5E438461A461946FFF786FAEFE400BF6D
:10156000910A0400A8DF7047704700BF30B50446F9
:1015700083B0083000F07CF804F10C010DF1060294
:101580000120FFF7EFFF054628B9044B04481C6013
:101590002146FFF7C5F8284603B030BD28C8002013
:1015A0006CCC002030B44C68C460D1E90241054ADB
:1015B000054D0260054A8560C0E90441426030BCC7
:1015C000704700BF243D06003C3D0600000011119D
:1015D00083790B70C3791370704700BF62DF704767
:1015E00063DF7047704700BF10B5044613F096F8EC
:1015F000204610BD10B4054C8180002201210460FA
:10160000C0E902225DF8044B817170473C3D060041
:1016100038B50E4B0360044608460D461AF00BFD24
:10162000042806D00023A371E560A380A3602046B0
:1016300038BD2846102200211BF094FC0122002313
:10164000A271A080C4E90233204638BD3C3D0600AB
:101650008379012B0AD0826832B9C26822B9012B82
:101660008CBF80200020704780207047102070477A
:101670002DE9F047857982B0002D47D1C76806462D
:10168000002F47D0102010F07BFC824638461AF01D
:10169000D2FC441E30B3DFF88490A84604E0013445
:1016A000023C1FD4102D1DD017F804C0BCF12D0F23
:1016B00007EB0402F3D099F80030ADF805808DF8FF
:1016C000043012F8013C8DF804301022002101A8EA
:1016D0008DF805C01BF046FC6B1C023C0AF80500A7
:1016E000DDB2DFD5C6F808A0BAF1000F0ED0B11DEB
:1016F0005046FFF773FFB168321D1020FFF770FFEF
:10170000B0FA80F0400902B0BDE8F087012002B0D5
:10171000BDE8F087D0F808A0E6E700BF303D06003E
:101720004DDF70474EDF70474FDF704750DF704727
:101730004BDF704710DF70477CDF70477DDF7047FD
:1017400060DF704769DF704761DF704766DF7047B1
:1017500067DF7047704700BF0E2014F0FFB800BF6E
:1017600030B5224C224D83B0D4F830074FF0FF3112
:1017700011F00CF90028F7D0C5B101A8FFF7D8FF88
:101780000528F1D00028F8D1019B032B1BD8012B91
:10179000F3D918460DF0E4FBEFE70A2B04D0092B30
:1017A00021D00B2B02D1012007F0C8F801A8FFF7C8
:1017B000BFFF0528D8D00028F8D1019BA3F109026A
:1017C000022AF3D8E9E7A3F10902022AD5D80A2BA5
:1017D00004D0092B05D00B2BCFD1012007F0AEF898
:1017E000CBE70220FAE70220DEE700BF2CC800208A
:1017F00061EF04002DE9F04F2DED028B4FF4FA70EC
:1018000089B010F0BDFBB24E00F1080308EE103AAB
:10181000054606F5F16706F5C86AD6F82C074FF0BD
:10182000FF3111F0B3F80028F7D04FF4FA730DF13F
:1018300016012846ADF81630FFF786FF10B10528CF
:10184000F3D1EAE7B5F80490B9F1130F00F238814B
:1018500006EB8903D3F83C473CB129462046FEF706
:10186000ADFC9C482946FFF72BFB2B88013B1B2B2B
:101870005AD8DFE813F015015900590059005900F2
:101880005900590059005900590059005900590090
:1018900059005900B4001C00590059005900590062
:1018A000590059005900590059005900A200DFF8A9
:1018B00038824FF0000B58F8040F30B1FEF70AFCE5
:1018C00018B10BF1010B5FFA8BFBB845F3D1BBF1FB
:1018D000000F06D196F838371BB101210E2013F006
:1018E000FDFF2046FEF700FC012800F0EB80F269C6
:1018F00062B10223002195F808C00093084606ABA8
:10190000CDF81890CDF81CC013F084FD09F5E778E8
:1019100006EB8803586810B103685B68984706EBCC
:1019200088080023C8F8043029465046FDF75CFEBD
:1019300069482946FEF7C4FFB6F83A374B452B886D
:1019400000F0B380102B1ED02CB32046FEF7CCFB4A
:10195000012803D15E482946FEF730FF2046FEF7F6
:10196000C3FB02281BD05D48FEF712FD00BB5C489C
:101970002946FEF7A9FDD6F89037002B3FF455AF66
:101980002846984751E7EB7B012BDDD1AB88A6F8C1
:101990003A37002CD9D14E482946FEF70FFF51485F
:1019A0002946FDF7C7FE4D48FEF7F2FC0028DED0C1
:1019B0004A482946FEF7EEFCD9E7D6F88C27002ADC
:1019C000B2D00223002195F908C00093084606AB67
:1019D000CDF81890CDF81CC013F01CFDA4E74FF013
:1019E0000008D6F83407CDF800804346424603216C
:1019F0003D4C12F051FB54F8040F30B1FEF76AFB76
:101A000018B108F101085FFA88F8BC42F3D196F8E2
:101A1000383763B1B8FA88F149090E2013F05EFF38
:101A200096F838371BB100210E2013F057FF09F547
:101A3000E77806EB8804606820B103685B68984724
:101A400000236360EB7B012B0BBF96F81A3796F8E7
:101A5000203796F81B4796F821470393342012F05D
:101A600059FE06EB8808039B009418EE102A0446E2
:101A70004946FEF7FBFA2046C8F80440FEF734FB5F
:101A8000012833D0B269002A3FF44EAF0123002170
:101A90000093084606ABCDF8189013F0BBFC43E763
:101AA00000214846FFF752FE3EE7102B3FF46BAF94
:101AB000112B7FF449AF4FF6FF73A6F83A3743E78F
:101AC0000446D2E6F268002A7FF413AF1EE700BF97
:101AD0002CC800204CC80020D0CE002024CF0020ED
:101AE0006CCC00203CC8002064CF0020B268002AE3
:101AF0003FF41AAF0021009006AB0846CDF81890CD
:101B000013F088FC10E700BF38B50446FEF718FE56
:101B100004F11000FDF7DAFD04F12000FEF7C6FF26
:101B200004F58860FEF772FC04F5C860FDF764FCFC
:101B300004F28460FDF712FC04F2A460FEF742FE9A
:101B400004F5DF60FEF70AFC4FF480530025C4F86B
:101B5000103716481649174AC4F8140740F2011303
:101B6000C4F81817C4F81C27A4F82037A4F8225783
:101B700004F23C702946502219F0F8FA01224FF67F
:101B8000FF73A4F8245784F82657C4F82C57C4F8D8
:101B90003057C4F83457C4F89057C4F88C5784F8B9
:101BA0003827A4F83A37204638BD00BF010A17008D
:101BB0000300010117000300F0B5BF4E80F82417A1
:101BC0008DB080F82527044612F026FE12F02CFE78
:101BD00012F0EAFD3369B949039303A8FFF7AAFDA0
:101BE00018B1002528460DB0F0BD0120FFF79AFD81
:101BF0000120FFF795FD0120FFF796FD09A8FFF7EB
:101C000095FD099B9B0705D5AD4BD3F80435002BFB
:101C100000F0FE800023AB4A94F81557049209A9FE
:101C20000120CDE909330B938DF82450FFF78AFD8D
:101C30000028D6D194F825370B90CDE90900181E5D
:101C400018BF012094F824578DF82700049A8DF8C6
:101C5000263009A940208DF82550FFF773FD002894
:101C6000BFD194F814170990034661F30003CDE93E
:101C70000A00049A8DF8243009A9A020FFF762FD1C
:101C80000028AED1D4F810370A900B90049A09932B
:101C900009A9A120FFF756FD0028A2D194F8243706
:101CA000002B40F0B98094F82537002B48D0002352
:101CB000B4F81C77049A0993022509A92320CDE9D9
:101CC0000A338DF82450ADF82670FFF73BFD00284D
:101CD00087D1CDE9090094F82577B4F81E370B9029
:101CE000049A8DF8245009A920208DF82670ADF8AB
:101CF0002830FFF727FD00287FF473AF0990CDE966
:101D00000A0094F82037049A8DF8245009A922205B
:101D10008DF82630FFF716FD00287FF462AFCDE97D
:101D2000090094F821370B90049A8DF8245009A9E2
:101D300021208DF82630FFF705FD00287FF451AFF4
:101D400004A8FFF7FDFC00287FF44BAFCDE90700A6
:101D500040F0010307A902208DF81C30FFF7F8FCC2
:101D600000287FF43EAF2046FEF7F8FC0546002829
:101D70003FF437AF04F12000FEF7AEFE337D524949
:101D80008DF808300B2202A8FFF7D6FC00287FF45C
:101D900028AF94F82537002B40F0888003220021DB
:101DA000012010F08FF9C4F82C0700283FF419AF78
:101DB00005AB0326CDE900634449454800234FF4B1
:101DC000A06211F009F932460021012010F07AF9E1
:101DD000C4F8300700283FF404AF06ABCDE9006338
:101DE0003C493D480023C82211F0F6F83B4B4FF424
:101DF00080021A603A4B00930023184601224FF4E8
:101E0000807112F0F3F8C4F8340700F001FAE9E643
:101E1000022006F093FDFDE60990CDE90A00B4F832
:101E20001637049AADF82630012509A923208DF82C
:101E30002450FFF787FC00287FF4D3AECDE90900DA
:101E400094F82477B4F818370B90049A8DF824503E
:101E500009A920208DF82670ADF82830FFF772FC14
:101E600000287FF4BEAE0990CDE90A0094F81A3735
:101E7000049A8DF8245009A922208DF82630FFF706
:101E800061FC00287FF4ADAECDE9090094F81B3762
:101E90000B90049A8DF8245009A921208DF8263042
:101EA000FFF750FC00283FF4FEAE9AE604F1100064
:101EB000FDF71AFC72E700BF943D060055170400B9
:101EC0000070024000600020803D06008C3D06004E
:101ED000F5170400903D06006117040000E100E0E2
:101EE0005917040000B5084B85B01B7D01910846C9
:101EF0008DF80C301AF09FF8019982B203A8FFF711
:101F00001BFC05B05DF804FB943D060000B583B0F2
:101F100008460DF10601ADF80620FFF70FFC20B9C9
:101F20009DF8060003B05DF804FB002003B05DF8E7
:101F300004FB00BF70B4234B0E4605460FCB85B0A3
:101F40006C4607C49DF900202380B24234D09DF92D
:101F50000130B34230D09DF90230B3422CD09DF90C
:101F60000330B34228D09DF90430B34224D09DF908
:101F70000530B34220D0FEB19DF90730B3421BD0EB
:101F80009DF90830B34217D09DF90930B34213D000
:101F90009DF90A30B3420FD09DF90B30B3420BD0FC
:101FA0009DF90C30B34207D09DF90D30B34203D0F8
:101FB000002005B070BC7047012085F8266705B089
:101FC00070BC7047AC3D060090F92607704700BF13
:101FD00070B5044682B0D0F834070D4612F088F888
:101FE0004FF47A7206460023A90DA80218F05AFE93
:101FF000002302460421D4F83407009312F04CF871
:102000000EB102B070BD0096D4F8340733463246A4
:10201000032112F041F802B070BD00BF132906D8A9
:1020200000EB8101D1F83C0708B1FEF753B800205E
:10203000704700BFB0F83A07704700BF01290CBFD6
:10204000B0F81607B0F81C07704700BF13299ABFF5
:1020500000EB8101D1F83C070020704710B5064C19
:102060000021D4F8300710F005FBD4F82C0700212C
:10207000BDE8104010F0FEBA2CC8002090F83837A8
:1020800003B9704710B582B0D0F8344711F094F915
:102090000023024600932046012111F0FDFF02B00B
:1020A00010BD00BFF0B583B0002405462346D0F82C
:1020B000340700942246032111F0EEFF05F5E76690
:1020C00005F5F16756F8040F20B1FEF703F808B1E3
:1020D0000134E4B2BE42F5D195F8383743B1B4FAD1
:1020E00084F149090E2003B0BDE8F04013F0F6BBBF
:1020F00003B0F0BD0148FFF707BD00BF2CC80020AA
:10210000002201214270C0E901220170C281828156
:10211000704700BF10B50446017001B110BD0A2020
:1021200010F012F8606010BD037810B5044643B19A
:10213000002301226370C4E90133E381A38122708B
:1021400010BD406810F0AAFDF2E700BF00238160D7
:102150008281C381704700BF037870B504460D4685
:10216000B3B94668012363704FF47A720023A80262
:10217000A90D18F097FD0146304610F007FC98B9FC
:10218000237800264FF0FF356670A3B9284670BD4E
:102190000322002101200FF095FF06466060002811
:1021A000E0D14FF0FF35F1E7E58923780026ADB2A5
:1021B0006670002BEAD0606810F070FD66602846FB
:1021C00070BD00BF4078704738B5044680898242B0
:1021D00028BF0246154619B1A06818F09FFFA089D4
:1021E000E389A26815FA83F3401B9BB22A44A081BD
:1021F000E381A260284638BD406820B100231A461A
:1022000019460FF0D3BF7047B1DF7047B2DF704798
:1022100008B50F480CF010FD0E490D4806F0E0FF20
:1022200028B10D490A4806F0DBFF50B108BD094945
:10223000074806F0F1FF0849054806F0D1FF0028DD
:10224000F4D1BDE808400449014806F0E5BF00BFED
:1022500008E50020BC3D0600D03D060070B586B004
:102260000E4603230021054614460093044A0496B3
:10227000084603AB0395059413F0CCF806B070BD87
:102280004925040070B586B00323144606460D4662
:102290000093104603AB044A05940721CDE903657A
:1022A00013F0B8F806B070BD7926040030B50A46C0
:1022B00091B089795379039111790293D378094DBB
:1022C000094C019100939378527801280CBF29465C
:1022D000214604A819F050FE04A9044806F0F4FFB2
:1022E00011B030BDE43D0600143E060008E50020B4
:1022F0002DE9F043D1B00B78032B04AF0D46044613
:10230000904668D95A08022A5ED14F4A4F49504B2D
:10231000DFF84891012818BF11460022381D07F048
:10232000B7F94B4907F1680007F0DCF807F1CC0674
:1023300011E00246414607F1680007F0D3F908F1C1
:10234000380229464846FEF7EFFC044678BB07F101
:10235000680007F03DFA0022391D304607F06AFA9E
:1023600007F1D0000DC8D7F8DC10D7F8E4407B6740
:10237000D7F8E83097F8E0C0F8663A67B9674122C5
:1023800007F1EC0107F18800C7E9204387F87CC01A
:1023900018F0C4FE07F1680007F046FA044607F19A
:1023A000680044B107F03EF85028D0D1C1E707F1EA
:1023B000680007F00DFA381D07F00AFA204607F505
:1023C0009A77BD46BDE8F0830024204607F59A774A
:1023D000BD46BDE8F083E9468CB08979AB786A7870
:1023E000039169790291297901911A4E1A49E87885
:1023F000009004AD012C08BF3146284607F1CC06F9
:1024000019F0BAFD1249304607F06CF829463046FB
:10241000002207F021F9044650B90024304607F0A5
:10242000D7F92046CD4607F59A77BD46BDE8F0833B
:10243000304606F0F7FF021EEFDD92B2414630460D
:1024400007F050F9EAE700BFD03D0600BC3D0600AA
:1024500008E50020E43D0600143E06004CC80020BC
:10246000F0B5ADB095799378344E14465278039513
:102470006579029594F804C0CDF804C0304DE47835
:10248000009404AF0C4601280CBF3146294607F1E1
:102490000C0019F071FD2B4B07F10C0107F13C000A
:1024A000002207F0F5F807F13C0007F0BDF940B94C
:1024B000002407F13C0007F08BF92046A437BD4605
:1024C000F0BD07F13C0006F0ADFF051E08DD07F189
:1024D0003C0007F045F9291807F13C0007F022F904
:1024E00007F13C0006F09EFF051E08DD07F13C00E9
:1024F00007F036F9291807F13C0007F013F907F146
:102500003C0006F08FFF0028D2DDC31D23F0070337
:102510006D46ADEB030D82B204A907F13C00C7E99B
:10252000001207F0DFF82046D7E900120323FFF777
:102530006BFEB0FA80F46409AD46BAE7E43D0600EC
:10254000143E060008E50020F0B5B5B092F84E50F4
:1025500092F84A30434E144692F84920039594F875
:102560004D50029594F84C50019594F84B500095BD
:102570000D463D4904AF012818BF314607F12C0034
:1025800019F0FAFC394807F12C0106F029FE6E46D5
:1025900000284AD1354B07F12C0107F15C000122DC
:1025A00007F076F807F15C0007F03EF918B9C43778
:1025B000B546BD46F0BD502107F15C0006F060FF56
:1025C0005022214607F15C0006F098FE00232946C0
:1025D00027487B61C7E90333C7E90633C7E90833F6
:1025E000BB62FFF733FD07F10C012022FDF796FED9
:1025F0003B7B03B307F10C0019F01DFD013082B2E3
:10260000C1B207F15C007A6006F03AFF7A6807F120
:102610000C0107F15C0006F071FE07F15C0007F0A9
:10262000D7F8C437B546BD46F0BD07F12C010F48B9
:1026300006F04AFEAEE794F8491094F84D3094F84D
:102640004E20039194F84A10029194F84B10019196
:1026500094F84C10009107F10C00064919F08CFC1D
:10266000C8E700BF143E0600E43D060008E5002070
:102670002CC80020443E06002DE9F043ADB00C46C6
:1026800004AF0021032306461546204607F10A023F
:102690007981FFF7BBFD7B89E84623B9A437C5469E
:1026A000BD46BDE8F0830733DB08A8EBC3039D46B6
:1026B0000DF11009204607F10A0249460323FFF7EE
:1026C000A5FD04460028E9D1A979AB786A78039181
:1026D00069790291297901913D483E49ED7800954B
:1026E000012E08BF014607F10C0019F045FC3A4BDA
:1026F00007F10C0107F13C00012206F0C9FF07F1C8
:102700003C0007F091F80028C8D0214607F13C00B2
:1027100007F008F807F13C0006F084FE041E08DD0F
:1027200007F13C0007F01CF8211807F13C0006F007
:10273000F9FF07F13C0006F075FE041E08DD07F105
:102740003C0007F00DF8211807F13C0006F0EAFF05
:1027500007F13C0006F066FE7C8980B2A04213D0EF
:10276000E1B207F13C0006F08BFE2246494607F134
:102770003C0006F0C3FD07F13C0007F029F8A43740
:10278000C546BD46BDE8F083E31D6D46DB08A5EBFD
:10279000C3039D4604A9224607F13C00796006F078
:1027A000A1FF79687A89484618F0AAFC08B9AD46B5
:1027B000E1E707F13C0006F0EFFF7B89DB431918E6
:1027C00007F13C0006F0AEFFAD467C89C8E700BFCC
:1027D000E43D0600143E060008E5002038B590F8F8
:1027E000E8500DB1284638BD012380F8E830044692
:1027F00014F05CFF0028F5D12046BDE8384000F019
:10280000ADB800BF10B5044C204600F0A3F800237B
:1028100084F8E83010BD00BFC0CF002003680A680C
:102820009A4201D00020704770B5044684B04FF43E
:1028300053700D460FF0A4FB0646B0B10C4800F0F3
:10284000ABF823460435002153F8042B0095CDE95D
:102850000161084914F0C4FD044630460FF0AAFB9C
:10286000B4FA84F0400904B070BD002004B070BD1B
:10287000C0CF0020BD610500F0B585B006464FF41D
:1028800053700D46174603930FF07AFB78B1044658
:1028900000903A46281D311D03AB14F01FFE05467B
:1028A00020460FF087FB15B9039805B0F0BD002056
:1028B00005B0F0BD00220260704700BF10B50446AD
:1028C000084614F07DFE2060003818BF012010BDBE
:1028D00000220260704700BF10B50446084614F09D
:1028E0006FFE2060003818BF012010BD0023036078
:1028F000704700BF00B583B00430019201AB0A46B7
:10290000042114F0E7FC18B9019803B05DF804FB4A
:10291000002003B05DF804FBF0B5044683B04FF42B
:1029200063700E4617460FF02BFB054678B10190F9
:1029300054F8040B00943A463146012314F006FC87
:10294000044628460FF036FBB4FA84F0400903B081
:10295000F0BD00BF002280F8E420704770B590F809
:10296000E4400CB1204670BD012380F8E4300546F8
:102970004FF4BF500FF004FB06460028F2D031465A
:10298000284613F007FE0446B4FA84F4304664097E
:102990000FF010FB204670BD704700BF0146014894
:1029A00000F07EBBC8D0002038B5064B1D783DB185
:1029B00000242046013400F0E1FEE0B28542F9D85F
:1029C00038BD00BFC4D00020407DFF280AD010B51C
:1029D00000F076FE044608B1204610BD12F03AFC25
:1029E000204610BD00207047407DFF280ED000B566
:1029F00083B00DF1070100F0B7FE20B19DF807008C
:102A000003B05DF804FB4FF0FF30F9E74FF0FF3003
:102A1000704700BF407DFF280FD000B583B0012272
:102A20000DF1070100F058FE20B19DF8070003B03A
:102A30005DF804FB4FF0FF30F9E74FF0FF307047CF
:102A4000407DFF2801D000F099BE7047407DFF28EF
:102A500001D000F0FDBE0020704700BFF8B506466B
:102A6000407DFF281CD017465AB10D46144600F091
:102A700003FE2946224680B1707D00F0C5FE241A6F
:102A800001D13846F8BD054412F0E4FB707D00F03A
:102A9000F3FD294622460028EED13F1B3846F1E7D8
:102AA0000020F8BD002A00F097802DE9F0434B4943
:102AB00091F81C9191F81D7191F81E8193B01D46FB
:102AC000064608F1010309F102001446BA1C81F818
:102AD0001C0181F81D2181F81E3101A8422200212C
:102AE00018F044FB412D73D9327D8DF814207A1CE7
:102AF000204662F07F0440F60832ADF8042040F230
:102B0000094540F20122ADF80C50ADF81020242503
:102B1000334A8DF81650069209F10103042201256B
:102B2000DBB28DF81C508DF81F208DF8302040F25C
:102B3000022640F2075240F224658DF81E308DF8CF
:102B400027308DF83130ADF808600223ADF82450FD
:102B5000ADF82820ADF83820224E8DF80730032537
:102B600008228DF812308DF833308DF83B300896FE
:102B700005238DF82B508DF82C2067F07F074FF43C
:102B800011660A2540228DF81530ADF82E608DF8BB
:102B9000345001A98DF806908DF80E908DF826908E
:102BA0008DF83A808DF82A7007268DF83C2044F283
:102BB000020542228DF840308DF841408DF83F608B
:102BC000ADF8425018F0AAFA422013B0BDE8F083E5
:102BD000002013B0BDE8F08342207047C8D0002029
:102BE000200105242402060570B50368184A5B68B5
:102BF00082B093428DF8071021D10546407DFF2811
:102C000023D000F039FD0DF107060124314622469C
:102C100088B1687D00F0F8FD241A02D1012002B0CD
:102C200070BD064412F016FB687D00F025FD3146AC
:102C300022460028EDD1C4F1010002B070BD01228E
:102C40000DF10701984702B070BD002002B070BDC1
:102C50005D2A0400002A00F097802DE9F0434B49DB
:102C600091F81C9191F81D7191F81E8193B01D4649
:102C7000064608F1010309F102001446BA1C81F866
:102C80001C0181F81D2181F81E3101A8422200217A
:102C900018F06CFA412D73D932798DF814207A1C12
:102CA000204662F07F0440F60832ADF8042040F27E
:102CB000094540F20122ADF80C50ADF81020242552
:102CC000334A8DF81650069209F1010304220125BA
:102CD000DBB28DF81C508DF81F208DF8302040F2AB
:102CE000022640F2075240F224658DF81E308DF81E
:102CF00027308DF83130ADF808600223ADF824504C
:102D0000ADF82820ADF83820224E8DF80730032585
:102D100008228DF812308DF833308DF83B3008964C
:102D200005238DF82B508DF82C2067F07F074FF48A
:102D300011660A2540228DF81530ADF82E608DF809
:102D4000345001A98DF806908DF80E908DF82690DC
:102D50008DF83A808DF82A7007268DF83C2044F2D1
:102D6000020542228DF840308DF841408DF83F60D9
:102D7000ADF8425018F0D2F9422013B0BDE8F0830C
:102D8000002013B0BDE8F08342207047C8D0002077
:102D90002001052424020605437DFF2B02D10A4BA6
:102DA0001A7802B1704710B500F110044275074956
:102DB000204601221A7000F047FA21460448BDE877
:102DC000104000F04FB900BFC4D00020643E0600A0
:102DD000C8D0002010B50446044800F0F7F8044BB2
:102DE000FF21002261751A7010BD00BFC8D00020FD
:102DF000C4D00020407DFF280ED000B583B000F085
:102E00003BFC10B103B05DF804FB019012F022FA14
:102E1000019803B05DF804FB0020704701B900B1D0
:102E2000704700B583B0694600F03CFC009BB3F5E9
:102E3000966F02D003B05DF804FB00F0CBFBF9E71E
:102E400030B4084B084A4FF47F4102F108050024D2
:102E500030324FF47A709982C3E901401D601A61E3
:102E600030BC7047ACD00020743E06000378002BC5
:102E700000F09280F0B50546002004462E4603E09F
:102E800001342B5D2E19C3B103F14002D2B2012AE5
:102E9000F6D9F42BF4D81A0610D40122A3F558461B
:102EA000B6F5006FECD31444202806D021F810307A
:102EB0002B5D01302E19002BE6D1F0BD03F0E002AE
:102EC000C02A52D003F0F002E02A61D003F0F802E9
:102ED000F02AD5D103F007030427727802F0C00C62
:102EE000BCF1800FCCD196F802C00CF0C00E02F0FD
:102EF0003F02BEF1800F42EA8313C1D10CF03F0CB8
:102F0000032F4CEA83132AD0F27802F0C006802EF9
:102F1000B6D102F03F0242EA8313A3F58032B2F544
:102F2000801F38BF0427ABD2A3F55842B2F5006F1B
:102F3000A6D3B3F5803F3C44B6D31E28BDDCA3F531
:102F4000803342009E0A0A44C3F30903A6F52056C3
:102F5000A3F5105321F810605380023091E7A3F5D8
:102F60000062B2F5784FDFD38AE7727802F0C006CC
:102F7000802E03F01F0383D102F03F0242EA831345
:102F8000A3F18002B2F5F06FBFF47AAF022285E7B9
:102F900003F00F030327A0E71846704790F850315D
:102FA0000B2B0CD871B110B403F148025C1C80F8F3
:102FB00050415DF8044B40F822101846704700233A
:102FC000184670470B461846704700BF2DE9F04180
:102FD000204DDFF88C80AC460446BCE80F0088B07A
:102FE00003AF0FC703AE0FCE05F1140E25460FC574
:102FF0009EE80700DCF800303B806B4636682E8088
:1030000003C36B4603CB4FF4807604F1180301250C
:103010006361A061E16184F8202004F59870C4F830
:10302000188120220021A4F81C6184F81E5118F098
:103030009DF80948094940F20943C4F820310022AB
:103040000423C4E94901C4F82C2184F8503108B0A4
:10305000BDE8F081C43E0600A83E0600803D0600A3
:103060000900000170B504460E68B4F81821B4F8E0
:103070001A31656936689B1A08469BB294F81C1190
:103080002A44B04758B1B4F81831626903449BB27E
:10309000A4F81831538094F81C311371012070BDCD
:1030A0002DE9F043264DDFF8A890AC46044688464B
:1030B000BCE80F0089B003AF0FC703AE0FCE05F118
:1030C000140E25460FC59EE80700DCF800303B8053
:1030D0006B4636682E8003C36B4603CB012504F193
:1030E00018034FF480766361A061E16184F82020C9
:1030F00004F59870C4F818912022A4F81C610021EE
:1031000084F81E5118F032F80E4E0F48A5710422B3
:1031100040F2EF2340F209470021C4E94A0184F854
:103120005021A3804FF4E131C4E948760748FFF706
:1031300033FE404600F03CFA284609B0BDE8F08373
:10314000C43E0600A83E0600803D0600ACD000202C
:10315000090000012DE9F047D0F82C0188B00E4697
:1031600030B10231FFF782FEC0B208B0BDE8F0878F
:10317000684600F031FA8646F8B1431E06F10409AC
:10318000DBB2114DE84609EB830904AC95E80F006A
:1031900018F8017B84E80F0007F00F0C0DF1200AEE
:1031A000D4440AEB17171CF810CC17F8103CA6F8FB
:1031B00004C073800436B145E8D14FEA4E00C0B276
:1031C00008B0BDE8F08700BFB03E06000048704779
:1031D000C8D00020014B5869704700BFC8D00020FC
:1031E00010B5B0B103281CD0154C94F8503183426F
:1031F00023D9483004F5AA7154F82000FFF736FEB1
:10320000C3B201335B0043F440730E48A4F852315B
:1032100010BD0B4CD4F82031A4F854314FF4417355
:10322000F3E70849A1F5A9742046FFF793FF431C73
:103230005B0043F440739BB2E7E7002010BD00BF82
:10324000C8D000201AD2002010B504460248FFF76B
:10325000A5FE207110BD00BFC8D0002010B5134CD2
:10326000236882B003B3186851B9F1F7F9FF2368F6
:1032700093F90400012102B0BDE8104012F02EBB0A
:103280000B4B00934FF48073ADF8043002AB13E99D
:103290000600F1F783FF236893F90400002102B0D0
:1032A000BDE8104012F01ABB02B010BD5CD2002085
:1032B00080BA8C010448006828B108B50068F1F7AD
:1032C000D5FF012008BD70475CD20020084B1B6869
:1032D00063B119B1074B40221A607047054B402279
:1032E000C3F88020BFF34F8FBFF36F8F704700BFCD
:1032F0005CD2002000E100E0024B53F8200000B156
:10330000C068704760D2002030B4094CBDF8085046
:1033100054F8204044B1246934B10846A44611460B
:103320001A462B4630BC6047002030BC704700BFB7
:1033300060D2002030B4084CBDF8085054F820404A
:1033400044B1646934B10846A44611461A462B4676
:1033500030BC604730BC704760D20020024B186818
:1033600008B190F86000704768D200202DE9F8435A
:10337000234C2568002D40D01E462C2303FB005310
:103380000446D3F8209088461746B9F1000F30D094
:10339000484618F050FE0828024628BF08222C2074
:1033A00000FB0454D4E90954DFF85CC0154B002D30
:1033B00008BF654649464046002C08BF1C4617F02A
:1033C000ADFE284618F037FE10280246294628BFD1
:1033D0001022384617F0A2FE204618F02CFE0428D2
:1033E00002462146304628BF0422BDE8F84317F0C4
:1033F00095BEDFF818900822D1E7BDE8F88300BF3A
:1034000068D20020003F0600F03E0600E43E0600C1
:1034100070B5104E3368CBB12C2404FB0034054644
:1034200062691AB19047336884F832002C2202FB9B
:10343000053393F832400CB1204670BD2846234630
:103440003A22022101F094F8204670BD1C46204625
:1034500070BD00BF68D20020074B1B6853B110B489
:103460002C2404FB0030C46A038E0C605DF8044B0E
:1034700013807047704700BF68D2002008B5202233
:103480000023052101F074F84FF0FF3008BD00BFA4
:1034900030B4084C256855B10446084611461A4612
:1034A0002C2303FB0454E3690BB130BC1847012003
:1034B00030BC704768D2002030B4094C029A2568AD
:1034C0004DB10446084619462C2303FB0454A36857
:1034D0000BB130BC18474FF0FF3030BC704700BF15
:1034E00068D2002030B4094C029A25684DB10446D8
:1034F000084619462C2303FB0454E3680BB130BC87
:1035000018474FF0FF3030BC704700BF68D2002032
:10351000044B1B682BB12C2202FB0030036903B162
:103520001847704768D20020054B1B682BB12C222E
:1035300002FB0030836903B118470120704700BFC8
:1035400068D2002005F0FAB900B5154B83B04022CF
:1035500083F8272301A901230020ADF8043002F0ED
:1035600087FF4FF080430024D3F838548DF8004093
:10357000684611F0EDF80B4B019301A811F038F9F2
:1035800011F042F9EB0707D400214FF0FF3002F0B1
:10359000FDFFFFF709FAF7E7204605F0CFF9F3E75B
:1035A00000E100E045350400002004F02DBE00BF1E
:1035B00000B5002383B00322CDE90023034904486A
:1035C000C8220FF009FD03B05DF804FB043F0600BC
:1035D0004935040011F0F0BF4FF08052536E1BBA12
:1035E0000360136E1BBA43600820704700487047A1
:1035F0000C3F060070B51E4D2B6883B1012913D115
:103600001478C4F34114012C0BD0022C07D1547848
:10361000012C0BD0022C07D19388072B20D000203F
:1036200070BD517822290BD0012070BD9C69002CFF
:10363000F5D0237811462246BDE8704003F038BE2D
:103640005188003918BF01215975114603F016FE43
:103650002A68D369002BE7D0507D9847204670BD7B
:10366000044C114623892246BDE8704003F020BE79
:103670006CD20020E060002010B5044602F0E0FEAD
:1036800008B9002010BD02F0E3FE0028F9D104487B
:103690004FF4367303FB0400007900F0010010BD05
:1036A000F0D20020054B4FF4367202FB00339868CD
:1036B00008609A899B7B8B718A807047F0D20020CA
:1036C00008B5044B4FF4367202FB0030103002F0A4
:1036D000A5FC08BDF0D200202DE9F8434FF4367464
:1036E00004FB00F41E4E4FF6FF73074604F110056D
:1036F0004FF6FE70824288BF1A46354492B2284681
:1037000002F0B8FC804602F09BFE10B94046BDE8CE
:10371000F88302F09DFE81460028F7D13444E37817
:10372000002BF3D0284602F093FC3F28EED9E17835
:10373000484603F0F1FC0028E8D0284602F088FC57
:103740003F2808D9074AE178484602EBC7124023D0
:1037500003F002FDDAE7E178484603F0EDFCD5E737
:10376000F0D2002070D20020034B4FF4367202FBDF
:103770000030103002F0ECBCF0D200202DE9F04116
:10378000064602F05DFE10B90020BDE8F08102F0AF
:103790005FFE80460028F7D14FF43674174F04FBC4
:1037A00006F404F124053D44284602F037FC0028C5
:1037B000EAD027444046B97803F0AEFC0028E3D0B5
:1037C0000F49402202EBC6160E442846314602F04D
:1037D00051FC044660B1B97832464046234603F0B6
:1037E000BBFC40B9074B1B68DB07CDD500BECCE75F
:1037F000B97803F0A1FC2046C7E700BFF0D2002053
:1038000070D20020F0ED00E038B5104B4FF4367464
:1038100004FB003405464FF6FF734FF6FE708242FC
:1038200088BF1A46243492B2204602F0CBFC0346ED
:1038300020461C4602F0F2FB3F2801D8204638BD46
:103840002846FFF79BFF204638BD00BFF0D200207E
:1038500008B5044B4FF4367202FB0030243002F0FE
:10386000F7FB08BDF0D2002070B5214C82B00021DA
:103870004FF4367220460E4617F078FCFF234FF4C3
:10388000E132082504F138016371A26001234FF48D
:103890008072009604F11000A573A68102F086FBE9
:1038A000144B1B78C3F38003009304F59C71012330
:1038B0004FF4807204F1240002F078FB04F50E71DD
:1038C00001200EF023FE04F52271054601200EF0C2
:1038D0001DFE05B130B9084B1B68DB0700D500BEE3
:1038E00002B070BDC4E90765C4E90C0602B070BD42
:1038F000F0D2002094610020F0ED00E038B5094CD2
:10390000206A256B20B10FF0C9F90023C4E9073301
:103910002DB128460FF0C2F90023C4E90C33012071
:1039200038BD00BFF0D2002010B50E4C0E482378F1
:10393000002202600271DA0709D59B070DD52178B4
:103940000A48BDE81040C1F3800102F0FDBC103010
:1039500002F0DAFC23789B07F1D4044802F0D4FC8F
:10396000EDE700BF94610020F0D2002014D30020C6
:103970002DE9F0414B79022B82B002D18B79022BD9
:1039800004D00025284602B0BDE8F081374FBB784F
:103990002BB1374B1B68DB07F3D500BEF1E78B7803
:1039A0003B700C780C440646617824294FF00905D9
:1039B0000BD1082A02D80FE0AA420DD323781C4469
:1039C0002B44617824299DB2F6D0052927D00429FB
:1039D00002D163790A2B30D002F032FD0028D1D019
:1039E00002F036FD04460028CCD1FB78002BC9D06C
:1039F000204802F02DFB3F28C4D9F978204603F077
:103A00008BFB0028BED01B4802F022FB3F28F97830
:103A100028D9194A2046402303F09EFBB2E72146ED
:103A2000304603F055FB0028B3D0A3787B70237891
:103A30001C442B4461789DB2C9E7104A94F8008079
:103A40000192022301320092304604EB08011A462B
:103A500003F0ACFA00289CD005F10E0318FA83F3AA
:103A60009DB2B9E7204603F067FB8BE7F0D2002058
:103A7000F0ED00E000D3002070D20020F2D2002050
:103A800038B5137803F06003202B04D1294C9388B8
:103A900025789D4201D0002038BD5378203B032B70
:103AA000F9D8DFE803F02D290D0201293CD00329C4
:103AB00024D1214B13B351880020AFF300801DE0C7
:103AC000012931D0032919D11C4B5588197825714A
:103AD00011F0040105F00104194818BF84F0010138
:103AE00002F032FC174B4BB1C5F3400221460020D7
:103AF000FFF794F9012038BD01290ED0012038BD0F
:103B000001290AD00329F9D10F4B002BF6D00F4918
:103B10000020AFF30080012038BD114607230B4A77
:103B200003F0C6FB012038BD114603F0A7FB0120BE
:103B300038BD00BFF0D200200000000094610020DA
:103B400014D300201D2E040000000000F8D2002035
:103B50002DE9F0475F4FFA788A420C4606461D462B
:103B60005AD1DFF890819AB2414607F1100002F075
:103B700029FB594BC3B17B79FF2B15D0A5B108EBBD
:103B8000050A07F1100902E0C2450DD07B7918F84B
:103B9000012B9A42F8D1484602F050FA0028F3D19E
:103BA0007979AFF30080EFE74C4B23B14C4802F03A
:103BB00045FA002863D002F043FC002862D1BB78AC
:103BC0009C4202D00120BDE8F087464B13B1002093
:103BD000AFF3008002F034FC00282BD1424802F001
:103BE0001DFA0028EED1002DECD015F03F05E9D1EB
:103BF000B978304603F090FA0028E3D0B97830461F
:103C00002B462A4603F0A8FA0028DBD1374B1B6865
:103C1000DA070CD500BED6E7BB788B42D5D0334B44
:103C20001B68DB0703D500BE0020BDE8F08700203D
:103C3000BDE8F08702F00CFC04460028CED12A48EB
:103C400002F0ECF90028C9D0B978204603F064FAF4
:103C50000028C3D026492448402202F00BFA03462C
:103C600000282FD0224AB978204603F075FA0028A0
:103C7000A8D11E4B1B68D907B0D500BEAEE7AFF385
:103C8000008098E702F0E4FB8046002897D1FB789B
:103C9000002B94D0124802F0DBF93F288FD9F97835
:103CA000404603F039FA002889D00D4802F0D0F9D7
:103CB0003F2840460AD940230E4AF97803F04CFACF
:103CC000BB787DE7B97803F037FA87E7F97803F036
:103CD00033FA74E7F0D2002000000000000000007A
:103CE00000D300200000000014D30020F0ED00E01D
:103CF000B0D2002070D20020704700BF0120704772
:103D0000704700BF704700BF044B0022C3E9002288
:103D1000C3E90222C3E90422704700BF48D700204C
:103D200001207047044B0022C3E90022C3E90222AC
:103D3000C3E90422704700BF48D700202DE9F041B5
:103D40004B79032B82B012D106460879C0EBC0052F
:103D50001235ADB295420C4605D8254F7A78002A27
:103D600042D07A7B52B1234B1B68DA0704D400257A
:103D7000284602B0BDE8F08100BEF8E70C374FF4EA
:103D8000A0782278A31859782129ECD1BB60A15CD6
:103D900007F1010E07F1020C19440246CDE900CEED
:103DA0000323304603F002F90028DCD0A379B97868
:103DB000012B04BFE379FB700123BB71A278BB68C0
:103DC0003A70B3F80730BB800029D1D00A4A304698
:103DD0004244402303F0C0F90028C9D1054B1B68B9
:103DE000DB07C5D500BEC3E74FF08008C9E700BFB9
:103DF00048D70020F0ED00E0C8D50020137803F08C
:103E00001F0CBCF1010F13D12DE9F0410C4685497F
:103E1000978815460A78FFB2BA4282B0064609D0A2
:103E20000A7BBA4200F0CF80002002B0BDE8F081EA
:103E3000002070470027B846BC460720062213F032
:103E4000600306D1012C00F0A280012002B0BDE881
:103E5000F081202BE8D16B78013B0A2BE4D80FF2DC
:103E6000080E5EF823F000BF3F3F0400373F040018
:103E7000233F0400293E0400293E0400293E04009B
:103E8000293E0400293E0400E33E0400B93E04003C
:103E9000953E0400012C1ED0032CD6D14FEA4803D6
:103EA0006A88434401EB8303D2B2604611469A719B
:103EB000FFF722FF0120B8E7012CC6D14FEA4803E3
:103EC0006A88434401EB8303110A6046D971FFF706
:103ED00015FF0028A8D02946304603F0CFF901206D
:103EE000A3E7012C00F08680032CAED1EC88698812
:103EF0004D4B402C4FEA1122204628BF402011F0A4
:103F0000FF013B4407D0012C05D91C788C4202D11B
:103F1000013880B2013300906046FFF70BFA0120B0
:103F200083E7012C91D10A4429463046234603F009
:103F3000BFF9204679E7012C87D10A18F4E7012C54
:103F400083D1B5F806E06B883749704640280F44A6
:103F500028BF402013F0FF014FEA13223B465CD0FC
:103F6000BEF1010F5BD9013803F8011B80B200904C
:103F70006046FFF7C9F923189BB2002B46D12B4AA4
:103F80001268D2077FF550AF00BE18464DE76B7838
:103F9000062B7FF449AF6B881B0A212B18D0222BEC
:103FA0007FF442AF6046FFF7A7F91E494FEA480386
:103FB000434401EB830302469B882946304603F0C5
:103FC00077F9204631E7C02713201222E04636E772
:103FD0004FEA4803984401EB8808D8F80820002AE3
:103FE0003FF422AF13782946304602B0BDE8F041D5
:103FF00003F05EB9EB88402B3FF616AF0A4A29461C
:1040000030463A4403F054F920460EE73A46294632
:10401000304603F04DF9012007E70C46A7E70024DE
:10402000A5E700BF48D70020C8D50020F0ED00E08C
:10403000F0B5304EB4788C4283B0054611D070781C
:1040400088422DD0B07B884247D0707B88424CD0CC
:10405000294B1B68DA0702D4002003B0F0BD00BE74
:10406000FAE7777880244FF0400C0020B9421AD04C
:1040700012BB22499BB20C440093114623460222F4
:10408000FFF758F9B17822462846402303F064F838
:104090000028E2D1184B1B68DB07DDD500BEDCE74A
:1040A0004FF0400C00207AB914499AB26144FFF7EE
:1040B00027FE012003B0F0BD104A14449BB22246F3
:1040C0000221FFF71FFEDDE70C4A9BB2624401218B
:1040D000FFF718FE012003B0F0BD777B4FF4A0740A
:1040E0000C364FF4807C0120C0E74FF4807C012027
:1040F000D9E700BF48D70020F0ED00E0C8D5002088
:1041000070B51A4C82B000210D464FF4EC72204677
:1041100017F02CF804F138010123802204F110007B
:10412000009501F043FF04F1B801012380220095BE
:1041300004F1240001F03AFF04F59C7101200EF017
:10414000E5F904F5C471064601200EF0DFF930B937
:10415000074B1B68DB0700D500BE02B070BDC4E989
:104160000756C4E90C0502B070BD00BFE0D70020BF
:10417000F0ED00E038B5094C206A256B20B10EF057
:104180008DFD0023C4E907332DB128460EF086FDCE
:104190000023C4E90C33012038BD00BFE0D7002064
:1041A00010B5084C002304F11000C4E90033C4E941
:1041B000023302F0A9F804F12400BDE8104002F037
:1041C000A3B800BFE0D700202DE9F0474B79012BC1
:1041D00003D000242046BDE8F0878B79012B0D46E3
:1041E0008046924618D049780429F2D10024032B46
:1041F000EFD1E8790028ECD1DFF8F09099F80110C0
:1042000099F8023051EA030722D0354B1B68DB07CF
:10421000DFD500BE0446DDE7CB79002BD9D10B7882
:104220001D449CB2697824290BD1944202D9D0E76D
:10423000A245CED32B781D442344697824299CB20F
:10424000F6D00429C5D16B79012BC2D1AB79CEE769
:10425000AB7889F800302E7828793444A4B22E4403
:1042600030B920E0337887421C44A4B21E441AD2ED
:10427000A24518D37378052BF4D13146404602F09D
:1042800027FF0028C1D0B3782879DA0914BF89F84C
:10429000013089F8023096F800C07B1C6444DFB21C
:1042A000A4B26644DEE70F4801F0D2FE3F2891D960
:1042B00099F80210002002F02FFF00288AD0094848
:1042C00001F0C6FE3F2899F8021005D9064A40239E
:1042D000002002F041FF7DE7002002F02DFF79E78A
:1042E000F0ED00E0F0D70020A0D70020E0D70020BC
:1042F00000207047F8B53C4DAC788C421E4619D171
:104300009AB23A4905F1100001F05CFF384B13B145
:104310000020AFF30080374801F09AFE3F2806D90D
:10432000A978002002F0F8FE0446002847D10124B5
:104330002046F8BD6B788B4208D02F4B1C6814F0D8
:104340000104F5D000BE00242046F8BD074605F163
:10435000240001F063FEB8B9284801F05FFE002890
:10436000E5D1002EE3D016F03F06E0D1697838465B
:1043700002F0D2FE04460028D9D069783846334688
:10438000324602F0E9FED3E76978002002F0C4FE6D
:104390000028E1D01A49402205F1240001F06AFE0C
:1043A0000346E0B1164A6978002002F0D5FE0028E5
:1043B000BDD1114B1B68DB07CED500BECCE70D4845
:1043C00001F046FE3F28A97805D9084A402300207D
:1043D00002F0C2FEACE7002002F0AEFEA8E769786A
:1043E00002F0AAFEB8E700BFE0D70020A0D7002067
:1043F00000000000F0D70020F0ED00E004D800201D
:1044000060D7002070B5314CE28AA36852BA92B2EC
:1044100086B0054612B1B3FBF2F292B2A06BD4F8AB
:104420001110B0FBF2F61B1AB3F5007F28BF4FF452
:10443000007309BA009302FB16023144244B607BDF
:10444000FFF73AF8011E1CDB0AD08BB2204A94F821
:104450002E10284602F080FE002831D006B070BD34
:1044600094F82E308DF8103003A807238DF80C50E7
:1044700005918DF811108DF80D3002F07BFC06B01F
:1044800070BDA268A36B43F602200021D31AA08757
:1044900084F83E1001200221A36284F82C0084F8E5
:1044A0003010002ADAD0002BD8D0237BDB0914BFD0
:1044B00094F82E1094F82F10284602F08DFECDE7C8
:1044C000044B1B68DB07C9D500BEC7E7B8DB00207B
:1044D000B8D90020F0ED00E038B5214B214C05465D
:1044E0001BB1607BFFF720F8B0B1A06BA36894F814
:1044F0002F101D4A1B1AB3F5007F28BF4FF400731D
:1045000028469BB202F028FE00B138BD174B1B684D
:10451000DB07FAD500BE38BDA26BA16884F83E0067
:104520008B1A42F207720120A2870222A36284F84A
:104530002C0084F830200029E7D0002BE5D0237B25
:10454000DB0906D094F82E102846BDE8384002F06A
:1045500043BE94F82F102846BDE8384002F03CBE18
:1045600029350400B8DB0020B8D90020F0ED00E0C8
:10457000044880F83C1080F83D2080F83E3001204F
:10458000704700BFB8DB002002484022002116F02F
:10459000EDBD00BFB8DB002002484022002116F02C
:1045A000E5BD00BFB8DB00204B79082B01D000200F
:1045B00070478B79062BFAD1CB79502BF7D1162A7D
:1045C00006D81C4B1B68D907F1D500BE00207047E8
:1045D00070B5194D8B7885F82D300B7882B005F1C8
:1045E0002F0205F12E0619440223CDE900261A46B2
:1045F000044602F0DBFC30B90E4A1268D2070FD530
:1046000000BE02B070BD002385F8303095F82F1041
:104610000A4A20461F2302F09FFD20B11720F0E731
:10462000002002B070BD034B1B68DB07F6D500BE4F
:104630001720E6E7F0ED00E0B8DB0020B8D9002055
:10464000012901D001207047F0B5137803F07F04F1
:10465000022C85B0054611D003F06003202B0AD14F
:104660005378FE2B28D0FF2B05D153881BB9D68851
:10467000B3B2002B3CD0002005B0F0BD5478012C23
:10468000EAD15388002BF6D13B4E938896F8302020
:10469000042AD9B258D096F82E408C4236D096F8DB
:1046A0002F408C4205D122B9214602F087FD002817
:1046B0004ED0012005B0F0BD5388002BDBD1D3884C
:1046C000012BD8D12D488DF80F3030B10192FEF773
:1046D00045FE019A01460028CDD04C1E28461146C1
:1046E00001230DF10F028DF80F4002F0E1FDE0E72C
:1046F000214C11462846A687C4E90D3384F8303092
:1047000084F83E3002F0BAFD0120B5E7022AD0D18C
:10471000B26BB3681A4F9B1AB36206F120030FCB3A
:1047200007C73A46214602F80C39032428460D23D0
:1047300086F8304002F010FD0028BAD1114B1B68FA
:10474000DB0798D500BE97E702F046FD204693E7C9
:104750002146284602F05EFD0028AAD1002386F8F3
:10476000303096F82F10064A28461F2302F0F4FC3A
:1047700000289ED1E2E700BFB8DB00205D330400D3
:10478000B8D90020F0ED00E02DE9F041B94C94F8E3
:104790003050012D8EB01E4607467DD0032D8C462D
:1047A00057D035B1022D00F08B8001200EB0BDE84E
:1047B000F08194F82F308B42F7D11F2E40F09E806D
:1047C000DFF8C082AC4BD8F800209A4240F09680C7
:1047D000C646BEE80F0026460FC69EE80F0007C675
:1047E00026F8023B1B0C3370E27BA44EA562D4E991
:1047F00001030121282A84F82C50A56360626363B9
:10480000266284F8301000F0F6802A2A00F0B58283
:10481000002B00F03D81217BC90940F03981B3F5BF
:10482000007F40F2328394F83C20A36201210223EE
:1048300084F82C1084F8303022B942F2050384F851
:104840003E20A3876146384602F0C6FC94F83050FB
:10485000A8E794F82E308B42A7D10D2EA5D1E37B8B
:10486000282B00F082822A2B00F07782844B23B120
:10487000607B04F10F01AFF30080002084F830006A
:10488000804A94F82F101F23384602F065FC002858
:1048900058D094F8305085E7B3F5007F25D8E37BF6
:1048A000282B55D02A2B72D0A36B227B3344D209FC
:1048B000A36360D0626B9A4255D8022384F83030EB
:1048C00094F82E10384602F0A5FC00287FF46DAF56
:1048D000A368A26B934220D9217BC9091DD094F80B
:1048E0002E10384602F078FC5FE7674B1B68D9074B
:1048F00000D500BE00200EB0BDE8F081042394F87E
:104900002E1084F83030384602F066FC384694F8B1
:104910002F1002F061FC002048E79B1A5B4AA3625B
:104920000FCA584D07C52A4694F82E1002F80C39C4
:10493000032384F8303038460D2302F00DFC0028A4
:104940007FF433AF504B1B68DB07D3D500BE2DE798
:10495000D4E90D2333449342A363AED2FFF752FD53
:1049600094F830501EE7484B1B68DA0791D500BE1B
:1049700094F8305016E7A38E424A607B04F10F0191
:10498000FEF77CFD0028C0F23182A36B92E7E08A3B
:1049900040BA80B218B1A368B3FBF0F080B2D4F88B
:1049A0001110A26B374DB2FBF0F309BA00FB1322D2
:1049B0001944607B00962B46FEF794FD0028C0F258
:1049C0003682864240F2F681361A002840F067822D
:1049D00094F82F208DF814700021072305A807965E
:1049E0008DF819108DF818208DF8153002F0C2F9E5
:1049F00094F83050D6E6E18A49BA89B2A3B90029C1
:104A00003FF45BAF94F83C300222002184F82C2064
:104A100084F83020A162002B7FF452AF42F20502ED
:104A200084F83E30A2874BE7207BC0090BD00029D9
:104A300000F016828B42C0F05682282A38468DD06C
:104A4000FFF74AFD25E794F83C20A362022384F88F
:104A50002C3084F83030002A7FF4F4AE42F20502A4
:104A60000023A28784F83E30207BC00900283FF451
:104A7000E9AE97E1B8DB002055534243555342530A
:104A800000000000B8D90020F0ED00E0D8DB0020E5
:104A9000657B252A27D8DFE812F0040126002600CE
:104AA000C600260026002600260026002600260036
:104AB00026002600260026002600260026004001AB
:104AC0002600260026002600260026002600830059
:104AD0002F01260026009D00260026002600260025
:104AE0000A012600570094F83C20002A40F08580F7
:104AF000B54AB6499BB22846FEF7C0FC00287CDBCD
:104B0000002835D1A368002B3FF4D7AEA16B94F8F1
:104B10003C205B1A01200221A36284F82C0084F857
:104B2000301022B942F2050184F83E20A187002B03
:104B30003FF4C6AE237BDB0940F0348194F82F109C
:104B4000384602F049FBA4E6284604AA05A9FEF768
:104B500083FC059B002B00F0BB81BDF81020002AD0
:104B600000F0B681013B1BBA12BAC8E90032082036
:104B7000A368002B40F09D81A36B94F83C205B421E
:104B800001200221A36284F82C0084F83010002A4E
:104B90007FF496AE42F2050384F83E20A3878FE6A9
:104BA000059B8B4A03F4000343F003030593002A9B
:104BB00000F0A7812846FEF7B7FC9DF8163080F07C
:104BC000010060F3C7138DF81630059BC8F800305C
:104BD0000420CDE77F4B002B94D0227DE17C28463A
:104BE000AFF3008000288DD194F83C302BB943F608
:104BF00002220023A28784F83E30A268A36B94F8B7
:104C00003C100120D31A84F82C000220A36284F8FF
:104C1000300021B942F2050084F83E10A087002A36
:104C20003FF44EAE83E794F83C2094F83D0094F8AE
:104C30003E10DFF894C1DFF8B0E14FF000084FF00C
:104C40000003CDE90588CDE9078862F303038DF8F9
:104C50001630F0220A23ADF824808DF820008DF85C
:104C600021108DF814208DF81B3005AE0FCEACE866
:104C70000F003368ACF80030BEF1000F00F03B814C
:104C8000ACF1100128464FF40072AFF30080002809
:104C9000A4F83C8084F83E80BFF632AF657B636B3E
:104CA00026E72846FEF7B4FB00289DD02AE705AE8C
:104CB00000230DF10E02284604A973600593B3602A
:104CC000FEF7CAFB049A002A00F00281BDF80E30FC
:104CD000002B00F0FD8012BA082106925BBA022276
:104CE000ADF81E308DF817108DF81C2096E80700DF
:104CF00088E807000C203BE7374B002B3FF402AF5E
:104D0000E17C2846C1F3400301F001020909FEF7E6
:104D1000BFFB00287FF4F6AE66E74FF0203328464D
:104D200000221F250692CDE90A332C4E089307A9CD
:104D300009AA079309930D930C938DF818500DABA6
:104D400005AD0596FEF712FB0FCD1F4E0FC60FCD1A
:104D50000FC62B68336024200AE7214B002B3FF459
:104D60008CAD607BFEF7D4FB87E51E4B002B3FF438
:104D700084AD607BAFF300807FE5E18A49BA89B2F8
:104D8000002B3FF43CAE207BC0093FF450AE94F8BA
:104D90003C20A362022384F82C3084F83030002AAF
:104DA00000F0B18094F82E10384602F015FA94F80D
:104DB0003050F7E4D4E90D2333449342A363BFF4A6
:104DC0007CAD38463CE600BFB8D90020C7DB0020E8
:104DD0002935040000000000913404000080020224
:104DE000113504000000000000000000A268A36B61
:104DF00094F83C0084F82C50D11A0225A16284F862
:104E0000305020B942F2050584F83E00A587002AFB
:104E10003FF450AD00293FF44DAD237BDB0964D056
:104E200094F82E10384602F0D7F9A36B42E5A36B35
:104E3000A2683344D11A43F60220A3630023A0875B
:104E400084F83E3001200223A16284F82C0084F80B
:104E50003030002A3FF434AD00293FF431AD69E62B
:104E6000012194F83C2084F82C100221A36284F8DC
:104E70003010002A7FF4FAAD42F2050184F83E209A
:104E8000A187002B3FF41CADEEE5224A9BB26146A0
:104E9000384602F061F900287FF4FBAC52E5A36BC1
:104EA000291813FA80F332462846A36316F044F912
:104EB0008EE5984228BF184683B26063154A94F87D
:104EC0002E10384602F048F900287FF4E2AC39E5AC
:104ED00094F83C30002B7FF490AE43F6022284F825
:104EE0003E30A28789E60221BBE794F82F103846AE
:104EF00002F072F949E5A4F83CE084F83EE01220A3
:104F000036E6012059E642F2050384F83E20A387E5
:104F1000AAE500BFB8D9002070B5134C134E84B079
:104F200020464FF4AE72002116F020F940250023F0
:104F300004F58E72CDE90156009219461A4604F125
:104F4000B000039503F07EFF2E4404F170020023AD
:104F5000CDE90025CDE90265201D1946012203F0A7
:104F600071FF04B070BD00BF78DC0020F8DB0020CA
:104F700010B5054C04F1B00003F08EFF201D03F0C6
:104F80008BFF012010BD00BF78DC002038B5074C36
:104F90002046002500F8B85B01F0B6F904F10C00DA
:104FA00001F0B2F984F8B150657138BD78DC0020A9
:104FB0004B79FF2B01D0002070472DE9F04FDFF82F
:104FC00010A10B780E4683469AF805109AF8B100A6
:104FD000B51850EA010283B006EB030403D00020A9
:104FE00003B0BDE8F08FB2788AF80020A54217D947
:104FF000F25CA3189D4213D30AF1B8080AF1B00776
:105000000AF10C096278042A0AD00B2A08D0052A72
:105010000BD09D421C4603D91A7813449D42F1D20D
:10502000A01B80B203B0BDE8F08F2146584602F0C5
:105030004FF8002841D0A378DB0905D19AF8B130A8
:105040000BB32278A318E4E79AF80530002BF8D1C7
:105050004846019301F058F9A2788AF80520A28801
:105060009AF804C0019B1849C2F30A02A2F5007223
:10507000B2FA82F2520962F3410C18468AF804C06F
:1050800003F056FFDDE7404601F03EF9A3788AF8C9
:10509000B130A3889AF8B020C3F30A03A3F50073D4
:1050A000B3FA83F35B0963F34102394658468AF841
:1050B000B02003F08BFF0028C3D1044B1B68DB0733
:1050C0008DD500BE8CE700BF7CDC0020F0ED00E059
:1050D00078DC0020F8B51C4C94F8B1508D4207469E
:1050E0001E4617D1B4F8BC3063B9184B23B1184928
:1050F000B2B20020AFF300801649384603F066FFD5
:105100000120F8BDD4F8B410B2B204F1B80001F037
:1051100059F8EAE763798B4201D00020F8BD0E4BC5
:105120001BB1B1B20020AFF300800C49384603F048
:10513000FFFE08B10120F8BD08493246384603F0A9
:10514000B7FE0120F8BD00BF78DC002000000000A1
:10515000F8DB002028DD0020000000007CDC0020BF
:10516000F8B50F688D883D44AF420E46B9780BD232
:105170000B468B423C4603D10DE06378042B05D0EF
:1051800023781C44A542F8D80020F8BDAC42FBD2DD
:10519000A3788B42F4D1E3789A42F1D1A542F3D9B6
:1051A000237D012B1FD8237923B3012BECD1237846
:1051B000E289617A1A44194422442144914204D379
:1051C000E2E70B7819448A42DED94B78052BF8D1F7
:1051D0008A42D9D901F07CFF60B9084B1B68DB0714
:1051E000D2D500BEF8BD054B1B68DA07CCD500BE92
:1051F0000020CAE7E41BF4800120F8BDF0ED00E0D8
:10520000F0B4C488002C45D0037867488A7803EB53
:10521000830503EB4503C05803191D7BAA4239D807
:1052200022B9012D00F2A68001228A7001258D602D
:10523000C1F80E504D7700266FF03F0581F82260CF
:105240008D766FF003066FF06405CE760D77574EBE
:10525000C1F81E60082581F82350005DB3F80D5099
:1052600005441D440344AB4214D2514F9C78102C8A
:105270000CD827FA04F0C04310F0010006D1DE7804
:10528000B24203D112E0587824280CD01878034495
:105290009D42F8D8474B1B68DA0702D40020F0BCC7
:1052A000704700BEFAE79D42E0D8F3E79D42F1D097
:1052B000062C06D0102C04D0042CF0D10122487307
:1052C0000A7391F803C01A7994451BD8BCF1000FFA
:1052D00005D1012A4ED84FF0010C81F803C01A788D
:1052E0001A44AA420ED2967806F0FD07052F0FD079
:1052F000112E03D10CE05678242E3ED0167832447D
:105300009542F8D82B4B1B68DB07C7D500BEC6E714
:10531000D678B445F2D19542F4D0D1F812503DB9C7
:10532000062C2DD0102C2BD0042C32D0C1F81250CA
:105330004C6854B9537E012B1CD8D2F81A401BB9C3
:10534000D2F81E30A34215D14C6042F20F739C423A
:10535000D8D9194A6B1EA2FB042403EB5433640B07
:10536000B3FBF4F30233B3F5807F28BF4FF48073AF
:10537000C1F816300120F0BC70479542B3D8C1E7A0
:10538000B2F80530B2F8075005FB03F52D01ED0822
:10539000CCE7B2F80560B2F807405D7D04FB06F388
:1053A00005FB03F5ED08C1E7D4DD00200301010191
:1053B00050100100F0ED00E05917B7D12DE9F04F82
:1053C0000B78624C03EB83050E4603EB450309891A
:1053D000E75883B09146804679B13944CB7803F0E1
:1053E0000303012B00F09E80738933B13B44DA78CC
:1053F00002F00302012A00F09B807488B588002324
:105400003C44B381F38133827382B382F382A27806
:105410003D44AC4238BF134609D29A4203D10FE053
:105420006378042B07D023781C44A542F8D80020C9
:1054300003B0BDE8F08FA542F9D9A3789A42F2D122
:10544000E3789945EFD1A542F1D923790193022B55
:105450000FD8E31BF380B9F1000F10D1737F012B3C
:105460004CD123781C44019B6BB9012003B0BDE8EB
:10547000F08F374B1B68DA07D9D500BED7E7237802
:105480001C44019B83B306F1080A4FF0000BA542B0
:1054900006D8EEE7042BECD023781C44A542E8D9CB
:1054A0006378052BF6D1A542E3D9E37803F0030333
:1054B000B9F1000F01D0012B19D0022BB7D1214631
:1054C000404601F005FE002839D0E31B2AF8023BD4
:1054D000019A21780BF101039A420C444FF0010B21
:1054E000D5D8B9F1000FC0D002237377BDE7A388E8
:1054F000B169C3F30A038B42E1D298E706F11E03B8
:10550000494686F81D90A6F81890A6F81A901846F5
:10551000302215F02BFE01463046FFF771FE0028C1
:105520009FD184E700233381897801F081FE5BE716
:10553000002272819978404601F07AFE5DE7044BC3
:105540001B68DB077FF573AF00BE71E7D4DD002079
:10555000F0ED00E0044B05480021C3E900114E22A4
:10556000C3F8071015F002BED4DD0020E0DE0020F5
:1055700001207047044B05480021C3E900114E2269
:10558000C3F8071015F0F2BDD4DD0020E0DE0020E6
:105590002DE9F84F4B790E2B03D18B79012B0E4659
:1055A00003D000273846BDE8F88FCB79012BF8D11E
:1055B000DFF834911446D9F800202AB1484B1B6813
:1055C000DB07EED500BEECE749468046C9F800602F
:1055D000A9F80440FFF7C4FD0028E2D0B9F806207E
:1055E000D9F80030B17813443444A64293F814A09B
:1055F000334605D308E05A78042A3DD00B2A3BD025
:105600001A7813449C42F6D8BAF1000F65D0354998
:10561000DFF8D8E048884FF0000C6246E3460028E7
:10562000CCD19D1B0EF8010B0870A8B248809C429B
:105630009F784A7005D84DE05A78042A16D00B2A74
:1056400014D01A7813449C42F6D89A1B97B28F80D4
:1056500081F81DB0BCF1000F14D00CF1010C5FFA01
:105660008CF29245DBD8A9F804709BE79C42ECD9F8
:105670009A78BA42E5D0E8E79C42C5D99A788A423E
:10568000BED0C1E7BAF1010FE7D116FA85F516FAD7
:1056900082F29542A9780AD20B46994203D113E0CF
:1056A0006B78042B0BD02B781D44AA42F8D80D49F7
:1056B00040460022FFF782FE0028D4D171E7AA42BB
:1056C000F5D9AB789942EED1EB78012BEBD1AA4218
:1056D000C9D1ECE707462A46B9E79B1B9FB2C2E750
:1056E000F0ED00E0E0DE0020D4DD0020DCDD002075
:1056F0002DE9F0471678174606F01F02012A8CB0F4
:1057000019D1DFF80093BB88D9F8005080465FFAC2
:1057100083FC15B1AA78624512D0B84E74885CB18A
:10572000357805EB850205EB420559F805502C4408
:10573000A278624511D0002420460CB0BDE8F08765
:10574000C6F3411A16F0600F54464ED0012C27D0F4
:10575000072389F809300024EEE73A78C2F34119AB
:1057600012F0600F484600F0B580012815D11B0AE1
:1057700013D17A88100A022800F04A81062800F026
:10578000FA80012800F00C819D4B1B68DB0704D5D3
:1057900000BE072333770024CEE707233377CAE719
:1057A000180A65D0B9F80630EC18EA5CE3891A44A7
:1057B0002244944214D2A1780239052902D8E17812
:1057C00081420DD021780C44A24204D808E023780D
:1057D0001C44A24204D96378242BF8D1A242EAD80F
:1057E000002389F809300124A6E77B780A2B5AD0D8
:1057F0000B2B33D10129F3D1FB88002B4ED1B9F803
:105800000630EA181179C1B1E85CD189537A0144B4
:10581000034413440A44934205D3C4E119780B446A
:105820009A4240F2C08159780529F7D19A4240F254
:10583000BA819978404601F0FBFC0025A9F8065092
:105840007A8870494046FFF78BFC044630B33946EE
:10585000404601F013FD89F809506DE7684B1B685D
:1058600013F0010364D107221C4689F8092063E77D
:105870007B881A0A012A60D0022A4FD17B78812BBB
:1058800000F04381862B49D10129A9D10B465E4AFC
:105890003946404601F00CFD0028A1D1FF2389F8CC
:1058A0000930002448E701299AD1FB88012BF5D162
:1058B000B9F8062005EB020E39469EF803208DF854
:1058C00000206A4601F0F4FC04460028E6D089F87E
:1058D00009A031E77B780A2B0AD00B2B0FD0484B5D
:1058E0001B68DF077FF559AF00BE0723337722E738
:1058F000012900F0F3800023337701241CE70129FC
:10590000F9D17A8831464046FFF758FD002800F06B
:10591000F9803946404601F0B1FCECE7384B1C6891
:1059200014F0010440F0D480072389F8093003E71C
:1059300000BE072389F80930FEE67B78812B00F052
:105940000F81862B00F0FC80012BE7D1012900F0AC
:105950000A8102297FF444AF2C4B002B3FF440AF67
:1059600099F80A100020AFF30080B0FA80F489F8AB
:1059700009006409E0E67B78812B00F0D380862B58
:105980007FF402AF0129B6D11F4A394640460123B0
:1059900001F08EFC0028AED1FF2333770024CBE644
:1059A000727F02B1737797F801C0BCF1010F00F06C
:1059B000E8800CF17F03DBB2062B3FF6E5AEACF1DD
:1059C0008104062C3FF6E0AEDFE804F02C3C3C3CC2
:1059D00004663C0001298ED1FB88022BDCD13024E7
:1059E000394640466A46ADF8004001F061FC044685
:1059F0000028D1D0002333779EE600BFE0DE0020F0
:105A0000F0ED00E0D4DD0020453F0600000000007E
:105A10007B78852BDED050D8012B00F0CB80812BFA
:105A20007FF4B2AE01297FF466AFFB88002BB3D0C0
:105A3000B64A39464046302301F03AFC00287FF44C
:105A40005AAFA9E701297FF456AFFB88002BA3D0FA
:105A5000AE4CE94604F1300A20686168A268E36848
:105A6000CE46AEE80F0010345445F146F4D19DF80F
:105A70000210002940F0C380BCF1830F00F0AA811E
:105A8000BCF1870F00F08B81BCF1820F00F08781A1
:105A90000823337700244FE601297FF42CAFFB88DD
:105AA000012B7FF479AF0B46994A3946404601F005
:105AB000FFFB00287FF41FAF6EE7862B7FF464AEF8
:105AC00001297FF418AFFB88012B7FF465AFEBE76A
:105AD00000BE072389F8093000242DE6FB88012B3E
:105AE00010D1F38873B11D444046EA788DF8002048
:105AF0000B466A46394601F0DBFB044610B186F8D6
:105B00001C9019E6FF23337715E601297FF468AE70
:105B1000804A39464046012301F0CAFB00287FF441
:105B20005FAEBBE601297FF4E6AE0B464046394640
:105B300006F11C0201F0BCFB00287FF4DCAE2BE771
:105B400001297FF44DAEFB88012B7FF4A7AE704A8C
:105B50003946404601F0ACFB00287FF441AE9DE69B
:105B600001297FF43DAEFB88012B7FF497AE6A4A92
:105B700039464046012301F09BFB00287FF430AEFC
:105B80008CE601293FF454AF02297FF4B4AE5F499B
:105B9000A1F11E00FFF734FB044600287FF4ABAEF2
:105BA00008233377C8E55D4B1B68DB077FF576AECE
:105BB00000BE73E601293FF43BAF02297FF49BAEA0
:105BC0005249A1F11E00FFF71BFB04460028E7D055
:105BD000534B726BB2613BB14C4A71783078AFF382
:105BE000008000287FF487AE4E49002302204FF446
:105BF0008072C6E9033308807361B2839CE59DF827
:105C00000300002840F09280F288002A3ED0AB18B2
:105C1000AA5CB3F80D00444C104418441344984255
:105C200011D99A78102A0AD824FA02F2D50706D593
:105C3000DA78914203D107E05A78242AEFD01A7813
:105C400013449842F8D80346BCF1830F5CD0BCF1F2
:105C5000870F4DD0BCF1820F7FF41AAF01218DF870
:105C600003101A781A4490420ED9947804F0FD0576
:105C7000052D12D0112C03D10FE05478242CF2D032
:105C8000147822449042F8D8024609E0234B1B685E
:105C9000DA077FF5FDAE00BEFAE6D478A142EFD177
:105CA000997806291BD0102919D004297FF4F0AE69
:105CB000B2F80510B2F807205B7D02FB01F203FB8E
:105CC00002F3DB08CDF812306A46394640463023ED
:105CD00001F0EEFA044600287FF48CAE5CE6B2F8E0
:105CE0000510B2F8073003FB01F31B01DB08E9E7FD
:105CF0009A78062A06D0102A02D0042A7FF4C8AE69
:105D0000997DACE79979AAE71979A8E7FEDE00202A
:105D1000463F0600DDDD0020DEDD0020F0ED00E086
:105D200000000000E0DD002050100100019B002B6E
:105D3000CAD1F288002AA9D0AB1815F802E0B3F84E
:105D40000D205A4D72449C1873449C4211D99A7884
:105D5000102A0AD825FA02F2D20706D5DA7891423B
:105D600003D107E05A78242AEFD01A7813449C42D2
:105D7000F8D82346197819448C420ED98B7803F051
:105D8000FD02052A2ED0112B03D12BE04B78242BBA
:105D9000F2D00B7819448C42F8D8214625E0012333
:105DA0008DF8023001234FF0011202930023039279
:105DB000ADF810304FF6C04240F29B13ADF81A20F8
:105DC000ADF81C303A4ACDF81E204FF40063ADF810
:105DD000223079E7F388002BE4D02B441B7B8DF82D
:105DE0000230DFE7CB789842D3D1ACF18203052BA8
:105DF0003FF64EAE01A252F823F000BF835E0400CE
:105E0000675E04003D5E0400915A0400915A04004C
:105E1000155E0400D1F8152042F21073B2FBF3F3C3
:105E20000192D2B1DDF812208BB9931CB3F5807FBB
:105E300028BF4FF48073CDF8163045E74B7E63B929
:105E4000D1F8222042F21073B2FBF3F3E8E7013AF3
:105E50001A44B2FBF3F30233E8E70023ADF816303F
:105E6000ADF8183030E74A7ECAB1053201EB820244
:105E7000D2F80220D1F81A3042F21071B3FBF1F3DC
:105E8000CEE74A7E72B1053201EB8202D2F80230CF
:105E9000D1F81A2042F21071B3FBF1F3C0E7D1F848
:105EA0001E20E7E7D1F81E30F2E700BF50100100D6
:105EB000030101012DE9F04F374F83B03C89009079
:105EC0005CB13B78354E03EB830203EB42020D4697
:105ED000B258224492788A4208D0314B1B68DB07C3
:105EE00019D500BE002003B0BDE8F08FD7E9042427
:105EF00094420DD32B490022C7E903227A6119B1DC
:105F000079781846AFF30080012003B0BDE8F08F28
:105F100001F002F918B9002003B0BDE8F08FDFF8F6
:105F200088A0D7F814909AF800003B69D7F818B009
:105F3000A0EB09089844C3455C4628BF4446A042EC
:105F400013D9174B1B6813F0010301D000BE0023C7
:105F50000098154A294601F0FFF80028D4D1104BCB
:105F60001B68DA07D7D500BECFE7F968221A494483
:105F70005044019215F0D2F8019AC3454A447A611F
:105F800007D39AF8012042F00202A3B28AF8012056
:105F9000DEE7A3B2DCE700BFE0DE0020D4DD0020B6
:105FA000F0ED00E000000000E0DD00202DE9F04110
:105FB000B2F5004F9DF818802CD80446C0681646EC
:105FC0000F461D4618B14FF0FF310CF0DFFC206981
:105FD00018B14FF0FF310CF0D9FCC5F30E05E068A5
:105FE0002760002345EAC8356381E580A6802381C8
:105FF00018B11A4619460CF0D9F8206938B10023B7
:106000001A4619460CF0D2F80120BDE8F0810120B3
:10601000BDE8F0810020BDE8F08100BF038942891E
:10602000808892B29BB2934236BFC2EB40029B1A69
:106030009B189BB2984228BF184670470289438933
:1060400090B29BB2C01AB0FA80F04009704700BF0E
:1060500003894289808892B29BB2934236BFC2EBD9
:1060600040029B1A9B189BB2984286BFC01A80B20E
:10607000002070472DE9F0470546006988469146A3
:1060800018B14FF0FF310CF081FC2B896C89AF887F
:106090009BB2A4B2A34236BFC4EB47061E1BF61840
:1060A000B6B2002E4CD0B74242D34E4528BF4E4622
:1060B000A742B6B203D8E41BA4B2A742FBD9B5F8F5
:1060C000069029683B1B9BB2C9F30E029E42914683
:1060D00002FB041126D913FB02F3F71B1FFA83FA04
:1060E0003C445246404614FB09F415F017F8296861
:1060F000A2B208EB0A0015F011F86A89AF8892B2D3
:1061000093199BB29A421DD97A009B1A9BB22869B7
:106110006B8120B100231A4619460CF047F830462F
:10612000BDE8F08702FB06F2404614F0F7FFE4E713
:10613000BB422CBFDC1BDC19A4B26C813E46B4E729
:106140006B899BB2B3EB470F4FEA4702DFDBDCE71B
:1061500038B5044600690D4618B14FF0FF310CF018
:1061600015FC22896389A18892B29BB29A4236BFFC
:10617000C3EB4100D01A801880B200B3814209D22B
:106180008A422CBF531A53189BB29942638103D899
:106190005B1A9BB29942FBD9E2882168C2F30E02D6
:1061A000284602FB031114F0B9FF0125206920B134
:1061B00000231A4619460BF0F9FF284638BD05465C
:1061C000F4E700BF2DE9F04F154683B01AB3064639
:1061D000C068894618B14FF0FF310CF0D7FBF27957
:1061E000B6F808807389B788D2091FFA88F89BB27D
:1061F00015D1984536BFC3EB4703A8EB03034344CF
:106200009BB29F422CD80025F06820B100231A468B
:1062100019460BF0CBFF284603B0BDE8F08FBD4216
:1062200050D2984536BFC3EB4702A8EB0302424465
:1062300092B279002A448A4219DB03EB070A1FFA5B
:106240008AFAAAEB05081FFA88F8434558D9A8EB43
:1062500001081FFA88F805EB080A1FFA8AFA0AE013
:10626000FB1A9AB2954228BF1546002DCCD005EBFB
:10627000080A1FFA8AFA4745444603D8E41BA4B229
:10628000BC42FBD2F3883068A7EB040B1FFA8BFBF0
:10629000C3F30E02AB4502FB04001CD302FB05F264
:1062A000494614F03BFFB288C2454FEA420302D38D
:1062B000BAEB420F03DBAAEB030A1FFA8AFAA6F82D
:1062C00008A0A1E7F188ED1BC1F30E0101FB0599C0
:1062D00098463D46C9E71BFB02FB1FFA8BFB019268
:1062E00049465A4614F01AFFEF1B019B30682744B9
:1062F00017FB03F292B209EB0B0114F00FFFD2E788
:106300004145B8DCA3E700BF10B50446C06818B12A
:106310004FF0FF310CF03AFB206918B14FF0FF311C
:106320000CF034FBE06800236381238118B11A4626
:1063300019460BF03BFF206920B100231A4619468D
:106340000BF034FF012010BD38B5C379B1EBD31F7A
:106350001FD00446C0680D4618B14FF0FF310CF055
:1063600015FB206918B14FF0FF310CF00FFBE379FA
:10637000E06865F3C713E37120B100231A4619469C
:106380000BF014FF206920B100231A4619460BF0C8
:106390000DFF012038BD00BF2DE9F0411B4D1C4F02
:1063A0002A781C4E0024804623460DE0336813EB08
:1063B000441323D0DB68404698472A780134E4B27E
:1063C000511DA142234606DBA242A3EB0203EDD8F6
:1063D00007EB4313EEE7104C38222046002114F05F
:1063E000C5FE4FF0FF33C4E90233C4E90533C4E905
:1063F000073323616360A384BDE8F081074B1B680A
:10640000DB07F9D500BEBDE8F08100BF34DF002016
:10641000543F060030DF002088DF0020F0ED00E070
:10642000704700BF704700BF0020704700207047D2
:10643000704700BF704700BF704700BF704700BF84
:10644000024B5878003818BF0120704788DF0020C1
:10645000024B1878C0F38000704700BF88DF00202F
:10646000024B1878FF3818BF01207047F4610020F4
:106470002DE9F047394F3B78FF2B82B04ED10D46C6
:10648000002961D0382200210646354814F06EFEFE
:10649000344B35494FF00008012083F800800CF0A0
:1064A00035F8324B186000283DD0314C23466268E5
:1064B00033F80C0BCDF8008061880BF0D3FDA16898
:1064C00004460CF00FFC2B4B1C6064B32A4B23B129
:1064D0002A48AFF300802A4B1860DFF8A080DFF86D
:1064E000A8A098F80020DFF89890002423460FE039
:1064F000D9F8003013EB441315D05B689BB1984773
:1065000098F800200134E4B2511DA142234614DB67
:10651000A242EDD89B1A0AEB4313EEE70125284669
:1065200002B0BDE8F087174B1B68DA0700D500BE44
:106530000025284602B0BDE8F087294630463E7067
:1065400001F0A4FB054628B90E4B1B68DB07EFD50D
:1065500000BEE4E7304601F09BFBE0E7F461002079
:1065600088DF002088E0002038DF0020C0DF002026
:1065700098610020C4DF00200000000034DF00200C
:1065800030DF0020F0ED00E0543F06002DE9F04F31
:10659000DFF8208398F80030FF2B8DB031D004460F
:1065A0004FF47A7200238002A10D14F07BFB0128C6
:1065B00038BF0120BA4DDFF80093DFF800A383460F
:1065C000661C286800F0CE80002C14BF5A460022BA
:1065D00009A90CF07FF8A0B19DF82530013B072BED
:1065E00000F2B483DFE803F0B3AAA1968E3D100455
:1065F0000A9B0BB10B98984728680CF043FB0028C6
:10660000DED10DB0BDE8F08F9DF82810A54B01F04C
:106610007F0603EB460303EBD11393F826006FF3D9
:10662000000083F8260093F826006FF3820083F8B9
:106630002600002E00F0A5809B4A1B7D1278934215
:10664000C0F09280501D9842C0F294809B1A09EBD2
:1066500043139E699DF829200B9B9DF82400B047A9
:10666000CAE7924A1378002B00F084801378013B2C
:10667000DBB21370137803F0FF00002BBCD1894EFE
:106680009DF82470337843F00103337096F8263078
:1066900060F3000386F8263096F8263060F3820314
:1066A00086F8263096F8273060F3000386F8273006
:1066B00096F8273060F3820386F8273000F05CFEFE
:1066C0009DF8283003F06002602A0BD0402A00F0C9
:1066D000F78003F01F03012B00F0AD80022B79D06F
:1066E000002B56D0724B1B68DE0700D500BE9DF80C
:1066F0002400002101F04AFD9DF82400802101F0D2
:1067000045FD79E7674B1B78D9077FF575AFFFF734
:1067100095FE71E7634B1A78D0077FF56DAF187857
:10672000C0F3C000FFF788FE66E75E4BDB78DA0750
:106730007FF562AF0A98FFF775FE5DE79DF82400CC
:10674000FFF72AFE00F00EFEFFF774FE54E79DF8F7
:106750002400FFF721FE00F005FE524B9DF8282093
:106760009A7049E7224633E7DAF8002012EB431328
:106770007FF46FAF4E4B1B68DC077FF542AF00BE66
:106780003FE70B9B9DF829209DF8240000F006FEB2
:1067900032E7202A00F0A380002AA3D19DF82930F7
:1067A000092B9FD801A252F823F000BF336A0400DE
:1067B000176A0400E5660400FB690400E56604004E
:1067C000E16904006B6A0400E5660400556A040090
:1067D000076904009DF82C1001F07F03082B81D875
:1067E00006EB430000EBD110DFF8BCE090F814C0DA
:1067F0009EF800000190C8090290019884454FEA74
:10680000430380F08181DAF8000000EB4C10019026
:10681000002A00F0578100283FF469AF019E70699B
:1068200000F0AAFD736938460AAA0121984700289A
:106830007FF4E2AE5BE79DF82C300F2B3FF657AFAD
:106840003344194A1B791678B34280F05581DAF83F
:10685000006016EB43163FF44AAF706900F08CFD00
:1068600073690AAA01213846984700287FF4C4AE0C
:106870009DF8286016F060067FF439AF9DF8293046
:106880000A3B012B3FF633AF00F076FD9DF829302F
:106890000A2B0AA9384600F0B38100F0EFFCABE602
:1068A000C4DF002088DF002034DF002088E00020E3
:1068B000F0ED00E0F4610020543F060030DF0020DE
:1068C000BE4800283FF413AF00F056FD38460AAA30
:1068D0000121FCF78FFE00287FF48EAE07E79DF8BC
:1068E0002C300F2B3FF603AF3344B54A1B79167893
:1068F000B34280F04881DAF8006016EB43163FF4AB
:10690000F6AE70698CE79DF82A2073789A4200F001
:1069100044817378002B40F092817270002A00F05D
:106920003A81501EC0B2FCF755FC002800F05B8194
:106930004378022B40F05781C2793178C2F340137B
:106940001B01C2F3801221F0300143EA42130B43D2
:10695000337043880697CDE901B4C318049300F15E
:106960000901049B8B4240F28E814B780B2B03BFB5
:106970000B7891F803B0C9184FF0010B4B78042B3A
:1069800040F02F81049B5A1A8D4B002792B21B783E
:10699000059203971CE0DAF8004014EB471400F06E
:1069A00020812369059A0698079198470828079936
:1069B00007F10103024603D90598904280F0F28066
:1069C000DFB27F4B03971B785A1D974200F3098172
:1069D000039ABB42A2EB0303DDD809EB4314E0E7C3
:1069E0000AA800F0CFFC9DF82A10384601F056F9AD
:1069F000337843F002033370FEE5BDF82A30012BF3
:106A00007FF475AE3378384643F008030AA9337033
:106A100000F034FCF0E5BDF82A30012B7FF467AEBE
:106A2000337838466FF3C3030AA9337000F026FCAD
:106A3000E2E533789E0806F00206C3F340131E43D6
:106A4000384602230DF122020AA9ADF8226000F0B7
:106A50002FFCD1E573788DF82230384601230DF1F3
:106A600022020AA900F024FCC6E5BDF82A00030AA8
:106A70005A1EC0B20E2A3FF63AAE01A151F822F0DA
:106A8000D16C0400C16C0400B16C0400EF6604001A
:106A9000EF660400936C0400C16C0400EF66040010
:106AA000EF660400EF660400EF660400EF66040082
:106AB000EF660400EF660400616C0400002A7FF4B6
:106AC00016AE01929DF8292002F0FD00012827D082
:106AD000002A7FF407AE029A33441344384693F8F1
:106AE00026600DF12202C6F3400602230AA9ADF882
:106AF000226000F0DDFB7FE5721D9A42FFF6F7ADE4
:106B00009B1B09EB4316A8E600F1050EE645D5DB15
:106B1000ACEB000009EB40100190002AD2D07DE6DA
:106B2000BDF82A000390B0B9012A71D098F800008E
:106B3000039301F02BFB039B029A3344134493F815
:106B4000262042F0020283F8262093F8262042F005
:106B5000010283F82620019B002B3FF44DAD5869BC
:106B600000F00AFC019B0AAA5B690121384698479C
:106B7000002000F001FC96F82730DB073FF53CAD24
:106B80000AA9384689E6721D9A42FFF6B0AD9B1BF2
:106B900009EB4316B5E6FFF74DFC38460AA900F0AD
:106BA0006DFB29E5BBF1010F00F0B280BBF1000FD6
:106BB00000F09D8091F802E0002307E0F535040025
:106BC00034DF0020A345077140F291800EEB0300F3
:106BD00056FA80F0013390F804C0BCF1FF0FDCB22C
:106BE000F0D0DDE901B45D4B1B68D90700D500BECC
:106BF0005A4B1B68DA0700D500BE0023737076E598
:106C000001230DF122028DF8226000F051FBF3E424
:106C100098F80000049301F0DDFA049B029A0399AE
:106C20003344134493F8262061F3410283F826206D
:106C300093F8262061F3000283F826208BE70021D9
:106C40003846029201F03CF8384601F0E1F8B3789A
:106C500001933846FFF7A0FB019B029AB3705CE6F4
:106C60003F4B002B3FF443ADFCF7C0FC024600282D
:106C70003FF43DAD538838460AA900F019FB0028BF
:106C80007FF4BAAC33E5DDE901B4069FFFF7D0FB32
:106C900083E7FFF7C9FB024600283FF428AD1378CD
:106CA00038460AA900F004FB00287FF4A5AC1EE5D5
:106CB000BDF82C10FCF794FA02460028EFD116E537
:106CC000022B3DD0FFF7B2FB02460028D2D10EE5E1
:106CD000FCF77CFA024600283FF404AD3846122344
:106CE0000AA900F0E5FA00287FF486ACFFE43B46F1
:106CF0001C480792059102F089F81B4B079A0599E9
:106D00001B781144039A05339A427FF72AAE68E74D
:106D100023691648164CA34208BF4FF0020B83426A
:106D20007FF448AF4B79012B7FF444AF8B79012B73
:106D30007FF440AFCB79002B08BF4FF0020B39E74F
:106D4000FCF748FA0246002894D1CBE4034B1B68B9
:106D5000DB077FF551AC00BE4EE400BFF0ED00E074
:106D6000ED3504009CDF002034DF0020C941040021
:106D7000713904002DE9F0434378023B85B00546A4
:106D80000E46042B0CD8DFE803F0485C037D3E0080
:106D90007E4B1A78D70715D51A7842F004021A707C
:106DA0007B4B18688EB933464FF0FF3229460BF003
:106DB000FDF9003818BF0120E8B16978287832461B
:106DC000FFF72EFB05B0BDE8F083002301AA29469A
:106DD00001930BF0D1FB019B43B16E4B4FF08052FE
:106DE0005A6040BFBFF34F8FBFF36F8F003818BF9B
:106DF00001200028E1D1684B1B68DB07E2D500BE0B
:106E000005B0BDE8F083654A13780133DBB2137037
:106E10005F4B1868002ED8D1C5E75C4B1A786FF32A
:106E200000021A701A7800216FF341021A7059702B
:106E30001A7861F382021A70554B1868002EC4D17B
:106E4000B1E7574FDFF85C813978DFF85C910024B7
:106E500023460AE0D9F8003013EB44130AD1013479
:106E6000E4B24A1DA242234615DB8C42F2D35B1AE0
:106E700008EB4313DB69002BF1D069682878984749
:106E80003978ECE7414B1A78D4079BD51A786FF321
:106E900082021A7084E73D4C237858072BD523785B
:106EA0003B4A6FF382032370297810680023052280
:106EB000CDE9013303938DF804108DF8052001A965
:106EC000002E51D06A4600930BF056FB009B43B155
:106ED000304B4FF080525A6040BFBFF34F8FBFF32B
:106EE0006F8F003818BF0120002846D12A4B1B683D
:106EF000D90700D500BEE378DA077FF563AF244AEF
:106F00006B6829781068029303220023019303938E
:106F10008DF804108DF8052001A9E6B16A460093AA
:106F20000BF02AFB009B43B11A4B4FF080525A6082
:106F300040BFBFF34F8FBFF36F8F003818BF0120E2
:106F400000283FF458AF9DF805109DF80400324624
:106F5000FFF766FA36E733464FF0FF320BF026F9BB
:106F6000003818BF0120EBE733464FF0FF320BF03B
:106F70001DF9003818BF0120B6E79DF805109DF8EF
:106F800004003246FFF74CFAB5E700BF88DF002067
:106F9000C4DF002000ED00E0F0ED00E088E000201C
:106FA00034DF0020543F060030DF00202DE9F84F89
:106FB0000A9F002A40D0DFF88C90DFF88C800C46C6
:106FC0001E4615464FF0000B18E098F8021099F88D
:106FD00000A001F0C9FE024621465046F2B100F081
:106FE00083FE00B3A378DA0916BF0B9A3B701370C7
:106FF00023780BF1010BAB451C441DD06378052BA6
:1070000020464FF000020ED1E17801F00301B142B9
:1070100009D1A37803F07F03082BD6D9084B1B684E
:10702000DA0700D500BE064B1B68DB0702D4002040
:10703000BDE8F88F00BEFAE70120BDE8F88F00BF79
:10704000F0ED00E0F461002088DF002070B51D4EF7
:1070500084B000230825CDE90201019330688DF842
:107060000550144682B9134601A94FF0FF320BF0C8
:107070009DF8003818BF0120D8B9134B1B68DB07F7
:1070800000D500BE04B070BD6A4601A900930BF0A4
:1070900073FA009B43B10D4B4FF080525A6040BFD2
:1070A000BFF34F8FBFF36F8F003818BF0120002848
:1070B000E3D09DF805109DF804002246FFF7B0F9D3
:1070C00004B070BDC4DF0020F0ED00E000ED00E092
:1070D00038B58B7803F07F03082B06D90B4B1B6860
:1070E000DB0700D500BE002038BD094A094B0C461D
:1070F000204691781D78002201F036FE0028EDD060
:1071000021462846BDE8384000F0EEBDF0ED00E035
:1071100088DF0020F4610020CB090548054A2633AA
:1071200001F07F0103EB41010844116801F0D2BD79
:1071300088DF0020C0DF0020CB090548054A263340
:1071400001F07F0103EB41010844116801F0EEBD3D
:1071500088DF0020C0DF0020154838B501F07F052A
:1071600000EB450000EBD1142034A079C00706D510
:10717000104B1B68DA0700D500BE002038BDA5798A
:107180000D4845F001050078A57100F0F5FE0028D6
:10719000F4D1A379074A60F30003A371A37960F3E4
:1071A0008203A3711368DB07E7D500BE38BD00BFBB
:1071B00088DF0020F0ED00E0F4610020054B01F0D5
:1071C0007F0203EB420303EBD11191F8260000F09C
:1071D0000100704788DF002010B50C4B18780C4672
:1071E00000F0D4FF0A4B04F07F0103EB410303EBF3
:1071F000D41191F8263043F0020381F8263091F83B
:10720000263043F0010381F8263010BDF4610020E0
:1072100088DF0020054B01F07F0203EB420303EB04
:10722000D11191F82600C0F34000704788DF00209C
:1072300010B50F4B18780C4600F034FE0D4B04F0DF
:107240007F0103EB410303EBD41191F826306FF378
:10725000410381F8263091F826306FF3000381F85E
:10726000263091F826306FF3820381F8263010BD66
:10727000F461002088DF0020704700BF0B4630B467
:107280000A4C496805461868224603C293F9002053
:1072900000239A42C4E902332846A8BF802130BCAB
:1072A000B8BF19461A46FFF757BF00BFCCE0002011
:1072B000F0B50C46284F496806462068BA603D463E
:1072C00003C50021F981E588AB4228BF2B4683B076
:1072D000BB81A5B11BB352B397F90000402B28BF67
:1072E000402300282ADB1D4A3046FFF735FF98B9B6
:1072F0001B4B1B68DB071ED500BE03B0F0BD94F925
:107300000030002BACBF8021002130462B462A469E
:10731000FFF722FF0028EBD0012003B0F0BD97F962
:107320000020002AACBF194680211A46DCE70C4B2E
:107330001B68D9070CD4002003B0F0BD11460748E4
:1073400001931A4613F0EAFE044A019B8021CBE721
:1073500000BE1046E1E700BFCCE000208CE000203A
:10736000F0ED00E0034B0022C3E90022C3E9022252
:107370001A617047CCE00020014B1861704700BFD4
:10738000CCE000200346044A59680068134603C352
:107390000023C2E902337047CCE00020F0B5404C36
:1073A0002578C909B1EBD51F83B01F4606461FD00B
:1073B0003BB13C4B1B68DA0700D500BE002003B090
:1073C000F0BD2146FFF758FF236973B122463046CE
:1073D00003219847012003B0F0BD0146304600F07C
:1073E000D5FE3046802100F0D1FE012003B0F0BD73
:1073F00094F90020002A06DBA0680028DED02A4984
:107400001A4613F08BFEE589A168E2883D44ADB2CF
:107410003944AA42E581A16015D03F2F13D9A28932
:1074200094F90000531B9BB2402B28BF4023002837
:1074300024DB954230D01C4A00213046FFF78CFEF9
:107440000028D2D114E023692BB1154A022130461D
:1074500098470028C1D094F9002000239A42ACBF7D
:107460008021194630461A46FFF776FE0028BCD127
:107470000C4B1B68DB07A1D500BEA0E7954208D0E6
:107480001A460948019313F049FE074A019B8021DF
:10749000D3E780210022D0E700210A46CDE700BFD4
:1074A000CCE00020F0ED00E08CE0002000B170475F
:1074B0000CF06EBE00B170470CF074BE0138C3B260
:1074C000042B07D856230D4A03FB00F013181B7931
:1074D000DB0706D40A4B1B68DB0700D500BE002083
:1074E0007047CB09363301F07F0103EB4101054BB7
:1074F00008441044196801F0EDBB00BFE0E0002033
:10750000F0ED00E090E200200138C3B2042B07D870
:1075100056230A4A03FB00F013181B79DB0701D43A
:1075200000207047CB09363301F07F0103EB4101A6
:10753000034B08441044196801F0F8BBE0E0002058
:1075400090E20020F0B5441EE5B2042D83B02ED8A1
:10755000562505FB04F5174E01F07F0405EB4404A6
:10756000344404EBD1143034A779FF0708D5124B0B
:10757000186810F0010001D000BE002003B0F0BD7B
:10758000A779009347F001071346A7710A46014601
:10759000705D00F0BBF90028F0D1A37960F300031F
:1075A000A371A37960F38203A37103B0F0BD00203F
:1075B00003B0F0BDE0E00020F0ED00E0F0B583B0F6
:1075C00041F0020100278DF800108DF801200446DB
:1075D000ADF80470A3B10121FBF740FE022301AA1C
:1075E00069462046FBF766FE394606462046FBF70D
:1075F00035FE184F9DF80430FB70304603B0F0BDE7
:10760000144F1D46F86D4FF0FF310BF0BFF92946BE
:107610002046FBF75BFE20460121FBF71FFE01AA77
:10762000022369462046FBF745FE294606462046CA
:10763000FBF714FE20460121FBF748FE2B46F86DB0
:107640002A4629460AF0B2FD9DF80430FB70304608
:1076500003B0F0BD94E200202DE9F041324E96F8DF
:1076600006C08C4582B0904604461D4605D00F46A4
:107670000A46E021B771FFF7A1FF2223D8F8007076
:107680008DF8063015B301212046FBF7E7FD0123F5
:107690000DF107020DF106012046FBF70BFE9DF8E8
:1076A0000730F3703946082300222046FBF702FE1C
:1076B00000212046FBF7D2FD10222B462046F02168
:1076C000F271FFF77BFF02B0BDE8F081F06D4FF083
:1076D000FF310BF05BF929462046FBF7F7FD20460A
:1076E0000121FBF7BBFD0DF107020DF1060101239E
:1076F0002046FBF7DFFD9DF80730F3702A4608238C
:1077000039462046FBF7D6FD29462046FBF7A6FD65
:1077100020460121FBF7DAFDF06D2B462A4629466B
:107720000AF044FDC8E700BF94E200202DE9F043D1
:10773000464E83B00C460746984692B10A78B17916
:10774000914203D0E021B271FFF738FFA37813F024
:10775000100F14BF802240224346E8213846FFF72D
:107760002DFF228833899A4213D0A588E288638846
:10777000AD1AADB2C3F34A139D4228BF1D4615F0A2
:10778000FF0513D12A46434638213846B570FFF726
:1077900015FF237833726278727243463846F021BF
:1077A000F271FFF70BFF03B0BDE8F0831223D4F8AA
:1077B00008908DF80630B8F1000F19D03846012135
:1077C000FBF74CFD0DF107020DF1060101233846D0
:1077D000FBF770FD9DF80730F37049462B460022F9
:1077E0003846FBF767FD00213846FBF737FDC9E750
:1077F000F06D4FF0FF310BF0C9F841463846FBF70A
:1078000065FD38460121FBF729FD0DF107020DF159
:10781000060101233846FBF74DFD9DF80730F37054
:1078200042462B4649463846FBF744FD414638461A
:10783000FBF714FD38460121FBF748FDF06D434688
:10784000424641460AF0B2FC9CE700BF94E20020A9
:1078500070B50C46497813460A0782B0054605D133
:10786000CE0648D4A26862B3A28852B38A0620D456
:10787000254E2278B179914206D0E0212846019325
:10788000B271FFF79BFE019BA278019312F0100FDB
:1078900014BF20221022E8212846FFF78FFE6278CD
:1078A000019BF2712846F02102B0BDE87040FFF75D
:1078B00085BE21462846012202B0BDE87040FFF790
:1078C00035BF114E2278B07901F0200464F07F04B6
:1078D0009042E4B206D0E02128460193B271FFF74E
:1078E0006DFE019BF47128462246F02102B0BDE8EE
:1078F0007040FFF763BE224612F8081B02B0BDE8D5
:107900007040FFF7A9BE00BF94E200202DE9F041CE
:1079100002F07F0C064651EA0C00BDF818E04FEA71
:10792000D2122DD13C4FA7F160087978B87821F0B8
:10793000300182F0010241EA421240F010017A70F7
:10794000B970BA78BB60032363F303020025A7F87C
:1079500004E0BA70FD802846FFF7A8FD98F80A40B9
:10796000D4BB0125204688F80A50FFF7A3FD224624
:10797000304639462C46FFF76BFF2046BDE8F081C4
:10798000DFF8988082F00100BCF1000F2AD00122BC
:10799000444604E00132142A04F10C0418D094F88F
:1079A0006C508D42F6D102EB420508EB850595F847
:1079B000615005F00F076745ECD1C5F340158542CE
:1079C00004F16C07BDD00132142A04F10C04E6D195
:1079D00000242046BDE8F0812846FFF76BFD2046D5
:1079E000BDE8F0810120444602E001301428EFD0C8
:1079F00094F86C508D4204F10C04F6D100EB400574
:107A000008EB8507AD0097F861703F07EDD1603551
:107A100008EB050789E700BFF4E2002094E20020AC
:107A200042DF704743DF704744DF704712DF704723
:107A3000F0B4364CBFF35B8F014604F5907301251B
:107A4000D3E84F2FC3E8405F0028F9D1BFF35B8F25
:107A500012F0FF0F3CD108292CD004EB41122C4826
:107A60002C4F01F5947301EB810C50F8236093883F
:107A7000D2889A1A93B2B6B200EB8C024FEA411C3C
:107A8000B34208B228BF334654F80C60C2F800670E
:107A900007EB8101C2F8043747F82050BFF36F8F1E
:107AA000BFF34F8F1C4B994209D0043B994206D03B
:107AB000F0BC7047164BD3F8C024D10313D5BFF3E5
:107AC0005B8F002384F82031BFF35B8FF0BC7047DD
:107AD000124B13485A68C2F30802003AF0BC18BFB0
:107AE0000122FFF7B3BA94F80B110029E7D00D4932
:107AF000D4F80001C3F8A007C3F8A4270D60BFF3B2
:107B00006F8FBFF34F8FF0BC704700BFE4E30020DE
:107B100000700240287002405070024000ED00E00A
:107B20009D7B040048700240174BBFF35B8F0146FA
:107B30000122D3E84F0FC3E84C2FBCF1000FF8D15E
:107B4000BFF35B8F10F0FF0F14D10A60BFF36F8F8C
:107B5000BFF34F8F0D4B994203D0043B994200D0A5
:107B600070470B4BBFF35B8F002283F82021BFF3DC
:107B70005B8F7047074B08485A68C2F30802003A07
:107B800018BF0122FFF762BA04E5002050700240DE
:107B9000E4E3002000ED00E0297B0400F0B4344C65
:107BA000BFF35B8FC1B204F590730125D3E84F2F6B
:107BB000C3E8405F0028F9D1BFF35B8F12F0FF0FDD
:107BC00039D1082929D02B482B4F01F5947304EBA8
:107BD000411250F823609388D28801EB810C9A1AE5
:107BE00093B2B6B200EB8C024801B3422058C2F8FF
:107BF000000728BF3346C2F8043707EB810047F877
:107C00002150BFF36F8FBFF34F8F1C4B984209D0A9
:107C1000043B984206D0F0BC7047164BD3F8C02402
:107C2000D10313D5BFF35B8F002384F82031BFF35A
:107C30005B8FF0BC7047124B12485A68C2F30802BF
:107C4000003AF0BC18BF0122FFF700BA94F80B11FC
:107C50000029E7D00C49D4F80001C3F8A007C3F805
:107C6000A4270D60BFF36F8FBFF34F8FF0BC704739
:107C7000E4E300200070024028700240507002408F
:107C800000ED00E09D7B0400487002400120704739
:107C9000014B80225A60704700E100E0074BD3F8A7
:107CA0000014D3F8002400200A434FF48001C3F8E5
:107CB0000024C3F85801C3F8041370470070024051
:107CC000074B4FF4001229B1C3F80423054B83F886
:107CD00021117047C3F80823024B83F82111704724
:107CE00000700240E4E3002030B48A788C88C878C1
:107CF000434D02F07F014B0003EBD21305EB03135E
:107D000000F00300C4F30A0401281C814FEAD214D6
:107D10002FD0DCB13B488C1C012303FA04F4C0F8DB
:107D20000443D0F8104503FA01F12143C0F81015BF
:107D3000344B42F48071C3F81825C3F80C15BFF317
:107D40006F8FBFF34F8F012030BC70472D4801F17A
:107D50000C05012303FA05F5C0F80453D0F81455B7
:107D60008B4001F594712B43C0F8143540F8214045
:107D7000DEE7082907D0244B186810F00100E3D093
:107D800000BE0020E0E7ECB9B5F818311BB11D4B7F
:107D90008022C3F81C251B4A0023C2F85031D2F8B8
:107DA000003313F4001308BFC2F85431154B4FF4DD
:107DB0004012C3F80423D3F8142542F48072C3F8A8
:107DC0001425BCE7B5F808210E4B0021C3F82C118F
:107DD00012B18022C3F81C250A4AD2F8003313F4EA
:107DE000001308BFC2F85431064B084AC3F80423F5
:107DF000D3F8102542F48072C3F810259FE700BF26
:107E0000E4E3002000700240F0ED00E000082000F4
:107E10001E4B80222DE9F041C3F88420BFF34F8F21
:107E2000BFF36F8F1A4D1B4F0D244FF00108002632
:107E30001949A000A4F10A03014408FA04F208FA5F
:107E400003F31343C7F8083328464E6001348E62AB
:107E50002022002113F08AF9142C05F12005E7D126
:107E60000E4BC7F808332022C7F81C6500217E623C
:107E70000B48BE6413F07AF9C7F81485C7F810856B
:107E8000024B80225A60BDE8F08100BF00E100E0B3
:107E900004E4002000700240D06F0240000830006F
:107EA000E4E4002001F07F03082B30B44FEAD11145
:107EB0002DD0D9B12E4A2F4801219C1C01FA04F47F
:107EC000C2F80843D2F8104501FA03F524EA050484
:107ED000C2F8104501EB430300EB03130022DA72F2
:107EE000BFF36F8FBFF34F8F30BC7047204C2148DA
:107EF000012203F10C0502FA05F5C4F80853D4F881
:107F000014559A4025EA0202C4F81425E2E71948FC
:107F100000EB01130022A3F80821154BD9B14FF44F
:107F20000062C3F80823D3F8102522F48072C3F846
:107F30001025B0F81821B0F808410D4BE2424FF07F
:107F4000000508BF4FF40012C3F81C5508BFC3F862
:107F500008230823BEE74FF48012C3F80823D3F8A0
:107F6000142522F48072C3F81425C3F85011E0E7F9
:107F700000700240E4E3002001F07F00F0B57A4D8C
:107F8000440004EBD11405EB041C85B09CF80B6095
:107F9000002E40F0A080240106F0FF072A514FEA8E
:107FA000D11EACF80430ACF8067000283CD1002B90
:107FB00051D16E4AD2F88024C2F3C01272454AD021
:107FC0006B4E72688DF80810C2F3080100394FF447
:107FD000E06218BF012101A803938DF80930ADF8C4
:107FE0000420FEF7C7FEBFF35B8F05F590720123F7
:107FF000D2E84F1FC2E8403F0028F9D1BFF35B8FA2
:10800000CCB2002C40F08E805A4A1360BFF36F8FC1
:10801000BFF34F8FBFF35B8F1C4685F82011BFF372
:108020005B8F204605B0F0BDBEF1000F16D105EB09
:1080300040150123EB72BFF36F8FBFF34F8FAB7A05
:108040002BB1EB7A03F0FF04002B40F08380012476
:10805000204605B0F0BDBEF1000F46D005EB401143
:1080600000EB8003CE8A8A8A0C8B0969921B9B00E5
:1080700092B203F1804303F51C33A24228BF22468B
:108080003D4EC3F80016C3F804263C4BBFF35B8F8C
:1080900006EB8001012200B2D3E84F4FC3E8472F1F
:1080A000002FF9D1BFF35B8FE4B2002C47D146F823
:1080B0002020BFF36F8FBFF34F8F2E4B994202D01A
:1080C000043B9942C3D1BFF35B8F002385F8203175
:1080D000BFF35B8FBBE72A4B1C6814F00104A0D0F0
:1080E00000BE0024204605B0F0BD0123234AEB72F8
:1080F000BFF35B8FD2E84F4FC2E8413F0029F9D16F
:10810000BFF35B8FE4B254BB1E4A1360BFF36F8FA3
:10811000BFF34F8FBFF35B8F85F820E11C46BFF3A1
:108120005B8F7EE7726813491748C2F30802003A72
:1081300018BF0122FEF78AFF204605B0F0BD0C4BA8
:1081400011485A68C2F30802003A18BF0122FEF72C
:108150007DFF66E785F80AE0FFF76AFC61E7044BFC
:1081600008495A68E0E700BFE4E3002000700240DD
:1081700000ED00E0507002400470024004E5002071
:10818000F0ED00E04C700240297B040011F07F000C
:1081900008B507D10D4B01225A65BFF36F8FBFF3AE
:1081A0004F8F08BD0828F8D0084B41F48072C909E8
:1081B000C3F81825F1D1064B03EB40139A7A002A35
:1081C000EBD09972FFF734FCE7E700BF0070024084
:1081D000E4E3002011F0770F12D00A4B41F48072D3
:1081E000C3F80C15C3F80C25CA09C3F8181504BF49
:1081F00001F5947143F82120BFF36F8FBFF34F8FC8
:10820000704700BF007002402DE9F04F954B964833
:10821000D3F8001300238BB01D461E46012421FA1B
:1082200003F2D2070BD550F8232042B104FA03F22F
:1082300040F823601543BFF36F8FBFF34F8F0133B7
:10824000192BECD1EF0700F13982DFF82CB22E05A3
:1082500008D5844BD3F8A83601229BB2ABF816316F
:108260008BF81C21AC0200F1E68105F4800404B314
:108270007C4AD2F8004440F201732340E705C2F87B
:10828000003400F17D82660510D5764B0122C3F8DB
:1082900008259A65D3F8002312F4001208BFC3F82A
:1082A0005421704B4FF40012C3F80423A00500F1D1
:1082B0005E8229023CD56B4BD3F880E4D3F884145A
:1082C000D3F88874D3F88C44D3F89064D3F894042A
:1082D000D3F89824D3F89C341EF07F0F5FFA86FC05
:1082E0005FFA80F8C9B2FFB2E4B2D6B2D8B25FFA90
:1082F0008EF901D105291BD0002213466CF3070328
:1083000069F3070261F30F2268F30F2367F3174243
:1083100066F3174364F31F6260F31F634FF4C06496
:10832000012107A8CDE90823ADF81C40FEF722FD86
:108330004E4B2B40002B40F00382DFF83C81494E2E
:10834000C346C14608F5907700241EE05B44DA7A04
:10835000002A00F08A82DA88A9F804200022DA7262
:10836000DB888DF820A09BB24FF4E06C012107A8B8
:1083700009938DF82120ADF81CC0FEF7FBFCBAF183
:10838000080F4BD0013409F1200904F10C0325FA40
:1083900003F3DA075FFA84FAF1D504EB840206EB03
:1083A0008202D9F80030D2F808170BEB441213FA06
:1083B00081F3C9F80030D38889B211FA83F39BB2F4
:1083C000082CD3804FEA4413C0D0B9F80800884283
:1083D000BCD1D288B9F8041092B29142B6D9BAF1A0
:1083E000000FCCD10122BFF35B8FD7E84F3FC7E826
:1083F000412F0029F9D1BFF35B8F13F0FF0F40F03D
:108400005A821B490A60BFF36F8FBFF34F8FBFF3D0
:108410005B8F8BF82031BFF35B8FB3E7154B2B409D
:10842000002B00F005810F4BD3F86C240192C3F8A8
:108430006C24BFF36F8FBFF34F8F15F4806500F08E
:108440009381D3F88024D3F8803483F08003C3F37E
:10845000C0130593C2F3C0130493DFF808900024FF
:10846000DA4613E00070024000710240FCFB1F007E
:108470004C70024000040001E4E30020002C00F0F6
:108480001881072F54D0013408F120080199E140E8
:1084900004EB840311F0010F09EB83030AEB441290
:1084A000E7B24FEA840EE9D0D3F80806D8F8106096
:1084B000C0B20644C8F81060D18A10FA81F189B2BE
:1084C000D182D18AB8F8145089B2A942B349714413
:1084D00003914FF0010C67F07F0102914FF4E06BC4
:1084E000614607A880F0D680D18AB8F81820C3F872
:1084F00000666D1AADB2954228BF1546A84AC3F86A
:108500000456BFF35B8FD2E84F3FC2E841CF00294A
:10851000F9D1BFF35B8F13F0FF0F40F019819F4B30
:108520004EF803C0BFF36F8FBFF34F8F072FAAD151
:10853000019BDF03D34601D4059B6BB19BF80B3045
:108540003BB1BBF80630BBF804209BB29A4200F264
:10855000938101238BF80A30019B9E030DD59BF874
:108560002B303BB1BBF82630BBF824209BB29A429B
:1085700000F2868101238BF82A30019B5D030DD523
:108580009BF84B303BB1BBF84630BBF844209BB264
:108590009A4200F2AE8101238BF84A30019B1C0302
:1085A0000DD59BF86B303BB1BBF86630BBF864204F
:1085B0009BB29A4200F2AD8101238BF86A30019B95
:1085C000D8020DD59BF88B303BB1BBF88630BBF899
:1085D00084209BB29A4200F2578101238BF88A30A3
:1085E000019B990200F10481019B5A020DD59BF871
:1085F000CB303BB1BBF8C630BBF8C4209BB29A422B
:1086000000F24A8101238BF8CA30019B1B020FD56F
:108610009BF8EB30002B00F02481BBF8E630BBF870
:10862000E4209BB29A4240F21C810720FFF700FA37
:108630000BB0BDE8F08F5B4BD3F81425D0050ED5F9
:1086400015F4800400F0E280D3F80024D20740F152
:10865000DD80D3F81035DB0500F1B0800DE0D3F8F4
:108660001025D10500F1A8809BF821211AB94FF4FB
:108670000012C3F8082305F4800407A8494BD3F877
:108680002035089301214FF44073ADF81C30FEF7FC
:1086900071FBECE5D38AADF81CB09BB20993029B49
:1086A0008DF820304FF000038DF82130FEF762FB8B
:1086B000E7E6049900293FF4E6AEF5E6374B394A80
:1086C000DFF8F0B0384800240126C2F81465C2F87B
:1086D0001065546094625C609C629C60DC62DC604B
:1086E0001C631C615C635C619C639C61DC63DC619A
:1086F0001C6454629464C2F85841D2F80034D2F831
:1087000000140B43C2F80034D2F80033C2F8083327
:108710002146C2F8040358464FF4927212F026FD27
:1087200040234FF48072314607A8ABF81830ABF8FD
:1087300008308DF82040ADF81C20FEF71BFB86E5C5
:108740000023BFF35B8F8BF82031BFF35B8FF4E521
:10875000164B17485A680399C2F30802003A18BF2B
:108760000122FEF773FC8CE6CDE9045575E64FF463
:10877000A063012107A8ADF81C30FEF7FBFA98E5CD
:108780000121C2F82C154FF4806307A8ADF81C3006
:10879000FEF7F0FA66057FF589AD76E504700240D4
:1087A00004E50020007002400514C00100ED00E067
:1087B000297B0400E4E3002005F480049BF81C31CD
:1087C000002B3FF45AAFBBF8163100219BB207A82B
:1087D00009934FF4E0628BF81C118823012101906A
:1087E000ADF81C20ADF82030FEF7C4FA019845E73B
:1087F0009BF8AB3033B1BBF8A630BBF8A4209BB2DA
:108800009A4245D801238BF8AA30EDE6434BBFF3DB
:108810005B8F0122D3E84F1FC3E8402F0028F9D116
:10882000BFF35B8F11F0FF0F51D13D4BD3F8C00464
:10883000C60335D49BF80B1101F0FF0600295CD06C
:108840003849DBF80061C3F8A067C3F8A4070A60E1
:10885000BFF36F8FBFF34F8FD3F81035D905ADD469
:108860000BE701238BF8EA30E2E62F4B1B68DB07AE
:108870007FF5DEAE00BEDBE60020FFF7D9F86BE641
:108880000120FFF7D5F878E60420FFF7D1F8A7E636
:108890000520FFF7CDF8A7E60620FFF7C9F8B4E6F4
:1088A000BFF35B8F8BF82011BFF35B8FD3F81035CC
:1088B000D80583D4E1E61D4B1D485A681D49C2F313
:1088C0000802003A18BF0122FEF7C0FB5AE5174B19
:1088D00019485A68C2F30802003A18BF0122082159
:1088E000FEF7B4FB0E4BD3F81035DF053FF566AF4E
:1088F000C3E60220FFF79CF850E6BFF35B8F8BF8CE
:108900002061BFF35B8FD3F81035DA053FF556AF22
:10891000B3E60320FFF78CF851E600BF04E5002022
:108920000070024048700240F0ED00E000ED00E011
:10893000297B04004C7002409D7B0400F0B50128A7
:1089400085B006D0022800F0868000283ED005B011
:10895000F0BDB04BD3F80025002AF8D00022C3F8B0
:108960000425BFF36F8FBFF34F8FAB498020C1F851
:108970008400BFF34F8FBFF36F8FD3F80013C3F89A
:108980000813C3F80025BFF36F8FBFF34F8F43F277
:10899000040103F18D53096803F5772303F2DB53D8
:1089A000994201AC00F074819C4B01221A609C4BEF
:1089B0005968C1F3080100394FF40073204618BF0D
:1089C0000121ADF80430FEF7D5F9C0E7914BD3F89B
:1089D0000025002ABBD14FF480014FF40062C3F898
:1089E0000813C3F80024BFF36F8FBFF34F8F8D4B75
:1089F0001B68082B00F0CC80864B0122C3F80025B1
:108A0000BFF36F8FBFF34F8F43F2040203F18D5317
:108A1000126803F5772303F2DB539A4200F0E280F9
:108A20004FF08043D3F80C24D3F80C34DF0300F16B
:108A3000ED8043F204027C4B12689A4200F00681FA
:108A40007A4B00221A601B6801934FF08043012289
:108A500001991A607BE76F4BD3F80435002B4AD19C
:108A60006C4AD2F800341805FBD54FF40063C2F805
:108A70000034BFF36F8FBFF34F8F6A4B1B68082B17
:108A80004BD0644B644D80240122C3F81C45C3F8CD
:108A90000423C5F88441FDF7E3FC002876D1624E3B
:108AA00043F204054FF080442B68B34211D0D4F850
:108AB0000C24D4F80C34D903F6D5D307F4D5554B90
:108AC0000122C3F80425BFF36F8FBFF34F8F05B0AA
:108AD000F0BD01A800278DF80470FEF7A7FF9DF8F0
:108AE0000430002BE3D001A80197FEF79DFF019B06
:108AF000002BD9D0E3E743F204024B4B12689A42B1
:108B000000F0B2804FF08043D3F80C24D3F80C343B
:108B1000DD03A5D5D407A3D519E7454B1B68032B67
:108B2000AFD8444B1A68002A40F0BF80424849F24F
:108B300075311960026019603A4A3D4B12681B6832
:108B4000082A9ED1032B9CD83C4AD35C93B1394B65
:108B50001A68002A40F0B180394849F2753119602D
:108B6000026019602F4A324B12681B68082A88D1AC
:108B7000032B86D83349344B40F2E370402208601F
:108B80001A60BFF36F8FBFF34F8F7AE76C6086E791
:108B9000274B1B68032B3FF62FAF284AD35CABB1A2
:108BA000244B1A68002A40F08C80254949F275321E
:108BB00003201A6008601A601A4A1D4B12681B686D
:108BC000082A7FF419AF032B3FF616AF194B1A682A
:108BD000002A6ED1184949F27532C0201A60086027
:108BE0001A6009E701A800248DF80440FEF71EFF73
:108BF0009DF80430002B3FF413AF01A80194FEF759
:108C000013FF019B002B7FF4A2AE12E7D6073FF5BE
:108C10009EAE0EE70070024000E100E0040000405C
:108C200000ED00E030010010DBE5B1510001004033
:108C30003401001000EC064014EC0640144006001D
:108C400014ED06400078024004780240002301A899
:108C50008DF80430FEF7EAFE9DF80430002B3FF457
:108C6000EFAEFEF7DDFE72E601A800248DF80440A9
:108C7000FEF7DCFE9DF80430002B3FF443AF01A863
:108C80000194FEF7D1FE019B002B7FF460AEE7E676
:108C900020468DF80420FEF7C9FE9DF80430002B15
:108CA0003FF482AEFEF7BEFE81E6084B00221A605A
:108CB00042E7064BC0221A609EE6054B00221A606E
:108CC00050E7034B03221A6076E700BF14EC06401E
:108CD00014ED0640F8B5037813F001041AD10378B7
:108CE0005A070546C3F3800701D52046F8BD0E4656
:108CF00030464FF0FF3109F049FE2B7813F00104A4
:108D00000BD12B785B0709D42B7843F004032B702D
:108D1000012403E000242046F8BD3C4600233046F1
:108D20001A46194609F042FA2046F8BD70B50446C5
:108D30000D4608464FF0FF3109F028FE2378C3F3B3
:108D400080065B0708D5237813F0010205BF23785E
:108D500062F3820300262370002328461A46194630
:108D600009F024FA304670BD30B4C478858804F028
:108D70000303022BC5F30A0507D0032B28D0012BD0
:108D800014D00023184630BC7047022929D012B1F4
:108D9000B5F5007F2FD0A5F108039BB2182B24D97D
:108DA000402D0BD10123184630BC7047022940F2F8
:108DB000FF3208BF4FF48062AA42E3D2114B1B6816
:108DC00013F00103DED000BE0023184630BC70470C
:108DD00002290CBF4FF480634023AB42EED3012342
:108DE000E1E7B5F5007FDDD0E8E7074A22FA03F3B3
:108DF000DB07D7D4E2E70024402113464471017118
:108E0000C0E700BFF0ED00E0010100010A4491421B
:108E100016D230B44C78052C05D00C7821448A4207
:108E2000F8D830BC70478C7804F07F0500EB45051E
:108E3000E4092B550C7821448A42EBD830BC7047AA
:108E4000704700BF2DE9F04182B00578089FBDF85A
:108E50002460BDF82C8061F300050446394600F813
:108E6000085B0093154601233246FDF79FF807B1D2
:108E70003EB90A9B63600120A4F8028002B0BDE8FD
:108E8000F08104F11C01012009F040FB0DB1054601
:108E90000020C4E90550ECE710B50446406908B16C
:108EA00009F0FCFEA06908B109F0F8FE012010BD30
:108EB000F0B50B46074613F8080B83B010F0020F0D
:108EC000184640F2FF1314BF1E463F260C461546B7
:108ED000FDF7A4F8D8B9D5B1354218D12378617817
:108EE000DA07384616D5FEF7E9FA80B1237813F091
:108EF000010312D0002361780193384600931A468B
:108F0000FEF720FB20B9094B1B68DB070BD40020C0
:108F100003B0F0BDFEF700F9E7E7617838461A467E
:108F2000FEF71AF9EEE700BEF2E700BFF0ED00E051
:108F3000F0B501F1080583B0064628460C46FDF75A
:108F40006DF808B323786178DF0730461FD5FEF748
:108F5000B5FAC8B1284662886168FDF78BF8054606
:108F600018B32378DA0715D50023CDE9003330464E
:108F7000626861782B46FEF7E5FA98B9124B1B68D8
:108F8000DB0701D500BE00E0002003B0F0BDFEF716
:108F9000C3F8DEE76268617830462B46FEF7DCF8FE
:108FA0000028EBD0284603B0F0BD2078617810F09F
:108FB0000107304603D0FEF7A7FA2846F3E7FEF78D
:108FC000BBF83846E1E700BFF0ED00E02DE9F043E3
:108FD0008B8983B00C460646DBB90B784978DD07F0
:108FE00063D5FEF76BFA00285BD02278638861783E
:108FF000D2075DD5002B64D062680025CDE900550D
:109000003046FEF79FFA00283BD0608803B0BDE8E9
:10901000F0830F46354D17F8083B03F00203002B91
:1090200038460ABF6FF03F054FF400794FF0400912
:10903000FDF70EF8814534D823786178DB07304698
:109040003CD5FEF73BFA60B33846FDF701F88145A1
:109050001FD805EA00086088227861781FFA88F333
:10906000984228BF1846D20705462ED5002838D189
:1090700002460023CDE9003330462B46FEF762FA64
:1090800068BB1B4B1B68DB070BD500BE03B0BDE8FC
:10909000F0832378617813F0010530461DD0FEF788
:1090A00033FA002003B0BDE8F083FEF735F89AE705
:1090B0004BB162683046FEF74FF8A4E7FEF72CF894
:1090C000C1E71A4699E71A46F4E760B90246304606
:1090D0002B46FEF741F810B9D3E7FEF72DF82846E6
:1090E000E0E76268C5E76268F1E700BF00FEFFFFE6
:1090F000F0ED00E0704700BF10B504460BF00EFB2A
:10910000204610BD38B50A4B04460D46442240F8AF
:109110000C3B002112F02AF80023A560237104F112
:109120005401012009F0F2F92065204638BD00BF46
:109130002040060070B504460E46006D4FF0FF312A
:1091400009F024FC257955B98EB1A660314604F1A9
:109150000C0005F0CBFBB0FA80F56D0925710023FA
:10916000206D1A46194609F021F8284670BDA668F8
:10917000002EF4D0EAE700BF70B505464FF0FF318E
:10918000006D09F003FC2B7993B1002305F10C0667
:109190002B71304605F0BEFC044680B10023286DDB
:1091A0001A46194609F002F8B4FA84F0400970BD75
:1091B000A96805F10C0004F039FF0446EEE7A96840
:1091C000304604F033FF04460028E7D1A968304652
:1091D00005F08CFB04460028E0D101232B71DDE76C
:1091E00030B5044695B00D46006D4FF0FF3109F0E3
:1091F000CDFB294601AA04F10C0004F0EBFC00238E
:1092000002461946206D14461A4608F0CFFFB4FAFC
:1092100084F0400915B030BD2DE9F04F83B00B78D4
:1092200000AF2F2B78600CBF4C1C0C4606460D4639
:10923000006D4FF0FF3109F0A9FB06F10C084FF06B
:10924000000917E0ADEB030D68468B4500F8019B64
:10925000EA4601DD11F08AFF29465A46504611F0D0
:109260005DFF5146404603F01BFD08B1113028D187
:109270000134B54620462F2112F0ADFEA0EB050BC0
:109280000BF108036E460021044623F007035A46FB
:109290000028D7D12946404603F002FD60B90124D9
:1092A0007A680023106D19461A4608F07FFF2046A1
:1092B0000C37BD46BDE8F08F113014BF00240124E7
:1092C000EEE70024B546EBE738B504460D46006DE1
:1092D0004FF0FF3109F05AFB294604F10C0004F06D
:1092E000D1FC002302461946206D14461A4608F0A8
:1092F0005DFFB4FA84F0400938BD00BF036970B562
:1093000004460D46186D4FF0FF31164609F03EFB3E
:10931000237D4BB1002522690023106D19461A46A2
:1093200008F044FF284670BD2069A1692A463346EB
:109330000C3004F003F820EAE075ECE770B503693F
:10934000044682B0186D4FF0FF3109F01FFB267DF7
:109350004EBB2069A1690C3004F02EFC0546206943
:10936000A1698DF8076001230DF107020C3004F0AC
:109370006FFB00282069A169C8BF9DF807602A46D5
:1093800000F10C004FF00003D8BF4FF0FF3604F09F
:10939000E3FB22690023106D19461A4608F006FF08
:1093A000304602B070BD4FF0FF36F2E738B50369C2
:1093B00004464FF0FF31186D09F0E8FA237D4BB1F8
:1093C000002522690023106D19461A4608F0EEFEAA
:1093D000284638BD2069A1690C3004F0EFFB054632
:1093E0002069A1690C3004F0E7FB2D1AE9E700BF02
:1093F000036910B504464FF0FF31186D09F0C6FA45
:10940000237D43B122690023106DBDE810401A4648
:10941000194608F0CBBE2069A1690C3004F0F4F9BC
:10942000F0E700BF30B50369044683B0186D4FF014
:10943000FF3109F0ABFA257D55B122690023106D8B
:1094400019461A4608F0B2FE4FF0FF3003B030BDA7
:109450002069A1690DF1070201230C3004F0F8FA2C
:1094600023692A4604462946186D2B4608F09EFEBD
:10947000002CCCBF9DF807004FF0FF3003B030BD8B
:1094800030B50368164A5B6883B093428DF80710C5
:109490001ED1036904464FF0FF31186D09F076FACA
:1094A000237D53B1002522690023106D19461A4609
:1094B00008F07CFE284603B030BD2069A1690C305D
:1094C00001230DF1070203F039FF20EAE075EAE716
:1094D00001220DF1070198470546284603B030BD2B
:1094E000FD92040030B4084C016100224FF47A75FB
:1094F000C0E900428560C0E9062230BC027580F8F0
:10950000202080F86020704734400600F0B5836961
:1095100097B004460E46174693B1057D006919467B
:109520000C30002D45D003F0BBFDA06908F042FDD2
:10953000E0690023A36108B108F03CFD0023E3616A
:10954000206903AA0C30314604F044FB054658BBA1
:109550009DF80C30112B33D02C2008F011FD014662
:10956000A06118B3206932460C3003F071FD002869
:1095700047D101232375304612F05DFD013008F01C
:10958000FFFC3146E06112F03DFD2F21304612F024
:1095900092FD203400B1461C31462046402212F094
:1095A00077FD012017B0F0BD02350FD0002017B0B5
:1095B000F0BD04F0ABF9A06908F0FCFCA561BFE7C1
:1095C00037B3012FE1D140F2031322E0012FEDD197
:1095D000382008F0D5FC0146A0610028E6D02069BB
:1095E00040F203130C30324603F0F6FD054620BB73
:1095F0002069A1690C3002232A4604F0ADFA2575D2
:10960000C3E7A06908F0D6FC2846A56117B0F0BDF5
:1096100001233820019308F0B3FC019BA0610146AF
:109620000028C3D0206932460C3003F0D5FD20B9A4
:10963000012F08D000232375A7E7A06908F0BAFC22
:109640000020A061B3E72369A169024603F10C0081
:10965000022304F081FAEDE730B5036983B00446D4
:109660000D46186D01924FF0FF3109F08FF9019A04
:1096700029462046FFF74AFF216900230246144687
:10968000086D1A46194608F091FD204603B030BD1A
:1096900070B504460025C4E906551148236182B01F
:1096A000206084F8205084F860504FF47A700E46A1
:1096B000A0604FF0FF31186D65602575019209F0CB
:1096C00065F9019A31462046FFF720FF22692B46B3
:1096D000106D29462A4608F069FD204602B070BD8B
:1096E00034400600036970B504460D46186D4FF00E
:1096F000FF31164609F04AF9237D4BB10025226956
:109700000023106D19461A4608F050FD284670BD1A
:109710002069A1692A4633460C3004F099F90546C0
:10972000EDE700BF38B5036904460D46186D4FF0EC
:10973000FF3109F02BF9237D4BB10025226900236D
:10974000106D19461A4608F031FD284638BD2069CB
:10975000A1692A460C3004F0FFF9C543ED0FEDE78F
:1097600038B5036904464FF0FF31186D09F00EF962
:10977000237D4BB1002522690023106D19461A463E
:1097800008F014FD284638BD2069A1690C3004F0AA
:1097900013FA0546EFE700BF38B5036904464FF0FA
:1097A000FF31186D09F0F2F8237D4BB100252269D5
:1097B0000023106D19461A4608F0F8FC284638BDFB
:1097C0002069A1690C3004F0F9F90546EFE700BF04
:1097D000036970B504464FF0FF31186D09F0D6F8F3
:1097E000A16981B12069257D0C30ADB103F058FC31
:1097F000A06908F0DFFBE0690023A36108B108F06D
:10980000D9FB0023E36122690023106DBDE870409D
:109810001A46194608F0CABC04F078F8A06908F0A6
:10982000C9FBA561EFE700BF8069003818BF0120C0
:10983000704700BF2DE9F04F95B00B6905460C4607
:10984000186D4FF0FF3100AF904609F09FF80023EC
:1098500020692B7585F8203085F86030227D2B49F2
:1098600028614FF47A70C5E90013C5E90633A86092
:10987000DAB342F62E662069A1690C303A1D03F076
:1098800023FC012831D1BB892E2BF4D0B34238D030
:10989000D4F81C90484612F0CEFB064607F10C00A7
:1098A00012F0C9FB3318093323F00703EA46ADEB86
:1098B000030D6846721C494611F030FC99F80030DF
:1098C0002F2BEB4602D199F801301BB1104B1B88AE
:1098D0002BF8063007F10C01584612F06DFB42469A
:1098E00059462846FFF712FED54622690023106D1F
:1098F00019461A4608F05AFC28465437BD46BDE8BA
:10990000F08FBB7B002BB6D0C2E700BF344006000F
:10991000284006002DE9F04F85B0DDE90E4B109F81
:1099200081460D4690461E46002F63D0B8F1000FC9
:1099300003D0D8F80030B34249D0D9F800002B68E2
:109940009E422BD04369B4FBF3F203FB1242BAB937
:10995000BB4215D8B7FBF3F203FB127AA7EB0A035D
:1099600000930393436822461F4631465B46B8473F
:1099700088B9039B57469B441C44002FD6D139E03D
:109980000093A21AC5E90062D0F804A0AB68314682
:10999000D0470028CAD005B0BDE8F08F6968436998
:1099A000A142D0D8CA18A242CDD9A2EB040ABA4526
:1099B000AB6828BFBA46611A524658461944BF1AC6
:1099C000544411F0ABFBD344002FAFD112E0D8F8D0
:1099D0000430A342B1D8D9F8000082691A44A242E7
:1099E000ADD9A2EB040ABA45D8F8081028BFBA4688
:1099F000E31AE1E7002005B0BDE8F08F2DE9F04F54
:109A0000074687B00D4672B30368D1F800B09046A0
:109A10009A69D1E901104AB3013A01F101098618A6
:109A2000A9EB0009441E4FF0010A08E014F8012FC9
:109A30009DF817309A4223D1A6423B6814D01A6A87
:109A4000934509EB040320D20DF11702CDE9003252
:109A5000CDF808A05B46002241463846FFF75AFF82
:109A60000028E3D009DB3B68A8689A69FF2111F060
:109A70007DFB4FF0FF332B60002007B0BDE8F08F77
:109A80006FF0330007B0BDE8F08F034B034A044882
:109A9000122111F09DFA00BF504006007C420600E2
:109AA000704006002DE9F04F87B0DDF840A0059228
:109AB000002B64D0D0F800908B46D9F81C105C1EA7
:109AC000A1F108084445074651D3B4FBF8F001382A
:109AD00011F000F9D04500F10200A4EB8003B3FBC4
:109AE000F8F560D8BAFBF8F0013811F0F3F8861CED
:109AF000AAEB8606B6FBF8F6304611F0EBF8AAEBB7
:109B0000800006FB180AB54243D9D9F82020059BEE
:109B10004FF004090DF114080BE0012B45D93A6808
:109B2000126A934241D8012101FA04F42D1BB54277
:109B300030D9AC1BB4FA84F495FAA5F1C4F11F0432
:109B4000B1FA81F18C4228BF0C4693424FEA84015E
:109B500032D20091CDE90189002259463846FFF7FB
:109B6000D9FE059B0028D8D007B0BDE8F08FD045BE
:109B700088BF1346BAFBF8F00CD80025B4E711995A
:109B80004FF0FF320A60129A1846136007B0BDE822
:109B9000F08F059B119A1360129B0020C3F800A060
:109BA00007B0BDE8F08F0026ADE7064B064A074830
:109BB0004FF48F6111F00CFA054B064A034812214D
:109BC00011F006FAF04006009C42060070400600C4
:109BD000504006007C4206002DE9F04F89B0074650
:109BE000149C129D8B4692461E46002C55D0DBF8E5
:109BF0000030B3425CD0013340F0A1803868826904
:109C0000B5FBF2F302FB1353002B4AD1A24248D812
:109C1000B4FBF2F302FB13430593E31A009304939E
:109C20008468139B2A463146A04700287ED1BAF1AA
:109C3000000F29D0049B3BB3139B5C1E049B04EBD9
:109C40000309139B05F10108A8EB030807E014F8CA
:109C5000012F9DF81F309A4266D14C4514D03B68C5
:109C60001A6A964208EB040363D2012202920DF1B4
:109C70001F02CDE900325146334600223846FFF735
:109C800049FE0028E3D051DB139A049B059C114642
:109C9000194413911D44002CA9D1002009B0BDE83E
:109CA000F08FEB1ACBE90063DBF80030B342A2D1AE
:109CB000DBF80410A9429ED83A6892690A44AA4285
:109CC00099D9A2EB0508A045DBF8080028BFA046FB
:109CD000691A08444246139911F020FA386813991A
:109CE000826945444144B5FBF2F302FB1353A4EBF4
:109CF00008041391002B7FF478AFDBF800104B1CA5
:109D00003FF473AF0092DBE90123D0F80880C0472D
:109D100060B9524659463846FFF770FE00283FF4B6
:109D200064AF09B0BDE8F08F6FF0330009B0BDE853
:109D3000F08F064B064A0748122111F049F9064BED
:109D4000064A0448B72111F043F900BF504006000D
:109D50007C420600704006001C4106008C42060052
:109D60002DE9F04F0446D2E9003091B04FF0010BDD
:109D70000A9300230B90069104F114080DF12809B1
:109D80000593236859F8045B1B6A9D427BD210231C
:109D90000DF1300A0022CDE901A300922B46414685
:109DA0002046FFF7B7FD002839D1059B002B60D175
:109DB0000D9B23F00043132B4FD92268D2699342A5
:109DC0004BD84FF0FF3309A810225146099304F0F5
:109DD000BFFE0D9B23F00043102B28D0CDF81C9024
:109DE00010260DF12307994607E001360122394676
:109DF00009A804F0ADFEB14517D023681B6A9D4247
:109E000041D20123CDE9017300962B460022414641
:109E10002046FFF77FFD0028E7D0DDF81C9010F109
:109E2000340F1AD011B0BDE8F08FDDF81C90099BFB
:109E30009BB99AE80F000BF0010610AF07EB860CF8
:109E4000069F1026FE603E467D601C365CF8185C5E
:109E5000BD6086E80F0001230593BBF1020F0FD10F
:109E6000059B002B14BF00206FF0330011B0BDE83C
:109E7000F08F069A0C9BD2699B1A002B98DAECE7BC
:109E80004FF0020B7DE7034B034A0448122111F007
:109E90009FF800BF504006007C420600704006005C
:109EA0004368013337D02DE9F0438368013383B031
:109EB000044628D015460E464FF000084FF0010921
:109EC0006A462946CDE90089FFF74AFFE0B905F166
:109ED00024086B6A591C16D0AF6A7A1C13D0D6F8C6
:109EE00000C09C4513D0D6F804E0BE450FD07345A2
:109EF0004246294620460AD0BC4508D0FFF730FF2D
:109F00000028E6D000E0002003B0BDE8F083012087
:109F100003B0BDE8F0830020704700BF2DE9F04199
:109F2000D1F820C00C46C9682CF00043043B01F175
:109F30000C069E4284B0054617461FD904F124083A
:109F4000102612E0424621462846FFF709FF90B945
:109F5000D4F820C0A169E6602CF00043043B143122
:109F60001B2BA1614FF0100108D8BCF1000FE9DBF9
:109F700039606FF0010004B0BDE8F0812A466368E3
:109F800052F8140B066AB34207F104001AD20C26E9
:109F9000CDE900100296114628460022FFF7BAFCD0
:109FA0000028E8D17B79BA79FD79A169043313449B
:109FB000E2683A602B441A440B44E260A36104B0A7
:109FC000BDE8F081024B034A0348122111F000F86A
:109FD000504006007C42060070400600F0B593B089
:109FE00000260D46012707A96A46CDE90067044609
:109FF000FFF7B6FE064610B121E0831C22D1109B6C
:10A0000001331CD0119B013319D010AA07A9204697
:10A01000FFF7A6FEB0B903AA07A92046FFF77EFF07
:10A020000028EAD19DF91030002B4FF00802294694
:10A0300005A8F0DB11F064F80028ECD101263046C9
:10A0400013B0F0BD0646304613B0F0BD2DE9F04721
:10A05000164600240122C6E90942824688461D466A
:10A0600006F124094A4631465046FFF779FE074675
:10A0700068B92A4631465046FFF750FF50B1831C5D
:10A080001FD1736A013302D0B36A0133EAD1384673
:10A09000BDE8F0872C7904F07004202CE9D1AB687E
:10A0A000D8F80020934208D0E868D8F80410884215
:10A0B00003D08B4201D08242DBD101273846BDE874
:10A0C000F0870746E3E700BF2DE9F04F2DED028B47
:10A0D0008DB090461C46099340F622032268C8F8CA
:10A0E00004300892D0E90123724EC8F80820824655
:10A0F0008946C8F80C3000F1140B089D31462846FB
:10A1000011F0EDFF2B4603440446314618460593F3
:10A1100011F080FF0128049000F0B080022804D1E3
:10A12000059B1B782E2B00F0B280DDE9042313443D
:10A1300008931F4601243146384611F0D0FF0744EA
:10A140003846314611F066FF78B1022802D001345A
:10A150000744F0E73B782E2BF9D17B782E2BF6D1F4
:10A16000013CF5D1BB1C0893C7E7059C207800286B
:10A170005FD0099B1C6098F80430222B40F08D8042
:10A1800008F108031A464946504608EE103AFFF710
:10A19000E7FD00284DD1049B013B23440793424631
:10A1A00049465046FFF7BAFE002842D198F80420ED
:10A1B00002F07F03112B01D0222BF0D198F8073049
:10A1C00004998B42EBD1D8F8003098F8051098F834
:10A1D0000650D9F8047004330B441D44049BA3B308
:10A1E000059BCDF818800135DDF81C80ED1A5C1E4A
:10A1F00007E014F8012F9DF82F309A421ED14445F4
:10A200001FD0DAF800301A6A974205EB040347D2F0
:10A21000012202920DF12F02CDE9003259463B4650
:10A2200000225046FFF776FB0028E2D0DDF81880C8
:10A2300009DA0DB0BDEC028BBDE8F08FDDF81880B7
:10A24000ADE7DDF8188098F8042013067FF555AFC8
:10A25000DAF8043001330CD0DAF80830013308D0D2
:10A2600018EE101A5046FFF7B9FE00281ED198F8D4
:10A27000042002F07F0288F804203EE72B5D2E2B9D
:10A280007FF453AFDDE904231344089335E7059BBE
:10A290005B782E2B7FF449AFF4E76FF01300C8E72B
:10A2A000054B064A0648122110F092FEC1DB6FF002
:10A2B0000100BEE728400600504006007C42060030
:10A2C000704006002DE9F04F8B469DB00BF1040362
:10A2D00004930BF10C03CDE9053B016B04464FF0F1
:10A2E00001080025D4E90D3010E05A09E66B013869
:10A2F0005F1CA063676356F822C003F01F0208FAD0
:10A3000002F212EA0C0F00F027813B469942ECD191
:10A31000002800F0F2812268E36AD2E90862194459
:10A32000904228BF1046B1FBF6F306FB13112063E1
:10A33000E162E06B6563D208002110F017FF6368EB
:10A34000013300F05781A368013300F053810022EC
:10A3500001230025CDE9082304F1140701222E462C
:10A36000D4F800C0E16ADCF82030206B591A0E44A2
:10A37000B6FBF3F503FB1565854210D26909E26B64
:10A3800005F01F0552F8213008FA05F51D4342F883
:10A390002150DCF82030E16A099A206B591A0A44EE
:10A3A000B2FBF3F103FB112383420AD25809E16B9C
:10A3B00003F01F0351F8202008FA03F3134341F878
:10A3C000203008AA11A92046FFF7CAFC002840F057
:10A3D0000E810C25149A24E02068129B006A8342A7
:10A3E00080F01A820EA9CDE900210295002239469B
:10A3F0002046FFF78FFA002840F0F9809DF83920B9
:10A400009DF83A309DF83B60149904321A449DF847
:10A410003830324403F070030A44102B149200F0D9
:10A42000EB80199B23F00043043B02F10C0098429F
:10A43000D2D9DDE91A62701CCDE9086201D0511C45
:10A440008ED1D4F80C904D46B9F1000F00F0DE81AA
:10A45000EB69DA0340F156816F69002F00F05281F9
:10A46000D4F800A0DAF81C60013F083EB742C0F003
:10A47000CF81B7FBF6F0013810F02CFC0230A7EBCF
:10A480008002B2FBF6F6D4F830E0E16A2B6907955A
:10A4900005F12C000546DAF82020704604F1140975
:10A4A0008E4601469818A0EB0E0EBEFBF2F002FBA2
:10A4B00010E28A420AD25709E06B02F01F0250F8FC
:10A4C000271008FA02F20A4340F82720002E00F075
:10A4D0001781DAF8202006F00107C7F1020A93423B
:10A4E0004FEA8A0080F098810BA90022CDE9011083
:10A4F000009249462A462046FFF70CFA002876D1FA
:10A500000AF1FF3CD4F800A013E0BBFBF2F302FB1E
:10A5100013B38B424FF0010014D24FEA531EE16B8C
:10A5200003F01F0351F82E2000FA03F3134341F800
:10A530002E30D4F82CE0DAF820200B9B216BA2EB14
:10A540000E0B9B446045E0DB1CAB03EB8C0C023F25
:10A550005CF8443C3E44A5E72068E26A016A134483
:10A56000B3FBF1F201FB1233049A42F8043BD4E945
:10A570000C139942049207D10FE0A26B0133013A08
:10A580008B42C4E90D3208D05D0903F01F0256F872
:10A59000255008FA02F22A42EFD1DDE90432934253
:10A5A0007FF49FAEDDF818B0006ADBF80430834218
:10A5B0000BF11C0204F1140180F02E81042501929C
:10A5C0000022204602950092FFF7A4F9002840F0EF
:10A5D0008B80DBF81C304FF0FF32CBE909221420CE
:10A5E00001331021CBE90730CBF80C1000201DB04F
:10A5F000BDE8F08F216B75E6109B002B3FF411AF87
:10A60000D4F800A0DAF81C6003F1FF3BA6F10809BA
:10A61000CB4570D3BBFBF9F0013810F05BFB861C17
:10A62000ABEB8606B6FBF9F60F9BE16ADAF8202061
:10A63000D4F830E09818401AB0FBF2F102FB110296
:10A6400072450BD24FEA521CE16B02F01F0251F827
:10A650002C0008FA02F2024341F82C20002E3FF4AD
:10A66000B9AEDAF8202006F00109C9F1020A9342D6
:10A670004FEA8A0080F0D0800BA90022CDE90110BA
:10A68000009239462046FFF745F90028AFD10AF17C
:10A69000FF3CD4F800A013E0BBFBF2F302FB13B3C2
:10A6A00073454FF0010014D24FEA531EE16B03F0E3
:10A6B0001F0351F82E2000FA03F3134341F82E3004
:10A6C000E16ADAF820200B9BD4F830E0A2EB010B12
:10A6D0009B446045E0DB1CAB03EB8C0CA9F1020949
:10A6E0005CF8443C4E44A5E710F1340F3FF471AFE1
:10A6F0001DB0BDE8F08F064696E76FF01B0076E7C9
:10A70000079DEB699B037DD52F6A002F7AD0D4F883
:10A7100000A0DAF81C60013F083EB7427AD3B7FBCD
:10A72000F6F0013810F0D6FA0230A7EB8003B3FB45
:10A73000F6F6D4F830E0E16A6B6A079505F12C0073
:10A740000546DAF82020704604F114098E460146C9
:10A750009818A0EB0E0EBEFBF2F002FB10E28A424C
:10A760000AD25709E06B02F01F0250F8271008FACE
:10A7700002F20A4340F82720002E42D0DAF82020C7
:10A7800006F00107C7F1020A93424FEA8A0043D25A
:10A790000BA90022CDE90110009249462A46204625
:10A7A000FFF7B8F800287FF422AF0AF1FF3CD4F895
:10A7B00000A013E0BBFBF2F302FB13B38B424FF09C
:10A7C000010014D24FEA531EE16B03F01F0351F84E
:10A7D0002E2000FA03F3134341F82E30D4F82CE076
:10A7E000DAF820200B9B216BA2EB0E0B9B446045FB
:10A7F000E0DB1CAB03EB8C0C023F5CF8443C3E44BA
:10A80000A6E7079D2D68002D7FF422AE216B68E539
:10A81000002638E600268CE7024B034A0348122143
:10A8200010F0D6FB504006007C4206007040060047
:10A830002DE9F04F2DED028B9BB0012504460491CC
:10A84000A9464FF00008D4E90D31D4F830C00FE02C
:10A850005A09E76B0139581CA163606357F82260FD
:10A8600003F01F0205FA02F2324200F02A81034689
:10A870009C45EDD1002900F052822368E66AD3E9B5
:10A880000802B444914228BF1146BCFBF0F300FB20
:10A8900013C32163E362E06BC4F83480D208002163
:10A8A00010F064FC63680133CDD0A3680133CAD0D3
:10A8B00000220123CDE906230122002004F1140720
:10A8C00096462268E36A116A266BCB1A03EB000CEA
:10A8D000BCFBF1F001FB10C0864210D94609E16BC8
:10A8E00000F01F0051F8263005FA00F0184341F837
:10A8F0002600D4E90B36116ADDF81CE0CB1A73444C
:10A90000B3FBF1F201FB1233B3420AD25809E16BF7
:10A9100003F01F0351F8202005FA03F3134341F815
:10A92000203006AA0FA92046FFF71AFA002840F0A7
:10A93000E9804FF00C08129A0CAE23E02168109BBE
:10A94000096A8B4280F0F5810092CDE9016800220E
:10A9500039462046FEF7DEFF002840F0D3809DF800
:10A9600031209DF832109DF833C0129B04320A4406
:10A970009DF8301062441A4401F07003102B1292BB
:10A9800000F0C580179B23F00043043B02F10C014B
:10A990009942D3D9DDE9180E411CCDE9060E02D04B
:10A9A000BEF1FF3F8DD1D4F80C804646B8F1000FC0
:10A9B0003FF447AFF369DA0340F128817769002F4C
:10A9C00000F02481D4F800A0DAF81C30013FA3F194
:10A9D00008084745C0F0A881B7FBF8F0013810F02F
:10A9E00079F90230A7EB8007B7FBF8F704F1140000
:10A9F000E16AD4F830C0DAF820203369059683463E
:10AA000006F12C0008EE100A0E4661469818A0EBDD
:10AA1000060EBEFBF2F002FB10E28A420BD2E06BA4
:10AA20004FEA521C02F01F0150F82C2005FA01F1E8
:10AA30000A4340F82C20002F00F0E680DAF82020AE
:10AA400007F00108C8F1020A93424FEA8A0080F039
:10AA5000708109A90022CDE901100092594618EE33
:10AA6000102A2046FEF756FF00284BD10AF1FF3C82
:10AA7000D4F800A012E0BEFBF2F302FB13E38B421A
:10AA80004FF0010012D25E09E16B03F01F0351F891
:10AA9000262009FA03F3134341F82630E66ADAF870
:10AAA0002020099B216BA2EB060E9E446045E2DB51
:10AAB0001AAB03EB8C0CA8F102085CF8443C474449
:10AAC000A4E72168E26A096A1344B3FBF1F201FBCF
:10AAD0001233049A1360D4E90C03834211D0012588
:10AAE00006E0A26B0133013A8342C4E90D3208D07B
:10AAF000590903F01F0257F8211005FA02F20A4221
:10AB0000EFD100201BB0BDEC028BBDE8F08F0E9E94
:10AB1000002E3FF411AFD4F800A0DAF81C20013E5B
:10AB2000A2F1080B5E450AD3B6FBFBF0013810F02A
:10AB3000D1F80230A6EB8003B3FBFBF31846E16AC1
:10AB4000D4F830C00D9BDAF8202008EE107A8E463B
:10AB5000074661469818A0EB0E0EBEFBF2F002FB12
:10AB600010E28A420AD25609E06B02F01F0250F846
:10AB7000261005FA02F20A4340F82620002F00F0C2
:10AB8000D580DAF8202007F00106C6F1020A9342C8
:10AB90004FEA8A0080F0CD8009A90022CDE901109A
:10ABA000009218EE101A2046FEF7B4FE0028A9D134
:10ABB0000AF1FF3CD4F800A013E0BBFBF2F302FB68
:10ABC00013B38B424FF0010014D24FEA531EE16BD6
:10ABD00003F01F0351F82E2009FA03F3134341F841
:10ABE0002E30D4F82CE0DAF82020099B216BA2EB60
:10ABF0000E0B9B446045E0DB1AAB03EB8C0C023E72
:10AC00005CF8443C3744A5E7059EF3699B0340F19B
:10AC10008180376A002F7DD0D4F800A0DAF81C209C
:10AC2000013FA2F1080847457CD3B7FBF8F0013893
:10AC300010F050F80230A7EB8007B7FBF8F704F1EB
:10AC40001400E16AD4F830C0DAF82020736A05965F
:10AC5000834606F12C0008EE100A0E46614698184D
:10AC6000A0EB060EBEFBF2F002FB10E28A420BD212
:10AC7000E06B4FEA521C02F01F0150F82C2005FA3D
:10AC800001F10A4340F82C20002F42D0DAF82020AE
:10AC900007F00108C8F1020A93424FEA8A0048D23D
:10ACA00009A90022CDE901100092594618EE102A98
:10ACB0002046FEF72FFE00287FF424AF0AF1FF3C68
:10ACC000D4F800A012E0BEFBF2F302FB13E38B42C8
:10ACD0004FF0010012D25E09E16B03F01F0351F83F
:10ACE000262009FA03F3134341F82630E66ADAF81E
:10ACF0002020099B216BA2EB060E9E446045E2DBFF
:10AD00001AAB03EB8C0CA8F102085CF8443C4744F6
:10AD1000A5E7059E3668002E7FF44CAE91E56FF0F6
:10AD20001B00EFE600278AE700275FE618EE107A9F
:10AD300001E6034B034A0448122110F049F900BF11
:10AD4000504006007C420600704006002DE9F04F9E
:10AD5000044687B00F4600F1140905A92046FFF705
:10AD600067FD064640B920680599C36898470646BE
:10AD700030B110F1340FF0D0304607B0BDE8F08F9D
:10AD8000BB6A83B307F12C0A35460DF1130804F1B1
:10AD9000200B13E02268059B126A934247D20122DE
:10ADA000CDE9018200954A4659462046FEF714FF38
:10ADB000002831D1BB6A0135AB4214D922687B6AC5
:10ADC000126A93422DD20122CDE9018200955246AA
:10ADD00049462046FEF79EFD0028DBD00646304659
:10ADE00007B0BDE8F08F2368A16A9A69786B10F00C
:10ADF00095F9D4E908122368A06AC7E90B12FF216C
:10AE00009A6910F0B3F9059B4FF0FF323046226289
:10AE10007B6207B0BDE8F08F10F1340F9DD006467D
:10AE2000DDE7064B064A0748122110F0D1F8034B24
:10AE3000054A04489C2110F0CBF800BF50400600A2
:10AE40007C420600704006008C4206002DE9F04F5F
:10AE50002DED028BC9B004462C2200211CA810F055
:10AE600085F94FF00043282227A80021249310F0F1
:10AE70007DF923681B6A01223192002B00F0C98101
:10AE800000274FF00C09319B013300F0B18130AA4B
:10AE900027A92046FEF764FF0546002840F00C81F4
:10AEA000249B002BC0F20E816368013300F04E81B9
:10AEB000A368013300F04A8132AE32460CAB25A9BB
:10AEC0002046FFF7C3F80028C0F2F58000F03E816D
:10AED0000E9B259A0F982699934200F090818B4201
:10AEE00000F09381DDE91D51239A26902068259377
:10AEF00001320023CDE91D150B9505932392C368FC
:10AF00000A9198474FF0FF380546F0B115F1340F1C
:10AF100040F0D2800A9BC4F82080012B40F2798156
:10AF20000B9B012B40F275811DA92046FFF780FC89
:10AF30000546002840F0C08020681D990123059334
:10AF4000C368984705460028E0D123AF0DF1500AA9
:10AF5000A146102239465046CDF8508003F0F8FD46
:10AF600059F8202B1D9B126A934280F015821026FF
:10AF7000CDE900572A46029649462046FEF72CFEA8
:10AF800005460028C2D1249B23F00043043B102B2C
:10AF900032D904F1140B3DAF22680B9B126A934225
:10AFA00080F0F4810122CDE9017200960022594619
:10AFB0002046FEF7AFFC054600287DD10122394628
:10AFC000504603F0C5FD22681D9B126A934280F033
:10AFD000E3810122CDE9017200962A4649462046C6
:10AFE000FEF7FAFD0546002890D1249B23F000438C
:10AFF0000136043B9E42CFD322681D9B126A9342C6
:10B0000080F0CA8104220292CDE9006A49460022FA
:10B010002046FEF7E1FD054600287FF477AF216A60
:10B02000C4F814804A1C12D02068A36A8269009276
:10B030008568626AA847054600287FF467AF2368E1
:10B04000A06A9A69FF2110F091F8C4F82080206866
:10B0500003699847054600287FF458AF249EDDF821
:10B0600074B0CDF8F48026F0004604F11403043ED9
:10B0700008EE103A00F0968107460DF1400908E00D
:10B080000137012249463DA803F062FDBE4240F26D
:10B09000898123681B6A9B4580F078810123CDE973
:10B0A000019318EE101A00975B4600222046FEF727
:10B0B00031FC0028E4D00546284649B0BDEC028B9F
:10B0C000BDE8F08F32AE4FF00008324627A9204687
:10B0D000FEF724FFF0B1831CEDD10DF19C0CBCE810
:10B0E0000F001CAE0FC6BCE80F000FC69CE807009F
:10B0F00086E8070023681B6A01379F4280F0898039
:10B10000309B01337FF4BFAE284649B0BDEC028BC3
:10B11000BDE8F08F9DF9CC309DF8CC20002BD4DA1F
:10B120006368013341D0A36801333ED034A920467F
:10B13000FEF754FF0028BEDB35D0324627A9204653
:10B1400001F0C8F90028C0D00546B5E7DDE9305068
:10B15000DDE91D21239B1D91CDE92550013323936A
:10B1600008911E9209924FF0000801262068C368DA
:10B170009847054600284FD015F1340F9CD1089B05
:10B180004FF0FF32012B226243D9099B012B40D99A
:10B190001DA92046FFF74CFB054600288CD11D99C0
:10B1A0004FF00108E2E79DF8CC20DDF8C8E09DF8FB
:10B1B000CFC0CDF8F89002F07F020EF10C0033A959
:10B1C000CDE93F198DF8CC20419001233DAA27A954
:10B1D0002046CDF80C81CDF8F4E0CDF808C1CDF8CB
:10B1E00010C100F0F9F900283FF46FAF054663E79E
:10B1F0000025284649B0BDEC028BBDE8F08F88429F
:10B200003FF461AF8B427FF46DAE82427FF46AAE51
:10B2100059E76FF033054FE723AFA2464FF0FF33F6
:10B220001022394607A8079303F092FC5AF8202B06
:10B230001D9B126A934280F0AF804FF01009CDE958
:10B2400000572A46CDF8089051462046FEF7C4FC28
:10B250000546002890D1249B23F00043043B102B8B
:10B2600034D904F1140B10AF2268099B126A93427F
:10B2700080F08C80CDE90176CDF80090002259460F
:10B280002046FEF747FB054600287FF415AF012254
:10B29000394607A803F05CFC22681D9B126A9342A2
:10B2A0007AD22A46CDE90176CDF800905146204663
:10B2B000FEF792FC054600287FF45EAF249B23F046
:10B2C000004309F10109043B9945CDD322681D9B38
:10B2D000126A934260D2042207A9CDE9009102923A
:10B2E000514600222046FEF777FC054600287FF4F1
:10B2F00043AF216A4FF0FF37B942676111D0206830
:10B30000A36A826900928568626AA8470546002898
:10B310007FF432AF2368A06A9A69FF210FF026FFFD
:10B320002762206803699847054600287FF424AF08
:10B33000249FDDF874B027F000474FF0FF3204F18E
:10B340001403043F08EE103A109245D081460DF1E7
:10B35000F40A08E009F101090122514610A803F09E
:10B36000F7FB4F4538D923681B6A9B450ED2CDE9C0
:10B3700001A618EE101ACDF800905B460022204678
:10B38000FEF7C8FA0028E5D0054695E68E4B8F4AB1
:10B390008F4812210FF01CFE8B4B8E4A8C489C214B
:10B3A0000FF016FE3D9A149B9A427FF4B3AD059BB5
:10B3B000002B30D12369002B3FF47EAE5C681D9AD0
:10B3C000944271D099681E9881426DD084426BD0AE
:10B3D0008A4269D01B68EEE7109A079B9A427FF475
:10B3E000CEAEB8F1000F40F082802369002B3FF40D
:10B3F00063AE5C681D9A944200F0C48099681E9800
:10B40000814200F0BF80844200F0BC808A4200F09C
:10B41000B9801B68EAE7636801334ED0A368013343
:10B420003DAE0AAF4BD03246394610AB2046FEF750
:10B430000DFE0028FFF63FAE41D0DDE91D03109F51
:10B44000149731460C370C2612909DF84700189738
:10B45000139311AF15961796199000261B9052461C
:10B460000123204616971A9600F0B6F800287FF4BC
:10B4700022AE0A98636898421AD00B9AA1688A4251
:10B4800016D0884214D0934212D00122013384F89E
:10B4900040208FD0A36801338CD02046FFF7D6FC24
:10B4A000002887D0054607E65A601E9A9A6091E701
:10B4B000DDE91D32C4E90132E7E73DAE0AAF3946A6
:10B4C00032462046FEF7ECFC0028FFF6F4AD3FF4D0
:10B4D00071AF3146DDE91D60002347901A462046D2
:10B4E000469600F079F800283FF464AFDAE7636825
:10B4F000013350D0A36801333DAE4DD0324610AB7E
:10B5000008A92046FEF7A2FD0028FFF6D4AD43D0DF
:10B51000DDE91D02109B14930C33189312900C2339
:10B5200011A89DF847701392314615930026179382
:10B530001690012314AA204619971B971A9600F01B
:10B540004BF800287FF4B7AD0898636898421DD087
:10B55000099AA1688A4219D0884217D0934215D01F
:10B560000122013384F840203FF43FAFA368013348
:10B570003FF43BAF2046FFF769FC00283FF435AFAE
:10B58000054699E55A601E9A9A6042E7DDE91D3248
:10B59000C4E90132E4E73DAE08A932462046FEF791
:10B5A0007FFC0028FFF687AD3FF41FAF3146DDE991
:10B5B0001D60002347901A462046469600F00CF87E
:10B5C00000283FF412AFDBE7504006007C42060043
:10B5D000704006008C4206002DE9F04F2DED028BE5
:10B5E000CE690D46D1E90141A5B0013690462A1D2C
:10B5F00069608246EE61AC600892059383B11E4695
:10B60000D8F80400D8F80C302A6A1B1A022E1A4403
:10B6100005D1D8F81C70D8F814603A44921B2A62FD
:10B62000DAF80000CDF818800023CDE90B14099357
:10B63000C36898470446E0B114F1340F3DD10B9B29
:10B640004FF0FF32012BCAF8202034D90C9B012B7C
:10B6500031D908995046FFF7EBF8044668BBDAF891
:10B660000000696801230993C368984704460028CD
:10B67000E2D105F11C07D0464FF0FF3310223946C6
:10B6800011A8119303F064FA58F8202B6B68126A22
:10B69000934280F00D811026CDE9004722460296A4
:10B6A00041465046FEF798FA834660B110F1340FD8
:10B6B000C5D0044601E06FF03304204625B0BDEC50
:10B6C000028BBDE8F08F2B6A23F00043043BB342AA
:10B6D0006BD90AF1140308EE103A37460DF16409EC
:10B6E00034E0DAF800200C9B126A934280F0E68086
:10B6F0000122CDE9019218EE101A0097002250465F
:10B70000FEF708F904460028D7D10122494611A8BE
:10B7100003F01EFADAF800206B68126A934280F098
:10B72000C7800122CDE9019200962246414650464B
:10B73000FEF752FA044600287FF47EAF0137013647
:10B740002B6A23F00043043B9E422ED2059B5B45AF
:10B75000C7DD069A4FEA0B1302EB0B11D358079182
:10B76000BB42BED10C4611A8D1E9021203F0F0F998
:10B77000DAF800206B68106AE168A268834280F002
:10B780009780CDE901210096002241465046FEF700
:10B7900023FA044600287FF44FAF079B5A68DB6802
:10B7A0000BF1010B17441E44CAE7DAF800206B685E
:10B7B000126A93427CD2042211A9CDE9006102925F
:10B7C000414600225046FEF707FA044600287FF45F
:10B7D00033AFDAF820104FF0FF339942CAF8143033
:10B7E00019D0DAF80000DAF828308269009284680B
:10B7F000DAF82420A047044600287FF41DAFDAF8C9
:10B800000030DAF828009A69FF210FF0AFFC4FF002
:10B81000FF33CAF82030DAF800000369984704467D
:10B8200000287FF409AF2B6AD5F8048023F0004389
:10B830004FF0FF32B3F1040919920AF1140B1DD035
:10B8400007460DAE07E001370122314619A803F083
:10B850007FF9B94512D0DAF800301B6A98452DD22D
:10B860000123CDE901630097434600225946504623
:10B87000FEF750F80028E6D004461EE7199A119BFF
:10B880009A427FF4DCAE099B13BBDAF81030002B30
:10B890003FF413AF5E686A68964215D09968A8684D
:10B8A000814211D086420FD08A420DD01B68EEE74C
:10B8B0003D4B3E4A3E489C210FF08AFB3A4B3D4AA5
:10B8C0003B4812210FF084FB5A60AA689A60EDE7AA
:10B8D000DAF80430013347D0DAF80830013319AE12
:10B8E0000BAF43D0324639460DAB5046FEF7AEFBA8
:10B8F0000028C1DB3AD0D5E901030D9F11973146ED
:10B900000C370C260F909DF83B00159710930EAF47
:10B910001296149616900026189011AA01235046EC
:10B9200013971796FFF758FE0028A5D10B98DAF861
:10B930000430984231D00C9ADAF808108A422CD0A0
:10B9400088422AD0934228D0012201338AF840202D
:10B950009BD0DAF80830013397D05046FFF776FADB
:10B96000002892D00446A8E619AE0BAF39463246FD
:10B970005046FEF795FA0028FFF67EAF85D0314697
:10B98000D5E90160002323901A4650462296FFF71E
:10B9900023FE00283FF479AFE4E76B68CAF804306F
:10B9A000AA68CAF80820CFE7504006008C4206007B
:10B9B000704006007C4206002DE9F04F2DED028B11
:10B9C0000D46BDB0824616461F4601F1240809E027
:10B9D000002B52DA424629465046FEF7C1F90028AC
:10B9E00040F008817479B179F279DAF800002B6AB5
:10B9F00004340C441444C1691C448C42E8D8B44655
:10BA00001E1F4CF8046BE96924974C1C6F68A968E9
:10BA100025920C3313442B62C5E901170C23002235
:10BA200021932B1DCDF880C01E962296139712915C
:10BA3000EC611F92239207920693C36898470446CD
:10BA4000002800F0DE8014F1340F65D1129B4FF016
:10BA5000FF32012BCAF820205CD9139B012B59D946
:10BA600006995046FEF7E4FE0446002854D101230F
:10BA70006968DAF800000793DFE7AC46BCE80F001E
:10BA800026AC0FC4BCE80F000FC49CE8070084E894
:10BA9000070029465046FEF715FC044600283BD116
:10BAA000DDE92F122B6A69623046191FAA6240F83D
:10BAB000041BF6791794CDE91B473344069416917D
:10BAC0006C681A91A968EA691D960C332B62C5E966
:10BAD00001140C23013219932B1D18900F940E9111
:10BAE000EA6107934FF00109DAF80000C36898474C
:10BAF0000446002800F0AA8014F1340F0CD10E9BEC
:10BB00004FF0FF32012BCAF8202003D90F9B012BE5
:10BB100000F2BF806FF0330420463DB0BDEC028BD5
:10BB2000BDE8F08FDAF800206B68126A934280F06B
:10BB30004C8204220BA9CDE9006102924146002209
:10BB40005046FEF749F804460028D5D1DAF820100F
:10BB50004FF0FF339942CAF8143018D0DAF80000D9
:10BB6000DAF82830826900928468DAF82420A04745
:10BB700004460028C0D1DAF80030DAF828009A69C3
:10BB8000FF210FF0F3FA4FF0FF33CAF82030DAF854
:10BB900000000369984704460028ADD12E6A26F0BC
:10BBA00000464FF0FF33321F0C930AF1140B6B6801
:10BBB000059200F0EA81074631AE1C4609E00122F9
:10BBC00031460CA802F0C4FF059B0137BB4200F0D0
:10BBD000DC81DAF800301B6A9C4280F0FC81CDE900
:10BBE000016900972346002259465046FDF792FE10
:10BBF0000028E4D0044620463DB0BDEC028BBDE8F1
:10BC0000F08F05F11C07D0464FF0FF331022394664
:10BC100009A8099302F09CFF58F8202B6B68126A60
:10BC2000934280F0D2811026CDE900472246029649
:10BC300041465046FDF7D0FF8346002800F0AA8019
:10BC400010F1340F3FF402AF5C4665E705F11C07C5
:10BC5000D0464FF0FF33102239460BA80B9302F069
:10BC600077FF58F8202B6B68126A934280F0AD8101
:10BC70001026CDE900472246029641465046FDF780
:10BC8000ABFF834688B110F1340F3FF438AF5C4608
:10BC900042E707995046FEF7CBFD044600287FF4A3
:10BCA0003BAF0123696806931EE72B6A23F000432C
:10BCB000043BB3427FF636AF0AF1140308EE103AA4
:10BCC000374638E0DAF800200F9B126A934280F082
:10BCD00082810CAACDE9007218EE101ACDF80890F6
:10BCE00000225046FDF716FE044600287FF414AFEC
:10BCF00001220CA90BA802F02BFFDAF800206B68D8
:10BD0000126A934280F061810CAACDE90062CDF8FD
:10BD10000890224641465046FDF75EFF0446002843
:10BD20007FF4EAAE013701362B6A23F00043043B6F
:10BD3000B3427FF6F7AEBBF1010FC3DC16AA4FEAA0
:10BD40000B1302EB0B11D3580591BB42BAD10C4631
:10BD50000BA8D1E9021202F0FBFEDAF800206B68B2
:10BD6000106AE168A268834280F02F81CDE9012149
:10BD70000096002241465046FDF72EFF044600285B
:10BD80007FF4BAAE059B5A68DB680BF1010B1744D0
:10BD90001E44C9E72B6A23F00043043BB3426CD92D
:10BDA0000AF1140308EE103A37460DF1280935E080
:10BDB000DAF80020139B126A934280F00C81012272
:10BDC000CDE9019218EE101A009700225046FDF7B7
:10BDD000A1FD044600287FF49FAE0122494609A830
:10BDE00002F0B6FEDAF800206B68126A934280F027
:10BDF000EC800122CDE90192009622464146504650
:10BE0000FDF7EAFE044600287FF41DAE0137013637
:10BE10002B6A23F00043043BB3422ED9BBF1010F40
:10BE2000C6DC1EAA4FEA0B1302EB0B11D358059187
:10BE3000BB42BDD10C4609A8D1E9021202F088FE2E
:10BE4000DAF800206B68106AE168A268834280F02B
:10BE5000BC80CDE901210096002241465046FDF705
:10BE6000BBFE044600287FF4EEAD059B5A68DB68F4
:10BE70000BF1010B17441E44CAE7DAF800206B6887
:10BE8000126A934280F0A180042209A9CDE90061E1
:10BE90000292414600225046FDF79EFE04460028CD
:10BEA0007FF4D1ADDAF820104FF0FF339942CAF891
:10BEB000143019D0DAF80000DAF8283082690092DC
:10BEC0008468DAF82420A047044600287FF4BBAD3C
:10BED000DAF80030DAF828009A69FF210FF046F905
:10BEE0004FF0FF33CAF82030DAF8000003699847B2
:10BEF000044600287FF4A7AD2A6AD5F804B022F0E2
:10BF000000424FF0FF33171F0A930AF114091ED0A5
:10BF100006460DF1C40807E00136012241460AA891
:10BF200002F016FEB74212D0DAF800301B6A9B45C9
:10BF300051D20123CDE9018300965B460022494698
:10BF40005046FDF7E7FC0028E6D0044653E6DDE95D
:10BF500009329A427FF47AAD079B002B41D1DAF87F
:10BF60001030002B3FF4D8AD5E686A68964200F04E
:10BF700089809968A868814200F08480864200F038
:10BF800081808A427ED01B68EBE7DDE90B329A4262
:10BF90007FF4B5AD069B002B40F06E81DAF81040BF
:10BFA000002C00F0948060686B68984200F0B781C4
:10BFB000A268A9688A4200F0B281884200F0AF818D
:10BFC000934200F0AC812468EAE7A74BA74AA8484F
:10BFD0009C210EF0FDFFA44BA64AA54812210EF0AD
:10BFE000F7FFDAF80430013357D0DAF808300133BC
:10BFF00031AE12AF53D03246394616AB5046FEF73B
:10C0000025F80028FFF6F6AD49D0D5E90102169BC8
:10C0100026930C332A9318900C2317A89DF85F7071
:10C02000199231462793002629932890012326AAA6
:10C0300050462B972D972C96FFF7CEFA00287FF4C9
:10C04000D9AD1298DAF8043098421FD0139ADAF872
:10C0500008108A421AD0884218D0934216D0012282
:10C0600001338AF840203FF47AAFDAF80830013320
:10C070003FF475AF5046FEF7E9FE00283FF46FAF7E
:10C080000446B8E55A60AA689A607CE76B68CAF80B
:10C090000430AA68CAF80820E1E731AE12AF394689
:10C0A00032465046FDF7FCFE0028FFF6A3AD3FF4F4
:10C0B00056AF3146D5E9016000233B901A46504601
:10C0C0003A96FFF789FA00283FF449AFD8E7D5E957
:10C0D0000116DDE92D3227982F9128991190CDE98D
:10C0E0002710DAF80000309642F0004201332D9319
:10C0F0002E92C3681091059498474FF0FF370126A0
:10C10000C1460446F8B114F1340F7FF405AD109B1D
:10C11000CAF82070012B7FF6FDAC119B012B7FF636
:10C12000F9AC27A95046FEF783FB044600287FF4AC
:10C13000F3ACDAF80000279901230593C368984708
:10C1400004460028DFD10DF1B408102241460DA8A5
:10C150000D9702F0FDFCDAF80020279B126A93424B
:10C16000BFF433AF1025CDE9004822460295494679
:10C170005046FDF731FD04460028C4D12E9B23F024
:10C180000043043B102B88BF0DF1C40830D9DAF806
:10C190000020119B126A9342BFF41DAFCDE90186C6
:10C1A0000095002259465046FDF7B4FB044600288E
:10C1B0007FF4B2AC012241460DA802F0C9FCDAF8C6
:10C1C0000020279B126A9342BFF4FFAE2246CDE9BE
:10C1D0000186009549465046FDF7FEFC04460028BE
:10C1E00091D12E9B23F000430135043B9D42CED3D9
:10C1F000DAF80020279B126A9342BFF4E6AE0422CD
:10C200000DA9CDE900510292494600225046FDF7A2
:10C21000E3FC044600287FF476AFDAF82010CAF871
:10C2200014704B1C17D0DAF80000DAF82830826955
:10C2300000928468DAF82420A047044600287FF49E
:10C2400062AFDAF80030DAF828009A69FF210EF0C0
:10C250008DFFCAF82070DAF80000036998470028BB
:10C2600061D004464FE700BF504006008C420600F4
:10C27000704006007C420600DAF80430013379D0C1
:10C28000DAF80830013331AE0EAF75D03246394698
:10C2900012AB5046FDF7DAFE041EFFF63DAC6BD044
:10C2A000D5E9012312981E900C30229014920C2094
:10C2B00013AA9DF84F40159331461F90219020926C
:10C2C000002601231EAA5046239425942496FFF7A6
:10C2D00083F9044600287FF41FAC0E98DAF8043086
:10C2E000984263D00F9ADAF808108A425ED08842EA
:10C2F0005CD093425AD0012201338AF840203FF4A7
:10C300004DAEDAF8083001333FF448AE5046FEF740
:10C310009DFD0446002C3FF441AEFFF7FDBB63607A
:10C32000AB68A3604FE62E9ADDF89C80319722F02F
:10C330000042131F1C4640D0054607E0013501228C
:10C340001EA931A802F004FCAC4236D0DAF8003065
:10C350001B6A9845BFF43FAE1EABCDE90053029671
:10C360004346002259465046FDF7D4FA0028E5D04E
:10C37000044640E431AE0EAF394632465046FDF732
:10C380008FFD041EFFF6C8AB3FF408AED5E90140AF
:10C3900000233B9031461A4650463A94FFF71CF969
:10C3A0000446002C3FF4FAADFFF7B6BB6B68CAF841
:10C3B0000430AA68CAF808209DE7319A0D9B9A427A
:10C3C0007FF4A5AE059D95B9DAF81040002C3FF436
:10C3D000A3AB6068279B984278D0A26828998A42CC
:10C3E00074D0884272D0934270D02468EEE7DAF8B5
:10C3F000043001334BD0DAF80830013331AE10ADE0
:10C4000047D03246294612AB5046FDF71FFE041EA8
:10C41000FFF682AB3DD0129B1E93DDE927420C3321
:10C420009DF84F0022930C231494159200241F931F
:10C43000219323902590314613AD01231EAA504627
:10C4400024942095FFF7C8F8044600287FF464ABD5
:10C450001098DAF80430984233D0119ADAF80810BC
:10C460008A422ED088422CD093422AD00122013316
:10C470008AF84020A8D0DAF808300133A4D050461A
:10C48000FEF7E4FC0446002C9ED0FFF745BB31AE1E
:10C4900010AD294632465046FDF702FD041EFFF658
:10C4A0003BAB91D0DDE9274000233B9031461A4653
:10C4B00050463A94FFF790F80446002C84D0FFF7DA
:10C4C0002BBBDDE92732CAE90132CFE76360289B45
:10C4D000A3608AE72DE9F04F2DED028B15465379C5
:10C4E0009279EE790433B1B013440A6A33440C46AE
:10C4F000059322F000411433994204F1040383466A
:10C50000079365D0D4E901012E68E3690696059E7C
:10C510000F90921BC4E901100133DBF800000E916B
:10C52000C4E9073200230893C36809959847A046D9
:10C530000646E8B116F1340F3CD10E9B4FF0FF32A6
:10C54000012BCBF820203BD90F9B012B38D9079921
:10C550005846FEF76DF9064660BBDBF80000D8F8D8
:10C56000041001230893C368984706460028E1D1C8
:10C5700008F11C04DA464FF0FF331022214612A8BE
:10C58000129302F0E5FA5AF8202BD8F80430126A18
:10C59000934280F04B821025CDE90064324602952B
:10C5A00051465846FDF718FB044620B310F1340FEE
:10C5B000C3D00646304631B0BDEC028BBDE8F08FEB
:10C5C0006FF03306304631B0BDEC028BBDE8F08F22
:10C5D00019461AAAFDF764FC061EEBDB229B002B12
:10C5E000C0F2E0806B79A979EA7904330B441344F3
:10C5F0000593226A86E7D8F8203023F00043043BF5
:10C60000AB4242D90BF1140308EE103A2F460DF15C
:10C6100094091CB9069BBB4200F0A680DBF8002001
:10C620000F9B126A934280F0FB810122CDE90192B7
:10C6300018EE101A009700225846FDF76BF90646CF
:10C640000028B7D10122494612A802F081FADBF88E
:10C650000020D8F80430126A934280F0E78101226A
:10C66000CDE901920095324651465846FDF7B4FA9D
:10C67000064600287FF45EAF01370135D8F8203038
:10C6800023F00043043BAB42C3D8DBF80020D8F8CA
:10C690000430126A934280F0C981042212A9CDE9C4
:10C6A00000510292514600225846FDF795FA06467F
:10C6B00000287FF43FAFDBF820104FF0FF339942A2
:10C6C000CBF8143019D0DBF80000DBF82830826991
:10C6D00000928468DBF82420A047064600287FF4F7
:10C6E00029AFDBF80030DBF828009A69FF210EF053
:10C6F0003DFD4FF0FF33CBF82030DBF8000003693D
:10C700009847064600287FF415AFD8F82030D8F8AF
:10C71000047023F0004A4FF0FF32BAF1040A259268
:10C720000BF1140900F00D8105461AAC08E0013543
:10C730000122214625A802F00BFAAA4500F001814A
:10C74000DBF800301B6A9F4280F06A810123CDE94B
:10C75000014300953B46002249465846FDF7DAF86A
:10C760000028E4D0064625E72246214612A802F01A
:10C77000EFF9DBF80020D8F80430126A934280F019
:10C780005581CDE901440095224651465846FDF7B2
:10C7900023FA064600287FF4CDAEDDE90523012407
:10C7A0009F186BE7226A2199D4E9090462F00042DC
:10C7B000134023904A1CDDE91B01CDE91B100D90AD
:10C7C000DBF800002494CDE92123002305930C918C
:10C7D000C36898474FF0FF3801270646F8B116F1B5
:10C7E000340F7FF4E7AE0C9BCBF82080012B7FF653
:10C7F000E7AE0D9B012B7FF6E3AE1BA95846FEF773
:10C8000017F8064600287FF4D5AEDBF800001B9928
:10C8100001230593C368984706460028DFD121AD60
:10C82000D946102229460AA8CDF8288002F090F9AE
:10C8300059F8202B1B9B126A934280F0F78010243A
:10C84000CDE900653246029449465846FDF7C4F9E1
:10C8500006460028C3D1229B23F00043043B102B43
:10C8600033D90BF1140A0BADDBF800200D9B126AD3
:10C87000934280F0D580CDE90157009400225146C3
:10C880005846FDF747F8064600287FF493AE01228C
:10C8900029460AA802F05CF9DBF800201B9B126A0B
:10C8A000934280F0C3803246CDE901570094494657
:10C8B0005846FDF791F90646002890D1229B23F0B7
:10C8C00000430134043B9C42CED3DBF800201B9B89
:10C8D000126A934280F0AA8004220AA9CDE900419D
:10C8E0000292494600225846FDF776F9064600288E
:10C8F0007FF475AFDBF82010CBF814804B1C17D0F9
:10C90000DBF80000DBF82830826900928468DBF8ED
:10C910002420A047064600287FF461AFDBF80030F2
:10C92000DBF828009A69FF210EF020FCCBF820806C
:10C93000DBF8000003699847002800F0D180064624
:10C940004DE7259A129B9A427FF4F7ADDDE9083551
:10C950004446002B70D1DBF810301A4672B1D2F881
:10C9600004C061688C4557D09068A768B84253D01E
:10C97000BC4551D081424FD01268EFE7DBF80C2064
:10C9800022B34FF0FF370BE0D2F808E0D4F808C02C
:10C99000E64509D0614507D0704505D01268AAB1B7
:10C9A000516860688142EFD1D1682868814230D0F7
:10C9B000F4D9687995F806E095F807C0043070441A
:10C9C0006044091AD1601268002AE9D163B9F1E51F
:10C9D0009F68A06887420BD0824209D0B94207D035
:10C9E0001B68002B3FF4E6AD5A6861688A42EFD1BC
:10C9F000D9682A689142F3D96A7995F806C0EF7927
:10CA00009869043262443A44891A821AD9609A6158
:10CA1000E6E7C2E90177C1E75160A1689160ABE741
:10CA20009B4B9C4A9C4812210EF0D2FA984B9B4A91
:10CA300099489C210EF0CCFADBF80430013379D010
:10CA4000DBF80830013325AF0DF1380875D012AB93
:10CA50003A4641465846FDF7F9FA0028FFF682AEFD
:10CA60006BD0D4E9012312981A900C301E901492C6
:10CA70000C2013AA9DF84FC0159339461B90002730
:10CA80001D901C9201231AAA5846CDF87CC0CDF8FF
:10CA900084C02097FEF7A0FD00287FF463AE0E98B7
:10CAA000DBF80430984260D00F9ADBF808108A4215
:10CAB0005BD0884259D0934257D0012201338BF882
:10CAC00040203FF448AFDBF8083001333FF443AF78
:10CAD0005846FEF7BBF900283FF43DAF064669E52E
:10CAE000229DDDF86CA0CDF82C8025F000450BF1DF
:10CAF0001403043D1E463FD004460DF1940907E09F
:10CB00000134012249460BA802F022F8A54233D095
:10CB1000DBF800301B6A9A4582D2CDE90197009478
:10CB20005346002231465846FCF7F4FE0028E7D071
:10CB300006463FE525AF0DF1380841463A465846CE
:10CB4000FDF7AEF90028FFF60DAE3FF404AF39460D
:10CB5000D4E9017000232F901A4658462E97FEF70D
:10CB60003BFD00283FF4F7AEB8E76368CBF804302C
:10CB7000A268CBF80820A0E7DDE90A329A427FF4E8
:10CB800032AE059B93B9DBF81060002E3FF412AD76
:10CB900070681B9B984276D0B2681C998A4272D00A
:10CBA000884270D093426ED03668EEE7DBF80430EE
:10CBB00001334AD0DBF80830013325AF0CAC46D046
:10CBC0003A4621460EAB5846FDF740FA061EFFF6E0
:10CBD000F1AC3CD00E9B1293DDE91B420C339DF867
:10CBE0003F0016930C2310941192139315931790F2
:10CBF000199039460FAD0024012312AA5846149506
:10CC00001894FEF7E9FC064600287FF4D3AC0C9894
:10CC1000DBF80430984231D00D9ADBF808108A42D4
:10CC20002CD088422AD0934228D0012201338BF89D
:10CC30004020A8D0DBF808300133A4D05846FEF7D6
:10CC400005F90646002E9ED0B4E425AF0CAC214673
:10CC50003A465846FDF724F9061EFFF6ABAC92D0D3
:10CC6000DDE91B4000232F9039461A4658462E9482
:10CC7000FEF7B2FC0646002E85D09BE4DDE91B32B0
:10CC8000CBE90132D1E773601C9BB3608CE700BF36
:10CC9000504006007C420600704006008C420600B0
:10CCA0002DE9F04F90F84030BBB00546059163B9CF
:10CCB00043680122013380F8402006D083680133A5
:10CCC00003D0FEF7C3F8044668B909AA19A905AB51
:10CCD0002846FDF7F9F9821C044608D105982F2152
:10CCE0000FF079F958B120463BB0BDE8F08F00282D
:10CCF00008BF6FF0100420463BB0BDE8F08F2B68F2
:10CD00001B6AAB6324A92846FDF7DCFA0446002819
:10CD1000E9D1DDE92210259A2D9126992B9B0494C7
:10CD2000CDE9251201332B932E90089207914FF0F5
:10CD3000FF3A4FF001082868C36898470446B8B125
:10CD400014F1340FCFD1079BC5F820A0012B40F27E
:10CD5000D580089B012B40F2D18025A92846FDF7FC
:10CD600067FD04460028BED1012325990493E2E71C
:10CD70002BAFA9461022394611A8CDF844A001F0E6
:10CD8000E7FE59F8202B259B126A934280F0BF8062
:10CD90001026CDE900472246029649462846FCF770
:10CDA0001BFF04460028CBD12C9B23F00043043BFF
:10CDB000102B30D905F1140B2FAF2A68089B126A8B
:10CDC000934280F09E80CDE901780096002259467A
:10CDD0002846FCF79FFD0446002884D101223946ED
:10CDE00011A801F0B5FE2A68259B126A934280F0D3
:10CDF0008E802246CDE90178009649462846FCF708
:10CE0000EBFE044600289BD12C9B23F00043013607
:10CE1000043B9E42D1D32A68259B126A934276D264
:10CE2000042211A9CDE90061029249460022284658
:10CE3000FCF7D2FE0446002882D1296AC5F814A066
:10CE40004B1C12D02868AB6A8269009284686A6AB7
:10CE5000A047044600287FF473AF2B68A86A9A693C
:10CE6000FF210EF083F9C5F820A0286803699847D0
:10CE7000044600287FF464AF2C9B259FCDF8BCA00E
:10CE800023F0004BBBF1040B05F114091BD006463F
:10CE90002B681B6A9F4234D20DABCDE90063CDF8FD
:10CEA00008803B46002249462846FCF733FD0446ED
:10CEB00000287FF418AF013601220DA92FA801F038
:10CEC00047FEB345E4D12F9A119B9A427FF43BAFC2
:10CED000049B002B42D12A69FAB15468259B9C42DD
:10CEE00000F0898091682698814200F08480844215
:10CEF00000F081808B427ED01268EDE76FF0330442
:10CF0000F1E64F4B4F4A504812210EF061F84C4B5E
:10CF10004E4A4D489C210EF05BF8059B8DF82A2067
:10CF2000184640F622020493ADF828200FF083F84B
:10CF3000DDE925648DF82B00049B0C9409AA19A93E
:10CF4000284623940B962296FEF736FD04460028C9
:10CF50007FF4C9AE2B681B6AAB63C4E66B68013310
:10CF600052D0AB6801332FAE07AF4FD032463946AF
:10CF70000DAB2846FDF76AF8041EFFF6B4AE45D0A7
:10CF8000DDE925400D9B11930C33159310900C2374
:10CF90009DF83B000F943146129314930024169091
:10CFA000189011AA0EAE0123284617941396FEF787
:10CFB00013FB044600287FF496AE07986B689842EE
:10CFC0001DD0089AA9688A4219D0884217D0934286
:10CFD00015D00122013385F840203FF47CAFAB68C7
:10CFE00001333FF478AF2846FDF730FF0446002CAC
:10CFF0003FF471AF77E65360269B93607CE7DDE9F1
:10D000002532C5E90132E4E72FAE07AF3946324693
:10D010002846FCF745FF041EFFF665AE3FF45BAF04
:10D02000DDE925400023399031461A4628463894D8
:10D03000FEF7D2FA0446002C3FF44DAF53E600BF92
:10D04000504006007C420600704006008C420600FC
:10D0500070B5D0E9015386B0C1E90153019201AB2B
:10D0600002AA06460C46FDF72FF8A0B99DF80C3031
:10D07000222B12D104AA21463046FCF771FE50B98A
:10D08000D4E901123369216162610E211022A1618C
:10D09000E2602360346106B070BD6FF01300FAE700
:10D0A000036943B1994202D107E0994207D01A4679
:10D0B0001B68002BF9D10020704700F110020B68AB
:10D0C00013600020704700BFF0B515460E4689B0CA
:10D0D00004464C22284600210EF048F8B3690E2B76
:10D0E0004AD00F2B53D004AA31462046FCF716FF36
:10D0F00000285BD19DF8142002F07F03112B01D092
:10D10000222BF0D1110655D5626801320DD0A268EC
:10D1100001320AD006A92046FCF760FF002829DB6F
:10D12000E1D19DF8143003F07F038DF814302146CF
:10D130002B70112B51F8140B08BF079B049A08BFE2
:10D140006B609DF815C07368066A9DF81670101D17
:10D150006044B3429DF8172005F1080538442BD2EE
:10D16000CDE90152009000222046FCF7D3FB0028B5
:10D1700008BF012009B0F0BD124A222312882A817B
:10D180002B70B36901200133B36109B0F0BD2B46A8
:10D190000D4A222103F8081B1188927829819A7080
:10D1A000B36901200133B36109B0F0BD841C08BF2D
:10D1B0000020DFE71346BAE7044B054A0548122171
:10D1C0000DF006FF34FD0500CC230600504006009C
:10D1D0007C420600704006002DE9F0431F4693B0E4
:10D1E00003F00303012B0C460192054603D090F88F
:10D1F0004030002B70D002AA07A901AB2846FCF7EB
:10D2000063FF064600283FD19DF80C30222B00F02A
:10D210009180BB0500F18B80DDE9082002996260F6
:10D22000049AA0600023C4E90637C4E9031223620C
:10D230007A05059B636106D5002B5FD14FF0FF3265
:10D240000023C4E904232B68586B4FF0FF32E262DD
:10D25000002857D0EB68002B5FD16063E36903F0CF
:10D2600003034FF0FF36012BE66205D02B68FF2148
:10D270009A690DF07BFFE662EB6823600026EC60A4
:10D28000304613B0BDE8F083B01CF9D1DDF804805E
:10D290002F2140460EF09FFE02460028F0D1F905EE
:10D2A000EED540F6110340468DF80E20ADF80C3057
:10D2B0000EF0C1FE4FF0000943468DF80F0002AAA0
:10D2C00007A94FF0FF382846CDE90489FEF774FB23
:10D2D00006460028A0D0D3E743680122013380F836
:10D2E000402088D08368013385D0FDF7AFFD064626
:10D2F000002880D0304613B0BDE8F08347F4803773
:10D30000E7619BE7E26902F00302012A08D098690D
:10D3100004F086FE60630028A0D16FF00B06AFE733
:10D32000586904F07DFE6063002897D1F5E76FF03F
:10D330001006A5E76FF01406A2E700BF2DE9F04F35
:10D340002DED028BCC698FB004F00305012D059201
:10D35000079300F0B98167038846834600F10D8189
:10D36000250500F11681A00340F1ED80079B002BFD
:10D3700000F0D88008F12C090693D8F81C309903E6
:10D3800000F18980D8F82030002B40F06481DBF870
:10D3900000100B6ACBF83830D8E908730C930DAB4A
:10D3A00008EE103A0BF114044FF0010ACDF820807A
:10D3B00018EE101A5846FDF73BFA00285ED10D9979
:10D3C000012940F29181DBF80000036A994200F2E2
:10D3D0008B81C3689847002840F0AD80002F00F093
:10D3E0006581DBF80010D1F81C807D1EA8F10806CD
:10D3F000B542C0F01B81B5FBF6F0013804910DF089
:10D4000069FC0230A5EB8005B5FBF6F528460DF06A
:10D4100061FCA7EB800005FB1607B845049900F0F6
:10D42000C380002F00F03F8100250DF12F0616E08C
:10D43000DBF800200D9B126A934280F03F81CDE91A
:10D44000016A0095224649465846FCF7C5FB00286C
:10D4500071D10135BD4280F0EF80DBF800100A6A1F
:10D460000C9B934280F03A81CDE9016A009500223D
:10D4700021465846FCF74EFA0028D9D0DDF8208026
:10D48000D8F81C3043F40023C8F81C300FB0BDECB2
:10D49000028BBDE8F08FDBF80010D8F82870CD695A
:10D4A000AF423FF476AFD8F824300BF11404069A5B
:10D4B000059EED1B954228BF15460EE010F1340F76
:10D4C000DED141465846FDF741FC0028D8D1D8F8B6
:10D4D0002870DBF80010D8F824300A6A9A4240F22B
:10D4E000ED80CDE901650097224649465846FCF794
:10D4F00073FB0028E2D1D8F82020D8F82830DBF8D8
:10D5000000102A442B44096AC8F82020C8F82830A3
:10D51000059A069BCBF838102A445B1B05920693AC
:10D520007FF42BAFD8F81C30079823F40023C8F8F9
:10D530001C30ABE7099F10F1340F9FD14FF0FF3340
:10D54000CBF8203034E7D8F82040D8F814309C428B
:10D550007FF60CAFC8F820300DAE0025012332460F
:10D56000414658468DF83450FFF7E8FE00288DDB21
:10D57000D8F820309C42F1D8F8E64FF0FF3224F47E
:10D580008023A603CA62CB6100F185802205DAD52B
:10D590001C46D8F81430D8F820209A4238BFC8F872
:10D5A0002030A003CFD5E1E6013595FAA5F3B3FA13
:10D5B00083F31846013304930A6A099700250DF195
:10D5C000300807460D9B93424FEA850676D2042227
:10D5D000CDE901820096224649465846FCF7FCFAFE
:10D5E0000C9B0028A6D1AF4211D0DBF80020126AB4
:10D5F000934273D20422CDE901820096024621466D
:10D600005846FCF787F900287FF438AF0C9B012BB4
:10D610005DD9DBF800100A6A934258D8049B0135A3
:10D62000AB42CFD1DDF820809F0009E047457FF471
:10D63000FBAE01230493BFE7DDF82080DBF8001088
:10D640000D9BC8E90937D8F81C20CD6942F4003297
:10D65000C8F81C202BE708F1280108F12402CDE9C5
:10D660000121013B0093D8E9042349465846FCF7C1
:10D6700019FA00287FF404AFDBF80030D8F8340042
:10D680009A69FF210DF072FD4FF0FF33DBF80010B7
:10D69000C8F82C307DE600F03DF800287FF4F6AEA7
:10D6A000D8F81C405CE6DDF82080C9E7DDF8208072
:10D6B0000D9BDBF80010C8E90937C4E70E4B0F4A91
:10D6C0000F489C210DF084FC6FF00800DEE60D4B46
:10D6D0000D4A0B4840F2D3410DF07AFC064B0B4A41
:10D6E000074812210DF074FC094B074A044840F228
:10D6F0008C410DF06DFC00BF504006008C420600CE
:10D7000070400600F0400600AC4206007C42060075
:10D71000384106002DE9F0430D4693B0064600F16E
:10D7200014072C22002104A8D5F820800DF01EFD3E
:10D7300097E807004FF0FF33D5E904C40DF1480E18
:10D7400073610EE90700296A6A69CDF8308001200B
:10D750009142CDF820C009940B901FD29946012325
:10D760000DF10F0204A9304600F072F90446002CB6
:10D770004FF001030DF10F02294630463ADBFFF767
:10D78000DDFD041E36DB7369013337D0C6F8149013
:10D790006A692B6ACDF83C909A42E0D805F12C09D1
:10D7A00018E030686B6B8269009284682A6BA0472E
:10D7B00004463A46494630461CB9FCF71FF9044670
:10D7C00058B114F1340F2946304613D1FDF7BEFA93
:10D7D000044678B9E96A4B1CE3D1EB69D5E9082125
:10D7E00023F4003343F480332961EB616A61C5F8A7
:10D7F00020800024204613B0BDE8F0832A6A6B69BC
:10D800009A42ACD3CAE700BFF0B5CB690C465903C6
:10D810009DB0054605D523F480234FF0FF32E36128
:10D82000E2629A0309D521462846FFF773FF0246B4
:10D8300010B110461DB0F0BDE36903F41023B3F539
:10D84000803F03D0002210461DB0F0BD6368013355
:10D85000F8D0A3680133F5D0221D11A92846FCF7A2
:10D860007FFA02460028E4D12946129B51F8140B96
:10D870000692076AE068059006AEBB42C6E901223F
:10D880002CD20C27CDE9000602972846FCF742F877
:10D8900002460028CDD19DF81830112B24D1059BCC
:10D8A0000B9603F10C060A9728460C979DF81B501F
:10D8B00027690F9209930D9609AA6669079711A91E
:10D8C000012308960E951095FDF786FE0246002866
:10D8D000AFD1E36923F48033E361AAE7064B074A3B
:10D8E000074812210DF074FB064B074A044840F22A
:10D8F00013610DF06DFB00BF504006007C42060036
:10D900007040060068410600BC4206002DE9F04167
:10D91000CB690C4659039CB0054605D523F48023FA
:10D920004FF0FF32E361E2629A0321D52146284697
:10D93000FFF7F0FE0646D0B1EB6843B19C4202D13E
:10D940006AE09C426AD019461B68002BF9D1A36992
:10D950002BB11B681BB130461CB0BDE8F0812B68B1
:10D960005B6B002BF7D1606B04F06EFBF3E7E369B0
:10D9700003F41023B3F5803F01D00026DCE7636891
:10D980000133FAD0A3680133F7D011A9221D28462C
:10D99000FCF7E6F906460028CED12946129B51F83D
:10D9A000142B0696106AE268059206AF8342C7E917
:10D9B000016636D24FF00C08CDE90027CDF808807B
:10D9C00032462846FBF7A6FF06460028B4D19DF84C
:10D9D0001830112B2BD1059B22690F9060699DF89F
:10D9E0001B600B97099303F10C070792089011A98C
:10D9F000012309AA28460E961096CDF82880CDF866
:10DA000030800D97FDF7E8FD0646002894D1E369C4
:10DA100023F48033E3618FE705F10C0123680B6089
:10DA200095E7064B064A074812210DF0D1FA064B3E
:10DA3000064A044840F213610DF0CAFA504006004D
:10DA40007C4206007040060068410600BC420600A9
:10DA50002DE9F04F0D46C96901F00304022C87B08F
:10DA60004FD08046880317461E464FD42A6A6969FC
:10DA70008A425CD2A1EB0209B1454B4628BF33462E
:10DA80000593002B57D01E4605F12C0905F1280BF4
:10DA900005F1240A1FE0D8F80000A96AC469A14270
:10DAA0001CD0641A026A6B6AB44228BF344693429F
:10DAB00045D20091CDE90174002249464046FBF76A
:10DAC00029FF00BB2A6AAB6A22442344361B274441
:10DAD0002A62AB622FD0EB695B03DCD4CDE901ABEA
:10DAE0000092D5E9042349464046FBF7DBFF50B9D5
:10DAF000EB69D8F80000A96AC46943F48023EB619C
:10DB0000CFE76FF0080007B0BDE8F08F4A0305D5F6
:10DB100021F480214FF0FF32E961EA622946404654
:10DB2000FFF7F8FD0028A1D007B0BDE8F08F002076
:10DB300007B0BDE8F08F059807B0BDE8F08F034B44
:10DB4000034A044812210DF043FA00BF504006007A
:10DB50007C42060070400600F8B50C46C9691646BE
:10DB60004A0307461D4605D521F480214FF0FF33B7
:10DB7000E161E3628B0305D538462146FFF7CAFD14
:10DB800000B1F8BD2DB1012D0CD0022D04D0206ABA
:10DB9000F8BD26623046F8BD002E606905DB3044D2
:10DBA0002062F8BD002E206AF9DA72428242F6D96C
:10DBB0006FF01500F8BD00BF086A7047CB699B0382
:10DBC00005D5086A4B69984238BF184670474869BE
:10DBD000704700BFF0B597B01546059105AB07AA91
:10DBE0000BA90646FCF770FA044610B1204617B0A0
:10DBF000F0BD4C22014628460DF0B8FA9DF82030C1
:10DC00002B70112B04BF0A9B6B607268099B9342B7
:10DC100023D00A98B16888421FD08B421DD082421F
:10DC20001BD03146079A51F8143B9DF821701C6AAD
:10DC30000C9B9DF8220004323A44A342024405F1B1
:10DC400008059DF823000ED2CDE901500092304620
:10DC50000022FBF75FFE0446C8E7064B1B882B81BA
:10DC6000204617B0F0BD044B044A054812210DF0C0
:10DC7000AFF900BF28400600504006007C42060075
:10DC8000704006002DE9F04F90F84030BBB00546DB
:10DC9000059183B943680122013380F840200AD0FE
:10DCA0008368013307D0FDF7D1F8044618B1204648
:10DCB0003BB0BDE8F08F09AA19A905AB2846FCF7CF
:10DCC00003FA04460028F2D19DF82830222B00F0F8
:10DCD000D08009AA19A92846FEF7FCFB04460028B3
:10DCE000E5D19DF82830222BE1D119AA25A9284693
:10DCF000FCF7D6F8041EDADB00F00B81DDE92D40DD
:10DD0000209B2390DDE91A21286822940133209377
:10DD100000230493CDE91A12C3680892079198472B
:10DD20004FF0FF3A4FF001080446E0B114F1340F10
:10DD3000BDD1079BC5F820A0012B40F2A480089B11
:10DD4000012B40F2A0801AA92846FCF771FD044679
:10DD50000028ACD128681A9901230493C368984716
:10DD600004460028E2D120AFA9461022394611A866
:10DD7000CDF844A000F0ECFE59F8202B1A9B126A53
:10DD8000934280F03A811026CDE900472246029660
:10DD900049462846FBF720FF04460028C6D1219BB0
:10DDA00023F00043043B102B31D905F1140B2FAFA6
:10DDB0002A68089B126A934280F02581CDE9017898
:10DDC0000096002259462846FBF7A4FD0446002889
:10DDD0007FF46DAF0122394611A800F0B9FE2A6820
:10DDE0001A9B126A934280F008812246CDE901789D
:10DDF000009649462846FBF7EFFE0446002895D1D9
:10DE0000219B23F000430136043B9E42D0D32A6875
:10DE10001A9B126A934280F0F080042211A9CDE986
:10DE200000610292494600222846FBF7D5FE0446CF
:10DE300000287FF47BAF296AC5F814A04B1C12D0D0
:10DE40002868AB6A8269009284686A6AA0470446BF
:10DE500000287FF46BAF2B68A86A9A69FF210DF048
:10DE600085F9C5F820A028680369984770B1044671
:10DE70005CE70BAA24A92846FBF772FF044600289A
:10DE80003FF427AF13E76FF0330410E7219FDDF86D
:10DE900068B0CDF8BCA027F0004705F11403043F9B
:10DEA0001C461DD006460DF1340907E0013601225B
:10DEB00049462FA800F04CFEB74211D02B681B6AD0
:10DEC0009B4580F0A080CDE9019800965B4600223A
:10DED00021462846FBF71EFD0028E7D00446E6E66B
:10DEE0002F9A119B9A427FF424AF049BC3B92C69EB
:10DEF000002C3FF4DCAE60681A9B98425AD0A268AE
:10DF00001B998A4256D0884254D0934252D02468FA
:10DF1000EEE7404B404A414840F26E710DF058F830
:10DF20006B6801334FD0AB6801332FAE07AF4CD0D5
:10DF3000324639460DAB2846FCF788F8041EFFF63A
:10DF4000B6AE42D0DDE91A400D9B11930C33159308
:10DF500010900C239DF83B000F94314612931493BC
:10DF600000241690189011AA0EAE0123284617948B
:10DF70001396FDF731FB044600287FF498AE07980E
:10DF80006B6898421AD0089AA9688A4216D08842CB
:10DF900014D0934212D00122013385F84020A6D03C
:10DFA000AB680133A3D02846FCF750FF0446002C91
:10DFB0009DD07CE663601B9BA360A8E7DDE91A3275
:10DFC000C5E90132E7E72FAE07AF394632462846AA
:10DFD000FBF766FF041EFFF66AAE88D0DDE91A4043
:10DFE0000023399031461A4628463894FDF7F4FA52
:10DFF0000446002C3FF47BAF59E6094B094A074819
:10E000009C210CF0E5FF064B074A044812210CF056
:10E01000DFFF00BF88410600CC42060070400600CA
:10E02000504006008C4206007C4206002DE9F04F6D
:10E030002DED028B8B6A0160C5B00446002B00F009
:10E040009780C361C86A002800F09E80A0628A6938
:10E05000FF210DF08BF84FF0FF33226823626361DC
:10E06000536AD90640F02783002B00F01D83106B04
:10E07000002800F09280E063D2E90551B1FBF5F38E
:10E0800005FB1313002B40F0FA82D769B7FBF1F5BB
:10E0900001FB1575002D40F000834FF0FF36A7F10E
:10E0A0000803B6FBF3F33344B3FA83F3C3F120035D
:10E0B000B7EB830FC0F0EA82526A25612946C4E9B2
:10E0C0000265D20884F8405066600DF04FF823686E
:10E0D000E562D3E90823934228BF1346C4E90C350F
:10E0E000A26322A92046FCF7EDF8054678B1236823
:10E0F0009A6A002A63D0DA6A002A5BD01B6B002B75
:10E1000054D0284645B0BDEC028BBDE8F08F2DA958
:10E110002046FCF7D7F805460028E8D1DDE92E2196
:10E12000349B0E92CDE92E120133049034930D915D
:10E130004FF001092068C36898470546002843D07E
:10E1400015F1340FD3D10D9B2662012B0DD90E9BF7
:10E15000012B0AD92EA92046FCF76AFB05460028A8
:10E16000C5D101232E990493E4E76FF03305BEE790
:10E17000486903F055FFE061002800F0DF80216866
:10E18000C86A00287FF462AF886903F049FFA06283
:10E19000002800F0D380216859E7D80803F040FF39
:10E1A000E063002800F0CA80226865E7E06B03F0B6
:10E1B0004BFFA6E7A06A03F047FF23689EE7E069EC
:10E1C00003F042FF236896E734AFA2461022394697
:10E1D00009A8099600F0BCFC5AF8202B2E9B126A65
:10E1E000934280F07D824FF01008CDE900572A4617
:10E1F000CDF8088051462046FBF7EEFC0546002886
:10E200009ED1359B23F00043043B102B474633D966
:10E2100004F1140B0DF1280822680E9B126A934238
:10E2200080F06482CDE9018900970022594620469A
:10E23000FBF770FB054600287FF459AF01224146E9
:10E2400009A800F085FC22682E9B126A934280F098
:10E2500047822A46CDE90189009751462046FBF7BF
:10E26000BBFC054600287FF46BAF359B23F00043D1
:10E270000137043B9F42CFD322682E9B126A934200
:10E2800080F02E82042209A9CDE900710292514644
:10E2900000222046FBF7A0FC054600287FF450AF83
:10E2A000216A66614B1C11D02068A36A82690092C2
:10E2B0008568626AA847054600287FF441AF236855
:10E2C000A06A9A69FF210CF051FF26622068036959
:10E2D0009847054600287FF433AF359BDDF8B8B08A
:10E2E0000A9623F0004304F11402043B08EE102ABE
:10E2F0003CD01D46234608EE90AA38AF924604460D
:10E30000984607E00134012239460AA800F020FCB3
:10E31000A54228D0D8F800301B6A9B4580F0E681E2
:10E32000CDE9017900945B46002251464046FBF757
:10E33000F1FA0028E6D005464446D8E623689A6AF2
:10E34000002A00F0C881DA6A002A00F0BF811B6B46
:10E35000002B00F0B7816FF00B05284645B0BDECEF
:10E36000028BBDE8F08F18EE90AA4446DDE9093231
:10E370009A427FF4E8AE049B002B40F01682256998
:10E380008DB168682E9B984200F0B681AA682F99DB
:10E390008A4200F0B181884200F0AE81934200F0E1
:10E3A000AB812D68ECE7A74A23688DF86A500826F0
:10E3B00041F22E47ADF868708DF86B6092E803006B
:10E3C000D3E907261D9220AA82E803002F9A06951A
:10E3D0004FF001102E9D1E9634211026A2601C9233
:10E3E0002C9202221F9065601B952B9519962A91FD
:10E3F0004FF0010904921846DDE92331299A0C9364
:10E40000CDE923130132002307932992C3680B91AE
:10E4100098470546D8B115F1340F7FF468AE0B9BD1
:10E420004FF0FF32012B226232D90C9B012B2FD9E6
:10E4300023A92046FCF7FCF9054628BB2068239950
:10E4400001230793C368984705460028E3D129AF05
:10E450004FF0FF331022394611A8119300F078FBDA
:10E460002268239B126A934280F03A811026CDE9FC
:10E4700000572A46029651462046FBF7ADFB18B3DB
:10E4800010F1340FCBD0054615F1340F7FF42FAEC9
:10E49000049B012B14D1069B002B3FF466AE22A9EE
:10E4A0000026012738AA2046CDE93867FBF758FC3B
:10E4B000054600287FF41BAE23681A6AA26317E69C
:10E4C00001232068049397E72A9B23F00043043B31
:10E4D000B34259D918EE108A37460DF1E00B05907A
:10E4E0002FE022680C9B126A934280F0FF80CDE9F6
:10E4F00001B90097002241462046FBF70BFA05467A
:10E500000028C1D10122594611A800F021FB226840
:10E51000239B126A934280F0E3802A46CDE901B939
:10E52000009651462046FBF757FB054600287FF42E
:10E5300072AF013701362A9B23F00043043B9E4211
:10E5400022D2059B002BCCD1102FCAD11AAD20228C
:10E55000294611A800F0FCFA2268239B126A934214
:10E5600080F0BE802021CDE900650291059A5146D8
:10E570002046FBF731FB054600287FF44CAF012312
:10E58000203630270593D6E72268239B126A9342F0
:10E5900080F0A680042211A9CDE9006102925146C3
:10E5A00000222046FBF718FB054600287FF433AF16
:10E5B000216A4FF0FF339942636113D02068A36A48
:10E5C000826900928568626AA847054600287FF440
:10E5D00022AF2368A06A9A69FF210CF0C7FD4FF0B3
:10E5E000FF332362206803699847054600287FF4BB
:10E5F00012AF2A9BDDF88C8023F0004B4FF0FF32E6
:10E60000BBF1040B38921FD018EE105A07460DAE1E
:10E6100007E001370122314638A800F099FABB45DE
:10E6200012D023681B6A984560D2CDE90169009732
:10E630004346002229462046FBF76CF90028E8D023
:10E64000054621E770420600389A119B9A427FF4F2
:10E65000E6AE079B002B57D123696BB15D68239A07
:10E6600095424DD099682498814249D0854247D03F
:10E670008A4245D01B68F0E70123069308E7914BD7
:10E68000914A924840F61F010CF0A2FC904B8E4A32
:10E690008E4840F623010CF09BFC8E4B8A4A8B4837
:10E6A0004FF402610CF094FC8B4B874A874840F68C
:10E6B00014010CF08DFC894B834A844840F6130109
:10E6C0000CF086FCE06B03F0BFFC44E6A06A03F0AC
:10E6D000BBFC23683BE6E06903F0B6FC236832E646
:10E6E0007F4B804A79489C210CF072FC7C4B7E4A1F
:10E6F000764812210CF06CFC6B602F9BAB6050E6EF
:10E700005A60249A9A60B5E76368013300F09F80ED
:10E71000A368013338AE0BAF00F09B803246394618
:10E720000DAB2046FBF792FC051EFFF6ADAE00F0E8
:10E730009080DDE923030D9D11950C3515950F9003
:10E740000C259DF83B0010933146129514951690B8
:10E750000025189011AA0EAE012320461795139696
:10E76000FCF73AFF054600287FF48EAE0B986368ED
:10E77000984267D00C9AA1688A4263D0884261D0DF
:10E7800093425FD04FF00102013384F840203FF400
:10E7900063AFA36801333FF45FAF2046FCF756FB3D
:10E7A0000546002D3FF458AF6EE6636801336ED026
:10E7B000A368013338AE0DAF6BD03246394611AB8A
:10E7C0002046FBF743FC051EFFF691AC61D0DDE966
:10E7D0002E02119B19930C331D9313900C2312A836
:10E7E0009DF84B50149231461A931C931B900026AF
:10E7F000012319AA20461E9520951F96FCF7ECFED2
:10E80000054600287FF473AC0D986368984239D0B0
:10E810000E9AA1688A4235D0884233D0934231D0D3
:10E820000122013384F840203FF4A9ADA3680133ED
:10E830003FF4A5AD2046FCF709FB0546002D3FF44B
:10E840009EAD54E4DDE92332C4E901329AE738AEE3
:10E850000BAF394632462046FBF722FB051EFFF67A
:10E8600013AE3FF4F9AEDDE9235000234290314668
:10E870001A4620464195FCF7AFFE0546002D3FF4B1
:10E88000EBAE01E6DDE92E32C4E90132C8E738AE6D
:10E890000DAF394632462046FBF702FB051EFFF658
:10E8A00026AC3FF46CADDDE92E500023429031469A
:10E8B0001A4620464195FCF78FFE0546002D3FF491
:10E8C0005EAD14E4C4410600D84206007040060064
:10E8D00024420600F4410600AC4106008C410600CB
:10E8E000504006008C4206007C420600F0B58B6A60
:10E8F00001609BB00446002B7CD0C361C86A00282D
:10E9000000F08380A0628A69FF210CF02FFC4FF099
:10E91000FF33216823626361486AC30640F0C38005
:10E92000002800F0D5800B6B002B75D0E363D1E994
:10E930000503B3FBF0F200FB1232002A40F0C18065
:10E94000C869B0FBF3F203FB1202002A40F0B28068
:10E950004FF0FF35A0F10803B5FBF3F32B44B3FAF6
:10E9600083F3C3F12003B0EB830FC0F085800B6A03
:10E97000A363C4E90155C4E90322C4E90B2284F866
:10E98000402062630026012704AA0FA92046CDE992
:10E990000467FBF7E5F9054660B123689A6A002A27
:10E9A00046D0DA6A002A3ED01B6B002B45D02846A1
:10E9B0001BB0F0BD2146109B51F8142B126A9342F4
:10E9C00080F08D802020029007AE1020CDE9000657
:10E9D0002A462046FAF79EFF05460028DDD1DDE9EC
:10E9E0000810424B0D9A9A42C4E9011029D06FF0E9
:10E9F0003305D2E7486903F013FBE061002831D00A
:10EA00002168C86A00287FF47DAF886903F008FB9D
:10EA1000A06238B3216876E7C00803F001FBE06329
:10EA200000B3216883E7A06A03F00EFB2368BBE70D
:10EA3000E06903F009FB2368B3E7E06B03F004FB34
:10EA4000B5E70E9AA3F18773A3F580639A42CED1FE
:10EA50000C9B1A0C012A02D19BB2012BA7D96FF093
:10EA600015059AE723689A6AC2B1DA6A8AB11B6B04
:10EA70004BB16FF00B059AE71D4B1E4A1E4840F63E
:10EA800023010CF0A5FAE06B03F0DEFA6FF00B0542
:10EA90008DE7A06A03F0D8FA2368E8E7E06903F09D
:10EAA000D3FA2368E1E7154B124A134840F61301E5
:10EAB0000CF08EFA124B0F4A0F484FF402610CF023
:10EAC00087FA104B0B4A0C4840F61F010CF080FAF5
:10EAD0000D4B084A084840F614010CF079FA0B4B2C
:10EAE0000B4A054812210CF073FA00BF6C6974746C
:10EAF00024420600D8420600704006008C41060001
:10EB0000F4410600C4410600AC4106005040060036
:10EB10007C42060003689A6A10B504462AB1DA6A94
:10EB200052B11B6B7BB1002010BDC06903F08CFAA1
:10EB30002368DA6A002AF4D1A06A03F085FA236810
:10EB40001B6B002BEFD1E06B03F07EFA002010BDB1
:10EB5000E2B170B4561E0E4D02680E444C1E14F8FD
:10EB6000013F83EA020101F00F01A64255F821108E
:10EB700081EA121282EA131303F00F0355F82330CF
:10EB800083EA1212EBD170BC02607047704700BF7D
:10EB9000E442060010B5034B03600446FAF7AAFAF4
:10EBA000204610BD2C43060010B5054B03600446FB
:10EBB000FAF7A0FA204605F0B1FD204610BD00BFCF
:10EBC0002C43060008B500F0DFF9002008BD00BFA7
:10EBD00070B501F5ED51CC0182B004F18006FF253E
:10EBE000012220460DF1070114448DF8075000F072
:10EBF000D1F9A642F4D1002002B070BD08B501F5EC
:10EC0000ED5102EBC110029A194600F0C3F9B0FAB7
:10EC100080F04009404208BD08B501F5ED5102EB16
:10EC2000C1111846029A00F0CDF90028CCBF00208F
:10EC30000120404208BD00BF38B500210546FAF763
:10EC400079FA98B94FF46D24204604F5805400F009
:10EC5000C5F958B1B4F5742FF6D12846FAF78CFAF5
:10EC600028460021BDE83840FAF764BA38BD00BF35
:10EC700010B5074C07492046FAF744FA064B2360C3
:10EC80002046064A0649BDE810400CF09BB900BF7B
:10EC900008E50020F86100202C43060000600020F9
:10ECA00095EB040010B504460069431C18D0E368D6
:10ECB00023B161694FF48052984770B90D2006F076
:10ECC0006FFE236820699847D4E9040163684FF414
:10ECD000805298470D2006F079FE4FF0FF332361F4
:10ECE00010BD00BF2DE9F04F83B0019343B3DFF8AF
:10ECF000709005460E4690461F46C6F30B0ACAF5AD
:10ED000080542B69BC4206EA090B28BF3C465B4590
:10ED100028464146224617D0FFF7C4FFAB68686912
:10ED2000C5F810B059464FF480529847686941467B
:10ED3000224650440CF0F2F93F1B2644A044DCD19B
:10ED4000019803B0BDE8F08F686950440CF0E6F913
:10ED50003F1BA0442644D0D1019803B0BDE8F08FFA
:10ED600000F0FFFF2DE9F84307691D467B1C0646AE
:10ED70008846144605D097420BD807F580539A422F
:10ED800030D3B368214640462A4698472846BDE816
:10ED9000F88353199F42F4D207F580539A42F0D278
:10EDA000A7EB04094A462146B3684046E71B98474B
:10EDB0007A1908EB09004FF4805C0021624528BFF6
:10EDC00062467369174619444F440CF0A7F9BD42D7
:10EDD000DCD9B368E11908EB0700EA1B984728461D
:10EDE000BDE8F883A7EB040C0CF5805CE11B2A4618
:10EDF00040464FF00009E1E729DF704728DF704700
:10EE000012DF704708B50CF07BF9B0FA80F04009CA
:10EE100008BD00BF10B514460CF080F9204610BDA7
:10EE2000F0B5194E316883B0054629B3174F2D0B45
:10EE300014242846FFF7E2FF03460DF107008BB9C3
:10EE40008DF80730FFF7DCFF9DF8073013B901207C
:10EE500003B0F0BD30684FF0FF3103F097FD3B6821
:10EE6000022BF4D0012003F06FF8631E13F0FF04AF
:10EE7000DFD1002003B0F0BD0322012003F022F90E
:10EE800030600028D2D1F4E7ACF5002048620020C1
:10EE90002DE9F04FDFF8C0B0DFF8C0A083B017460F
:10EEA00005460E464FEA52094FEAD208142442465C
:10EEB00031462846FFF7A0FF03460DF107005BBB74
:10EEC0008DF80730FFF79CFF9DF80730D3B94E440B
:10EED0004D44DFF884A0DFF8849014244246314684
:10EEE0002846FFF789FF03460DF1070053BB8DF855
:10EEF0000730FFF785FF9DF80730CBB9384603B0E0
:10EF0000BDE8F08FDBF800004FF0FF3103F03EFD6D
:10EF1000DAF80030022BDAD00120013C03F014F8BB
:10EF200014F0FF04C3D10027384603B0BDE8F08FCA
:10EF3000DAF800004FF0FF3103F028FDD9F8003077
:10EF4000022BDBD00120013C02F0FEFF14F0FF0495
:10EF5000C4D10027E8E700BFACF5002048620020DC
:10EF6000074B1A6852B130B4064D044600231046D0
:10EF70002C601A4630BC194603F018B9704700BF20
:10EF8000ACF50020486200200148FFF78BBE00BFAF
:10EF90003062002010B4094CA0420AD3B0F5742F9F
:10EFA00007D213465DF8044B0A4601460448FFF7B2
:10EFB00099BE4FF0FF305DF8044B704700600200CF
:10EFC0003062002010B40C46134601462246024827
:10EFD0005DF8044BFFF7C6BE30620020FFF720BF8C
:10EFE00008B501210D2006F0F5FB0D2006F0EEFC22
:10EFF00001210E2006F0EEFB0E2006F0E7FC0121B9
:10F000000F2006F0E7FB0F2006F0E0FC10200121A6
:10F0100006F0E0FBBDE80840102006F0D7BC00BFBA
:10F0200000B551EC100B264A21F00043934285B005
:10F030001EDD244A934209DD10EE102A0B460BF028
:10F0400031F941EC100B05B05DF804FB684600F0A7
:10F050007FFA00F00300012811D0022825D0E8B182
:10F060009DED021B9DED000B012001F0D5FAEAE7B2
:10F070009FED111B00F068FD05B05DF804FB9DEDF0
:10F08000021B9DED000B01F0C7FA53EC102B03F1AE
:10F09000004300EE903A05B05DF804FB9DED021BC5
:10F0A0009DED000B00F050FDCDE79DED021B9DEDA9
:10F0B000000B00F049FDE8E7000000000000000040
:10F0C000FB21E93FFFFFEF7F00B551EC100B284A11
:10F0D00021F00043934285B025DD264A934209DDA5
:10F0E00010EE102A0B460BF0DDF841EC100B05B0CA
:10F0F0005DF804FB684600F02BFA00F003000128DD
:10F1000019D0022826D0E8B19DED021B9DED000B21
:10F1100000F01AFD53EC102B03F1004300EE903A7F
:10F1200005B05DF804FB9FED101B002001F074FAA0
:10F1300005B05DF804FB9DED021B9DED000B00F09A
:10F1400003FDD4E79DED021B9DED000B012001F0B6
:10F1500063FACCE79DED021B9DED000B012001F051
:10F160005BFAD7E7AFF3008000000000000000006A
:10F17000FB21E93FFFFFEF7F10EE102AC2F3C753D8
:10F180007F3B162B22F000411ADC002B21DB1A49B1
:10F1900019410A421CD0DFED197A70EE277AF5EE9C
:10F1A000C07AF1EE10FA13DD002A04DD4FF40000FE
:10F1B00040FA03F31A4422EA010300EE103A7047C2
:10F1C000B1F1FF4F04D330EE000A70479FED0C0AF7
:10F1D0007047DFED0A7A70EE277AF5EEC07AF1EE2D
:10F1E00010FAF5DD002AF1DB0029F7EE007A18BFEE
:10F1F000B0EE670A704700BFFFFF7F00CAF2497197
:10F200000000008010EE102AC2F3C7537F3B162B7C
:10F2100022F000411ADC002B1EDB1A4919410A4278
:10F2200027D0DFED197A70EE277AF5EEC07AF1EE8D
:10F2300010FA1EDD002A04DA4FF4000040FA03F34E
:10F240001A4422EA010300EE103A7047B1F1FF4F71
:10F250000FD330EE000A7047DFED0B7A70EE277A9D
:10F26000F5EEC07AF1EE10FA03DD002A02DB9FED25
:10F27000070A70470029FFEE007A18BFB0EE670A50
:10F28000704700BFFFFF7F00CAF249710000000015
:10F2900000F05EB82DE9F0432DED028B8BB055ECFC
:10F2A000104B00F08BFB284BB0EE408AF0EE608AEA
:10F2B00093F900707B1C12D022462B46204629462B
:10F2C0000BF042FC064650B94FF000084FF0000921
:10F2D0002046294642464B460BF00EFC40B9B0EEA4
:10F2E000480AF0EE680A0BB0BDEC028BBDE8F08373
:10F2F000164B08960122CDE90445CDE9024500925E
:10F30000019397B142464B46404649460BF0ACFA52
:10F31000022FCDE906010AD10BF092FE21230360F2
:10F32000089B63B99DED068BD9E7CDE90689684650
:10F3300001F076FC0028EFD0089B002BF2D00BF0F8
:10F340007FFE089B0360EDE74C620020F44306005B
:10F3500051EC110B2DE9F0474342794E034321F064
:10F36000004C4CEAD373B34255EC104B82B047D8F3
:10F370006342234325F0004A4AEAD373B34210EEB6
:10F3800010EAA9463CD801F1404303F5801303433A
:10F390004CD04FEAA17808F002085AEA040348EA80
:10F3A000D57838D05CEA000348D0B4455DD0B2458A
:10F3B00044D0AAEB0C0CBCF1747F4FEA2C534FDA0B
:10F3C000002961DA3C335FDA9FED4F7B8DED007BE6
:10F3D000B8F1010F78D0B8F1020F64D0B8F1000F86
:10F3E00014D04BA3D3E90023DDE900010AF05AFF52
:10F3F00049A3D3E900230AF055FFCDE9000105E058
:10F4000022462B460AF050FFCDE900019DED000B8E
:10F4100002B0BDE8F087B8F1020F17D0B8F1030FC2
:10F4200009D19FED3F7B8DED007BEFE702B0BDE89A
:10F43000F04701F0B1B98DED000BE7E7B9F1000F2E
:10F4400009DB9FED397B8DED007BDFE79FED327BA4
:10F450008DED007BDAE79FED367B8DED007BD5E708
:10F460009FED317B8DED007BB2E7E24508F1FF387F
:10F4700032D0B8F1020F3AD8324B03EBC80898EDFE
:10F48000007B8DED007BC1E702460B4620462946F6
:10F490000BF0EAF941EC100B01F032FB01F07CF9C2
:10F4A0008DED000B94E71AA3D3E90023DDE90001F9
:10F4B0000AF0F8FE02460B4617A1D1E900010AF056
:10F4C000F1FECDE90001A1E7DDE90023019901F199
:10F4D0000043CDE9002399E7B8F1020F0CD81A4B8D
:10F4E00003EBC80898ED007B8DED007B8EE79FED68
:10F4F000067B8DED007B89E79FED0F7B8DED007B1B
:10F5000084E700BFAFF300800000000000000000AF
:10F51000075C143326A6A13C182D4454FB21094056
:10F52000182D4454FB2109C0182D4454FB21F93FE8
:10F53000182D4454FB21F9BF182D4454FB21E93FF9
:10F540000000F07F184406000044060000000000A0
:10F550002DE9F04F53EC102B2DED048B924923F045
:10F5600000458D4289B0044640F38F808F498D421B
:10F570009B462DDCBBF1000F194610EE100A80A34C
:10F58000D3E9002340F3C7810AF08CFE884B9D42EB
:10F5900006460F4600F091807BA3D3E900230AF0D2
:10F5A00081FE02460B46C4E90023304639460AF084
:10F5B00079FE75A3D3E900230AF074FEC4E90201C1
:10F5C0004FF0010A504609B0BDEC048BBDE8F08F46
:10F5D00078498D4240F3948077498D4210EE100AAD
:10F5E00061DC4FEA255AAAF2164AA5EB0A511646E3
:10F5F0000F460BF0BFFA0AF0A3FF8046894630465B
:10F60000394642464B46CDE902890AF04BFE6B4B28
:10F6100000220AF0FFFF0F4606460BF0ABFA054644
:10F620000AF08EFF02460B4630463946CDE90423E8
:10F630000AF038FE614B00220AF0ECFF02460B464E
:10F64000CDE90623002200230BF04CFA002800F03D
:10F650006081002D0CBF01230223594A019202212F
:10F660005246009102A8214600F0AEFBBBF1000F0C
:10F670008246A7DA6268E36802F1004203F10043C0
:10F68000C0F1000A6260E3609CE7002000214FF0B7
:10F69000000AC4E90201504684ED000B09B0BDEC3C
:10F6A000048BBDE8F08F19460AF0FCFD4FF0000A0C
:10F6B000C4E90201C4E9000184E735A3D3E90023CA
:10F6C0000AF0F0FD34A3D3E9002306460F460AF002
:10F6D000E9FD02460B46C4E90023304639460AF0EC
:10F6E000E1FD2DA3D3E900230AF0DCFD4FF0010A70
:10F6F000C4E90201504609B0BDEC048BBDE8F08FAF
:10F7000001F0FEF957EC106B10EE100A24A3D3E9B8
:10F71000002339460AF07EFF2A4B00220AF0C4FD7E
:10F720000BF028FA82460AF00BFF15A3D3E9002359
:10F73000804689460AF06EFF02460B46304639463F
:10F740000AF0B0FD10A3D3E9002306460F46404659
:10F7500049460AF05FFFBAF11F0F49EC198B47ECDD
:10F76000186B8046894631DC174B0AF1FF3253F89B
:10F770002230AB422AD002460B4630463946A4E03E
:10F7800000004054FB21F93F3163621A61B4D03D5F
:10F790000000601A61B4D03D7370032E8A19A33B38
:10F7A00083C8C96D305FE43FFB21E93F7BD902404C
:10F7B000FB21F93FFB213941FFFFEF7F0000704142
:10F7C000B04406000000E03F3044060042464B468D
:10F7D00051EC180B0AF066FD0A46C2F30A53C3EB5C
:10F7E0001553102B0146064617464FEA255573DD83
:10F7F00069A3D3E9002351EC190B0AF00BFF59EC74
:10F80000188B06460F4632463B4618EE100A49460C
:10F810000AF048FD41EC180B404653EC182B4946C2
:10F820000AF040FD32463B460AF03CFD5CA3D3E9BA
:10F83000002306460F4651EC190B0AF0EBFE324648
:10F840003B460AF02FFD8046894642464B4651EC26
:10F85000180B0AF027FD0A46C2F30A53ED1A312DA0
:10F8600001460646174637DD50A3D3E9002351EC85
:10F87000190B0AF0CFFE56EC185B804689464246CB
:10F880004B4618EE100A31460AF00CFD41EC180BFD
:10F89000314653EC182B28460AF004FD42464B46ED
:10F8A0000AF000FD43A3D3E9002306460F4651ECBE
:10F8B000190B0AF0AFFE32463B460AF0F3FC8046D5
:10F8C000894651EC180B42464B460AF0EBFCC4E962
:10F8D000000106460F4601E0C4E9001232463B46ED
:10F8E00051EC180B0AF0DEFC42464B460AF0DAFCFB
:10F8F000BBF1000FC4E90201BFF664AE07F1004599
:10F9000001F10043C4E90065C4E90203CAF1000A39
:10F9100058E60323A1E60AF0C7FC234B9D420646A6
:10F920000F4616D01AA3D3E900230AF0BDFC024605
:10F930000B46C4E90023304639460AF0B3FC14A351
:10F94000D3E900230AF0B0FC4FF0FF3AC4E902010A
:10F9500038E611A3D3E900230AF0A6FC10A3D3E9EB
:10F96000002306460F460AF09FFC02460B46C4E9F8
:10F970000023304639460AF095FC09A3D3E9002359
:10F980000AF092FC4FF0FF3AC4E902011AE600BF08
:10F990003163621A61B4D03D0000601A61B4D03D99
:10F9A0007370032E8A19A33BFB21F93F0000002E40
:10F9B0008A19A33BC14920259A837B392DE9F0415F
:10F9C0005F4A57EC106BBA4300F09880002F10EE9E
:10F9D000104A3B464EDD39155BD0C3F31303CA070B
:10F9E00043F48013A1F2FF3E03D45B0003EBD47316
:10F9F0006400E20F4FF0000C02EB43034FEA6E0E7F
:10FA00006400664616254FF40012B118994202DCD4
:10FA10005B1A8E1894445B00013D03EBD4734FEAEC
:10FA200052024FEA4404F0D12F4620204FF000420A
:10FA300009E03ED0E10F01384FEA520201EB4303E7
:10FA40004FEA44043ED0B34202EB0501F1DD002948
:10FA500001EB020509DBB0469B1BA14288BF03F105
:10FA6000FF33641A17444646E4E7002DF3DB06F142
:10FA70000108F1E727F00042324336D0002F4DD184
:10FA80003946E20A153964051346002AF9D0D7022F
:10FA900051D400205B00DE02054600F10100F9D5DB
:10FAA0001A4623468440C0F12000C3401343491B3B
:10FAB00093E7A142BED8002901EB0205D5DB9846A9
:10FAC0000023CEE7234312D178084FEA6C0101F1FD
:10FAD0007F511CF0010F01F5001118BF40F00040EC
:10FAE00001EB0E53024643EC102BBDE8F0817B1C6A
:10FAF00016BF781C0CF1010C4008E6E710EE102A46
:10FB000010EE100A3B4639460AF084FD32463B4669
:10FB10000AF0CAFB41EC100BBDE8F08110EE102A90
:10FB2000304639460AF0BEFB02460B460AF09CFE00
:10FB300041EC100BD9E7234620204FF0FF35B4E706
:10FB40000000F07F000000002DE9F84F57EC106B2B
:10FB500027F00049B9F1795F2DED048B5BEC11AB17
:10FB600071DA10EE100A39460BF004F8002800F0A4
:10FB7000F68032463B46304639460AF04BFD7CA3C0
:10FB8000D3E9002304460D460AF044FD7AA3D3E9E5
:10FB900000230AF089FB22462B460AF03BFD78A39E
:10FBA000D3E900230AF07EFB22462B460AF032FD01
:10FBB00075A3D3E900230AF077FB22462B460AF00F
:10FBC00029FD73A3D3E900230AF06CFB22462B46E0
:10FBD0000AF020FD70A3D3E900230AF065FB22465A
:10FBE0002B460AF017FD41EC180B714B0022204602
:10FBF00029460AF00FFD53EC182B80468946204613
:10FC000029460AF007FD52465B4604460D4630463B
:10FC100039460AF0FFFC02460B46204629460AF008
:10FC200041FB02460B46404649460AF03BFB024672
:10FC30000B4600205F490AF035FBBDEC048B41EC1C
:10FC4000100BBDE8F88F10EE102A10EE100A3B469C
:10FC500039460AF0DFFC46A3D3E9002304460D46EB
:10FC60000AF0D8FC44A3D3E900230AF01DFB224686
:10FC70002B460AF0CFFC42A3D3E900230AF012FB83
:10FC800022462B460AF0C6FC3FA3D3E900230AF024
:10FC90000BFB22462B460AF0BDFC3DA3D3E9002313
:10FCA0000AF000FB22462B460AF0B4FC3AA3D3E943
:10FCB00000230AF0F9FA2B4622460AF0ABFC3E4B31
:10FCC000994541EC180B90DD3C4B99453CDC0022FA
:10FCD000A9F5001337490020904699460AF0E2FA48
:10FCE00041EC190B324B0022204629460AF092FCC7
:10FCF00042464B460AF0D6FA53EC182B804689460A
:10FD0000204629460AF086FC52465B4604460D46CC
:10FD1000304639460AF07EFC02460B46204629460C
:10FD20000AF0C0FA02460B46404649460AF0BAFAC3
:10FD300002460B4651EC190B0AF0B4FABDEC048BE9
:10FD400041EC100BBDE8F88F9FED157BDFF870904C
:10FD5000B0EE479AF0EE679A4FF00008C2E7BDECAC
:10FD6000048B9FED110BBDE8F88F00BFAFF300804F
:10FD7000D43888BEE9FAA8BDC4B1B4BD9EEE213E18
:10FD8000AD529C804F7E923E9015CB19A001FA3E59
:10FD90007751C1166CC1563F4C5555555555A53F29
:10FDA000000000000000E73F000000000000F03FFE
:10FDB0000000E03F0000F03F3233D33F0000E93F56
:10FDC0000000D23F000000002DE9F04FADF5197D95
:10FDD000BB4CA29D089354F825400594013B12F1B9
:10FDE000140F04900B910393C0F22683B549D31EE0
:10FDF00081FB0301DB17C3EBA10307930133A3EBE3
:10FE00008303DB00D3180693079A039BD41A059A41
:10FE1000D6181AD40136A39F4FF000084FF00009FE
:10FE2000264420AD08E057F824000AF089FB01348D
:10FE3000B442E5E8020108D0002CF4DA013440466F
:10FE40004946B442E5E80201F6D1059B002BC0F219
:10FE5000C883089BDDF80C90DA000292059A1A44D8
:10FE60000192049A20A901EBC30A0DF5E07B02EB95
:10FE7000C308039B002B4FF000044FF0000511DB7B
:10FE8000049E574677E90223F6E802010AF0C2FB16
:10FE900002460B46204629460AF006FA4645044625
:10FEA0000D46EFD1019B09F101099945EBE80245A7
:10FEB0000AF1080ADDD1059A04980CA901EB820326
:10FEC00002990144083B8B460BA90993134601EBA9
:10FED00082020A920193019A98A901EBC203002AB7
:10FEE00053E928452ADD0DF5E07909EBC2080DF14B
:10FEF000300A754B0022204629460AF08BFB0AF097
:10FF000039FE0AF01DFB714B002206460F460AF02F
:10FF100081FB02460B46204629460AF0C3F90AF047
:10FF200029FE044678E902234AF8044B3046394654
:10FF30000AF0BAF9C84504460D46DAD1DDF8189042
:10FF400045EC104B484600F06FFE55EC104B00227C
:10FF50004FF07F5310EE100A29460AF05BFB41EC8C
:10FF6000100B00F0D9FD5A4B51EC100B00220AF097
:10FF700051FB02460B46204629460AF093F90D46EE
:10FF800004460AF0F7FD80460AF0DAFA0B4602460C
:10FF9000294620460AF086F94B46002B06460F46B6
:10FFA00040F39880019A0CA9013AC9F1180351F85D
:10FFB000225045FA03F101FA03F3EB1AC9F11705D0
:10FFC0000CA843FA05F5002D40F82230884400F3D0
:10FFD0008B8000220023304639460AF083FD00283A
:10FFE00000F05682019B059A03F1FF3A524510DC5E
:10FFF00003F180430CAA013B0A9802EB8303002221
:020000025000AC
:1000000053F80419834242EA0102F9D1002A40F070
:10001000DC80059B0CAA013B52F82330002B40F0FA
:10002000CF80099A012352F8041901330029FAD02C
:1000300001994A1CCB1802939146079B089902EB41
:10004000030A019B0B44984620AB0AF1804A03EB5C
:10005000C808A39B0AF1FF3A03EB8A0A70AB03EBD3
:10006000C20301935AF8040F0AF06AFA0B46039987
:1000700002460029C8E9002347464FF0000408F172
:1000800008084FF0000511DB049E01E077E9022328
:10009000F6E802010AF0BEFA02460B46204629465F
:1000A0000AF002F95E4504460D46EFD1019BE3E8F4
:1000B00002450193029B09F101099945D2DD09E747
:1000C000F8450600ABAAAA2A0000703E0000704165
:1000D000000020406BD1019B0CAA013B52F8235039
:1000E000ED15002D7FF775AF019B002B08F101087E
:1000F00040F3CC810C9C002C51D1019B012B20D0D2
:100100000CAB012253F8044F002C4BD0531C0CA90C
:10011000C4F1807441F822400199994210DD0CAA83
:100120000CA852F8232000EB830300EB81006FF052
:100130007F4100E01A688A1A43F8042B8342F9D100
:100140000124069B002B0EDD012B00F06A81022B9F
:1001500009D1019B5A1E0CAB0CA953F82230C3F3F2
:10016000150341F82230022D7FF433AF32463B466F
:10017000B94900200AF096F806460F46002C3FF4D5
:1001800028AF06989FEDB00B00F04EFD3046394683
:1001900053EC102B0AF086F806460F4619E70123A8
:1001A0000022B4E7019901328A42ABD1C9E7AB4BD7
:1001B00000220AF0B5FC002840F05681054608E709
:1001C000019B5A1C9146029237E70CAB069A53F8F2
:1001D0002A30CDF81C80183A0395069273B9019B1A
:1001E00003F18043023B0CA901EB830353F804198C
:1001F0000AF1FF3A183A0029F8D006929FED920BC7
:10020000069800F011FDBAF1000F55EC104BC0F24A
:10021000DE8170AB03EBCA0B0CAA0AF10103069353
:1002200002EB83084FEACA030BF10809049358F85C
:10023000040D0AF085F922462B460AF0EBF9064632
:100240000F46874B2046294669E9026700220AF0DB
:10025000E1F90CAB984504460D46E8D148ABCDE931
:10026000013ADDF814A0BAF1000F4FF000092CDBC1
:1002700077A3D3E90023DFF8EC815F460024002553
:10028000002603E0B14510DBF8E80223F7E802019D
:100290000AF0C0F902460B46204629460AF004F847
:1002A0000136B24504460D46ECDA019B029A03EB97
:1002B000C9034A45C3E90045ABF1080B09F1010345
:1002C00006D0BAF1000F9946D2DA00240025ECE7F7
:1002D000A29BDDF808A0022B1EDC002B00F30F818F
:1002E00013D1049C019D0834002000212C4474E9A2
:1002F000022309F0D9FFA542F9D1039B13B101F103
:10030000004319460B9BC3E90001079B03F007005C
:100310000DF5197DBDE8F08FA29B032BF5D1BAF145
:10032000000F00F07081019A049BD318D3E90045B7
:1003300002EBCA0B7BE902672046294632463B4660
:1003400009F0B2FFA046A94604460D4622462B46B8
:100350003046394609F0A6FF4B46424609F0A4FF55
:10036000019B5B45CBE90045CBE90201E2D1BAF143
:10037000010F40F34881019A049B0AF1005A0AF1E7
:10038000FF3A13444FEACA01D3E9004501F1080AD4
:10039000029192440DF5947B7AE902672046294642
:1003A00032463B4609F080FFA046A94604460D466A
:1003B00022462B463046394609F074FF42464B46EA
:1003C00009F072FFD345CAE90045CAE90201E3D149
:1003D000029C019B0026002710341C4403F11005E9
:1003E0003046394674E9022309F05EFFA542F9D18F
:1003F00006460F46039B002B40F0BF80019A0B99E5
:10040000D2E90045D2E90223C1E90223079B03F0A8
:100410000700C1E90467C1E900450DF5197DBDE894
:10042000F08F019B5A1E0CAB0CA953F82230C3F37A
:10043000160341F8223096E600216FF0170307916A
:10044000E0E400BFAFF30080000000000000F03FD8
:1004500000000040FB21F93F0000F03F0000E03FBA
:100460000000703EC0450600019B002B08F101080A
:10047000C8BF02253FF73EAE32463B4663490020E7
:1004800009F010FF022506460F46A2E5002458E6B3
:10049000069B0395584247EC106BCDF81C8000F08A
:1004A000C3FB55EC104B5A4B10EE100A00222946A4
:1004B0000AF036FB002856D0564B0022204629462B
:1004C0000AF0A8F80AF056FB06460AF039F8504B35
:1004D00000220AF09FF80B4602462946204609F002
:1004E000E1FE0AF047FB069B019C183304F1010A68
:1004F00006930CAB43F8240043F82A607EE6019D86
:10050000069A002005EBC204002174E9022309F0D9
:10051000CBFEA542F9D1039B002B48D10B9BC3E92D
:1005200000010B4601990246D1E9000109F0BAFE2B
:10053000BAF1000F0DDD4AAD0124F5E802230134C4
:1005400009F0B2FEA245F8DA039B13B101F10043B2
:1005500019460B9BC3E90201079B03F007000DF549
:10056000197DBDE8F08F204629460AF003FB019B68
:100570000CAA9A4642F8230040E6019B19465A68A5
:10058000DB680D688C680B9903F10043CB60079B17
:100590000D6002F100424A6003F0070007F10042DB
:1005A0008C600E614A610DF5197DBDE8F08F0B9CE2
:1005B00001F10043C4E900030B4601990246D1E969
:1005C000000109F06FFEBAF1000FB4DCBEE7A29B98
:1005D000022B0ADC002B11DC7FF497AE00200021F7
:1005E0008BE6089BDB00029365E4A29B032B7FF460
:1005F0008CAE48AB002600270193FBE648AB0020F9
:100600000021019387E700260027F3E60000F03F72
:10061000000070410000703E2DE9F04F55EC104B8A
:1006200085B025F00043B3F1795F8DED001B039099
:1006300007DA10EE100A29460AF09CFA002800F0AA
:10064000898022462B462046294609F0E3FF0646CC
:100650000F4632463B462046294609F0DBFF43A3BE
:10066000D3E9002382468B463046394609F0D2FF53
:1006700040A3D3E9002309F015FE32463B4609F0BA
:10068000C9FF3EA3D3E9002309F00EFE32463B46E4
:1006900009F0C0FF3BA3D3E9002309F003FE324673
:1006A0003B4609F0B7FF39A3D3E9002309F0FCFD6D
:1006B000039B80468946ABB3DDE900012A4B00224B
:1006C00009F0A8FF42464B468046894650465946A7
:1006D00009F0A0FF02460B464046494609F0E2FDFC
:1006E00032463B4609F096FFDDE9002309F0DAFDCA
:1006F0001BA3D3E9002306460F465046594609F08E
:1007000089FF02460B463046394609F0CDFD0246C8
:100710000B462046294609F0C5FD41EC100B05B0FB
:10072000BDE8F08F02460B463046394609F072FFAD
:100730000BA3D3E9002309F0B5FD52465B4609F04F
:1007400069FF22462B4609F0AFFD41EC100B05B0C6
:10075000BDE8F08F45EC104B05B0BDE8F08F00BF51
:10076000495555555555C53F0000E03F7CD5CF5AFA
:100770003AD9E53DEB9C2B8AE6E55A3E7DFEB15722
:10078000E31DC73ED561C119A0012A3FA6F810118B
:100790001111813F000000002DE9F84F55EC104B7E
:1007A000CD4B25F000469E42AA460DDDCB4B9E4226
:1007B00000F3B58000F0B080BAF1000F40F3F6808E
:1007C0009FEDA90BBDE8F88FC54B9E4200F3C38097
:1007D000A3F1DE739E4240F3AC804FF0FF3B224614
:1007E0002B462046294609F015FF02460B46804657
:1007F000894609F00FFF9EA3D3E9002306460F4662
:1008000009F008FF9CA3D3E9002309F04DFD32460F
:100810003B4609F0FFFE9AA3D3E9002309F044FD0B
:1008200032463B4609F0F6FE97A3D3E9002309F0D0
:100830003BFD32463B4609F0EDFE95A3D3E900238C
:1008400009F032FD32463B4609F0E4FE92A3D3E9BB
:10085000002309F029FD42464B4609F0DBFE90A338
:10086000D3E90023804689463046394609F0D2FE56
:100870008DA3D3E9002309F015FD32463B4609F06C
:10088000C9FE8BA3D3E9002309F00CFD32463B4699
:1008900009F0C0FE88A3D3E9002309F003FD324626
:1008A0003B4609F0B7FE86A3D3E9002309F0FAFC22
:1008B00032463B4609F0AEFEBBF1FF3F02460B4617
:1008C00078D04046494609F0EFFC864E22462B463A
:1008D00009F0A0FE844B06EBCB064FEACB0B9B4402
:1008E000DBE9002309F0DEFC22462B4609F0DAFCA6
:1008F00002460B46D6E9000109F0D4FCBAF1000F1C
:1009000041EC100B13DA10EE901A024601F100438D
:1009100043EC102BBDE8F88F002C3FF44DAF22467E
:100920002B462046294609F0BFFC41EC100BBDE8E0
:10093000F88F65A3D3E9002310EE100A294609F0C9
:10094000B3FC6A4B00220AF0F5F800283FF445AFEB
:1009500045EC104BEBE700F0D3F8654B9E4255ECAD
:10096000104B39DCA3F550239E4262DC10EE102AB6
:1009700010EE100A2B46294609F096FC5B4B00222C
:1009800009F090FC00224FF0804306460F462046B7
:10099000294609F089FC02460B463046394609F0E3
:1009A00063FF4FF0000B04460D4618E79FED480B20
:1009B000BDE8F88F4046494609F076FC22462B46B2
:1009C00009F028FE02460B462046294609F06AFC3B
:1009D00041EC100BBDE8F88F464B9E421DDA10EE3D
:1009E000100A454B0022294609F05CFC424B0646A2
:1009F0000F4600222046294609F00CFE3B4B002200
:100A000009F052FC02460B463046394609F02CFFED
:100A10004FF0020B04460D46E1E62B4610EE102A7D
:100A20003649002009F020FF4FF0030B04460D4625
:100A3000D5E610EE100A2D4B0022294609F032FCB3
:100A40002A4B002206460F462046294609F02CFC78
:100A500002460B463046394609F006FF4FF0010BBF
:100A600004460D46BBE600BF182D4454FB21F93F58
:100A700011DA22E33AAD903FEB0D76244B7BA93F90
:100A8000513DD0A0660DB13F6E204CC5CD45B73F5E
:100A9000FF8300922449C23F0D5555555555D53F0A
:100AA0002F6C6A2C44B4A2BF9AFDDE522DDEAD3FFE
:100AB0006D9A74AFF2B0B33F711623FEC671BC3F9E
:100AC000C4EB98999999C93F9C7500883CE4377E9E
:100AD000182D4454FB21F9BFFFFF0F440000F07FA5
:100AE000FFFFDB3F08460600284606000000F03FF7
:100AF000FFFFF23F008003400000F83F0000F0BF1E
:100B000051EC100B10EE102A21F0004343EC102B97
:100B1000704700BF0000000051EC100BF8B5C1F3A6
:100B20000A53A3F2FF35132D10EE106A0C4620DC99
:100B3000002D3DDB384F2F4101EA070303431DD051
:100B400033A3D3E9002309F0AFFB0022002309F00F
:100B5000F1FF48B1002C04DA4FF4801343FA05F595
:100B60002C4424EA070400262346324643EC102B8B
:100B7000F8BD332D05DDB5F5806F29D041EC100BA4
:100B8000F8BDA3F213434FF0FF37DF400742F5D023
:100B90001FA3D3E9002309F087FB0022002309F0FB
:100BA000C9FF0028E0D0002C23DB26EA0706DBE79C
:100BB00017A3D3E9002309F077FB0022002309F0F3
:100BC000B9FF0028D0D0002C0ADB00263446CBE742
:100BD00010EE102A0B4609F067FB41EC100BF8BD34
:100BE00024F000430D4A1E43002E18BF1446002671
:100BF000BAE7142D08D00123C5F1340503FA05F531
:100C0000AE1928BFE418D0E70134CEE7AFF3008077
:100C10009C7500883CE4377EFFFF0F000000F0BFAA
:100C2000002070470000000038B553EC102BC3F3D0
:100C30000A511C46054681BB10EE101A23F00044F1
:100C4000214329D0194600223D4B3E4C10EE100A9C
:100C500009F0E0FCA54202460B4616DB0C46C1F348
:100C60000A513639294440F2FE70814221DC0029C4
:100C700047DC11F1350F34DA4CF250318D4218DC7B
:100C8000002B27A1D1E9000144DB25A3D3E90023F0
:100C900009F0C0FC41EC100B38BD40F2FF708142FE
:100CA000E0D110EE100A194609F0FEFA41EC100BE3
:100CB00038BD002B1CA1D1E9000107DB1AA3D3E941
:100CC000002309F0A7FC41EC100B38BD18A1D1E9B5
:100CD000000115A3D3E9002309F09CFC41EC100BA3
:100CE000F3E724F0FF4424F4E004363144EA0153EE
:100CF000104619460022144B09F08CFC41EC100BF5
:100D000038BD24F0FF4424F4E00444EA015343ECEA
:100D1000102B38BD08A1D1E90001B6E7AFF3008080
:100D200059F3F8C21F6EA5019C7500883CE4377E1C
:100D30009C7500883CE437FE59F3F8C21F6EA5810C
:100D400000005043B03CFFFF0000903CF8B5174650
:100D500082B105460E46002402E00134A74207D0C6
:100D60002B6816F8011B1B68284698470028F4D109
:100D70002046F8BD1446FBE72DE9F0410C46D9B1F9
:100D80000768804608460BF056F97B68104A934284
:100D9000064615D1D0B1002504E00135AE4208D099
:100DA000D8F800703B6814F8011B404698470028AB
:100DB000F3D12846BDE8F0810D462846BDE8F08114
:100DC000024621464046BDE8F04118470546F0E797
:100DD0004D0D05002DE9F0410C46D9B1076880465C
:100DE00008460BF028F97B68104A9342064615D155
:100DF000D0B1002504E00135AE4208D0D8F800702B
:100E00003B6814F8011B404698470028F3D1284658
:100E1000BDE8F0810D462846BDE8F0810246214636
:100E20004046BDE8F04118470546F0E74D0D050086
:100E300003681B68184700BFF0B50446C3B0CBB2C7
:100E4000134A8DED000B02A84FF480710BF060F88F
:100E50002368104A5D689542064610D102AF00250E
:100E600003E00135AE4207D023681B6817F8011B69
:100E7000204698470028F4D1284643B0F0BD0246EA
:100E800002A92046A8470546284643B0F0BD00BF4A
:100E9000484606004D0D05002DE9F0470768DFF8CC
:100EA00094A0D7F8049004460E4600293AD008468C
:100EB0000BF0C1F8D145804622D1002836D000255C
:100EC00003E00135A845276820D03B6816F8011BD0
:100ED000204698470028F4D12768D7F80490D145D8
:100EE00018D13B680D212046984730B12368204631
:100EF0001B680A219847B8B102352846BDE8F0873B
:100F0000024631462046C84727680546D7F8049070
:100F1000D145E6D0064920460222C8470544284666
:100F2000BDE8F0870D46DAE70135E6E70546D6E786
:100F3000384806004D0D050003680D4A70B55D6820
:100F400095420ED11B680D210446984740B1236895
:100F500020461B680A21984700280CBF0120022068
:100F600070BD2B460349BDE870400222184700BF00
:100F70004D0D05003848060003682DE9F041DFF803
:100F800080805E680F688D68464504462CD17DB12F
:100F9000002603E00136B54223681AD01B6817F813
:100FA000011B204698470028F4D1236835465E6827
:100FB000464511D11B680D212046984730B1236862
:100FC00020461B680A219847A8B102352846BDE88B
:100FD000F0815E684645EDD0084920460222B047C0
:100FE00005442846BDE8F0812A463946B0472368C3
:100FF00005465E68DCE70135E8E700BF38480600D3
:101000004D0D05002DE9F0470768DFF894A0D7F8EB
:10101000049004460E4600293AD008460BF00BF81F
:10102000D145804622D1002836D0002503E0013585
:10103000A845276820D03B6816F8011B2046984732
:101040000028F4D12768D7F80490D14518D13B681F
:101050000D212046984730B1236820461B680A219D
:101060009847B8B102352846BDE8F08702463146B8
:101070002046C84727680546D7F80490D145E6D0F2
:10108000064920460222C84705442846BDE8F087A5
:101090000D46DAE70135E6E70546D6E738480600AB
:1010A0004D0D0500036870B504461B68984723681A
:1010B0000D4A5E68964205460DD11B680D212046FB
:1010C000984730B1236820461B680A21984748B1E9
:1010D0000235284670BD054920460222B047054426
:1010E000284670BD0135F4E74D0D0500384806006F
:1010F0002DE9F0418AB000230546012A98BF0A2253
:101100008DF8243009ACB1FBF2F602FB1610C3B225
:1011100009280F4603F130008ABF3733C3B2DBB270
:10112000BA4204F8013D3146EDD92F6820460AF055
:1011300082FF7B680F4A9342804612D168B1002635
:1011400003E00136B04508D02F683B6814F8011B56
:10115000284698470028F4D1B04640460AB0BDE87A
:10116000F0810246214628469847804640460AB00C
:10117000BDE8F0814D0D050070B506460D462AB953
:101180000368BDE870401B68C9B218470A2A1446B4
:101190000ED100290DDA03682D211B6898472246DD
:1011A0000346694230461C46FFF7A2FF204470BD4B
:1011B000D2B2BDE87040FFF79BBF00BF70B50446D8
:1011C000FFF7DAFF23680E4A5E68964205460DD1A6
:1011D0001B680D212046984730B1236820461B68C4
:1011E0000A21984748B10235284670BD0549204676
:1011F0000222B0470544284670BD0135F4E700BF20
:101200004D0D05003848060032B9026810B4136865
:101210005DF8044BC9B21847D2B2FFF769BF00BFEF
:1012200032B9026810B413685DF8044BC9B21847AC
:10123000D2B2FFF75DBF00BF12B903681B68184741
:10124000D2B2FFF755BF00BF70B50446BAB9026805
:10125000C9B2136898472368124A5E6896420546E9
:1012600016D11B680D212046984730B123682046CF
:101270001B680A21984790B10235284670BDD2B24A
:10128000FFF736FF2368074A5E6896420546E8D0B6
:10129000054920460222B0470544284670BD013565
:1012A000EBE700BF4D0D05003848060070B5044659
:1012B000BAB90268C9B2136898472368124A5E68CF
:1012C0009642054616D11B680D212046984730B13D
:1012D000236820461B680A21984790B102352846AA
:1012E00070BDD2B2FFF704FF2368074A5E689642DA
:1012F0000546E8D0054920460222B0470544284665
:1013000070BD0135EBE700BF4D0D05003848060004
:1013100070B506460D462AB90368BDE870401B68E3
:10132000C9B218470A2A14460ED100290DDA0368FB
:101330002D211B68984722460346694230461C46C9
:10134000FFF7D6FE204470BDD2B2BDE87040FFF773
:10135000CFBE00BF10B540220021044609F006FFB1
:101360000023C4E91033204610BD00BF10B4D0E9FB
:101370001024531C03F03F039C4218BF81545DF8B6
:10138000044B18BF036470470023C0E91033704753
:10139000D0E91023934206D05A1CC35C02F03F02EE
:1013A0004264184670474FF0FF307047D0E9103064
:1013B000181A48BF40307047D0E91023934214BF39
:1013C000C05C4FF0FF307047D0E91030013303F0BC
:1013D0003F03181AB0FA80F040097047114B124AC7
:1013E0001968BFF35B8F4968BFF35B8F914218D1D7
:1013F0000E4AD2F80015C9070FD530B40C4C0125A0
:1014000000204FF0FF312560C2F8000530BCC2F863
:1014100060151868044904F049BB1868024904F0D3
:1014200045BB7047B0F50020546F6E650020024048
:1014300004200240F8B514461D4654EA0503BDF8E1
:1014400018C0064648D02B460020510841EAC37117
:101450005F080A463B4652EA030100F10100F4D15D
:10146000252837DC2D49A6F812C0002D41EA5C0C76
:1014700008BF012CC6E90045A6F814C046D0224694
:101480002B460020510841EAC3715F080A463B46DB
:1014900052EA030100F10100F4D1214A4300A2FB0A
:1014A00003235B0801279F4014F1FF3045F1FF3112
:1014B0003A46002309F0F6FB2AB308247B1E9B1A48
:1014C0000130013A10213082F360B260B475F175D9
:1014D0000120F8BD0020F8BD104BA0F812C043EA6F
:1014E0005C0C4FF48163C0E900456FF07F416FF001
:1014F0007F404FF6FF72F382C6E90201A6F814C0DE
:1015000032820120F8BD7A080C24D7E741F20C01A1
:101510000120F182C6E902233082F8BD0080FFFF7E
:10152000ABAAAAAA2F2901D90020704770B5434E53
:101530003368BFF35B8F0D465B684149BFF35B8F38
:101540008B4288B0044604D0306804F069FA002861
:1015500071D032683A4BBFF35B8F5268BFF35B8F39
:101560009A420ED1374BD3F80025D20709D5364A17
:101570000120106000214FF0FF32C3F80015C3F8BE
:101580006025324A2F4B52F82520618AE57DC3F849
:1015900060254FF0FF32C3F864250120C3F86825A9
:1015A000C3F86C250722C3F80005C3F80C250022F8
:1015B000C3F80425C3F8081504F11401C3F8102575
:1015C000C3F80052C3F80023C3F82015C3F8401530
:1015D000C3F82405C3F84405A168C3F828151C49BD
:1015E000E568248AC3F84855C3F82C25C3F84C2570
:1015F000C3F814450A600B680193019B4A600431EB
:10160000144B0968029102991A60196803910399B1
:101610005A605968049104999A60996805910599EE
:10162000DA60D968069106991A6110331B6807932E
:10163000079B08B070BD002008B070BDB0F5002059
:10164000546F6E65002002400420024034430600BF
:10165000042102400C2102402DE9F04346F294138C
:10166000A1F114059D4283B039D806460C461046B8
:10167000002A37D14FF00009C846344D34492F684D
:10168000BFF35B8F7F68BFF35B8F8F4203D0286807
:1016900004F0C6F918B32A682D4BBFF35B8F52686C
:1016A000BFF35B8F9A421AD12A4BD3F80025D20799
:1016B00009D5294A0120106000214FF0FF32C3F8FC
:1016C0000015C3F86025254F2549B1FBF4F4A4B2F9
:1016D0004A46434600943846FFF7ACFEC8B903B00B
:1016E000BDE8F083B2F57A7F09D202FB01F3B3F5CE
:1016F0007A7F04D24FF001094FF00008BDE74FF4A4
:101700007A720023A0FB040109F0CCFA81468846D6
:10171000B3E731463846FFF705FF0028DFD02B68D6
:101720000B49BFF35B8F5B68BFF35B8F8B4204D0C9
:10173000286804F075F90028D1D0BB7D03F18043FF
:1017400003F5083301221A60C9E700BFB0F5002095
:10175000546F6E650020024004200240B8F500205E
:1017600048E80100024A034B92681A60704700BFC4
:101770005C620020B0F500202DE9F84FDFF8FC8115
:10178000D8F8005004460F461646ADB32F2C04D8A7
:1017900026F480739A1E022A02D90020BDE8F88F31
:1017A000704A714D52F8241095F900000A0202F4B3
:1017B0007C52C3F1050342EA03438142C6F300228F
:1017C00043F0010337D10024A60006F1804606F558
:1017D000C0462955D6F810156448654D025521F0CC
:1017E000031121F47C510B43012045F82470C6F805
:1017F0001035A040BDE8F88F294620225C4809F04A
:10180000B5FC594A59495B4B0D604FF0FF30C2E9B6
:10181000000040224D60C3F88020BFF34F8FBFF31C
:101820006F8F6021C3F8802183F806131A600123AB
:10183000C8F80030AAE795F90160B14205D095F9E2
:1018400002C0614503D10224BEE70124BCE795F93B
:1018500003E071454AD095F9048041455CD095F983
:10186000059049456ED095F906A0514578D095F977
:1018700007B08B4501D10724A6E7013023D13E48AC
:10188000D0F8104514F003041DD1A00000F18040F1
:1018900000F5C0402955D0F81015354D21F0031141
:1018A00021F47C510B43C0F810350023C0F80031FF
:1018B0002E49314B45F824700120A0400A55C3F849
:1018C0000403BDE8F88F013606D12B48D0F8140583
:1018D000800701D10124D8E7BCF1FF3F08D1264899
:1018E000D0F81805860703D10224CEE703246BE75E
:1018F000BEF1FF3F06D12048D0F81C05840701D176
:101900000324C2E7B8F1FF3F08D11B48D0F82005F7
:10191000800703D10424B8E7042455E7B9F1FF3F59
:1019200006D11548D0F82405860701D10524ACE777
:10193000BAF1FF3F08D11048D0F82805840703D139
:101940000624A2E705243FE7BBF1FF3F7FF425AF64
:101950000948D0F82C0580077FF41FAF072494E7CF
:10196000062431E734430600F8F50020D0F50020C6
:10197000D8F5002000E100E00060004000F6002003
:101980002F2825D8264A274B52F8202093F90010FB
:101990008A423AD093F901108A4238D093F9021062
:1019A0008A4236D093F903108A4234D093F9041056
:1019B0008A4228D093F905108A422ED093F9061056
:1019C0008A4206D093F90710914208BF072101D03F
:1019D0007047062170B40120134E144C144D8840FA
:1019E000C6F808038A00002044F8210002F1804272
:1019F000FF2402F5C0425C546854C2F8100570BC64
:101A0000C2F8000170470421E4E70021E2E7012168
:101A1000E0E70221DEE70321DCE70521DAE700BF8A
:101A200034430600F8F5002000600040D8F500209F
:101A3000D0F500202DE9F0431B4B1C4FD3F8046375
:101A4000DFF86C80DFF86C9085B000250123AC00D6
:101A5000AB4004F18044334204F5C0440FD0D4F8C5
:101A6000003163B1EB57013306D058F825201AB185
:101A700015F809307BB990470023C4F800310135CF
:101A8000082DE3D1BFF34F8F00BF00BF00BF00BFE1
:101A900005B0BDE8F08300210091084603AB039137
:101AA00003F0B8FCE8E700BF00600040F8F5002054
:101AB000D8F50020D0F50020884238B5054607DA71
:101AC0000C1A0AF0D9F990FBF4F101FB14010D4452
:101AD000284638BD10B4019C401AE41A04FB00F4F7
:101AE000521A94FBF2F05DF8044B1844704700BFA3
:101AF000F8B50026C0E900660446866079B108465C
:101B00000D460AF098FA0746013000F039FA30B174
:101B1000C4E900070670A76029460AF073FA204658
:101B2000F8BD00BFF8B588424FF00005C0E9005588
:101B3000044685600DD00E685EB18F68781C00F099
:101B40001FFA30B1C4E900070570A76031460AF0FA
:101B500059FA2046F8BD00BF30B5044600238BB0CB
:101B6000C4E90033A360084601A902F007FD01A8FB
:101B70000AF061FA2368054613B1626890420BD9F6
:101B80001846691C00F02CFA034668B1A268C4E943
:101B900000050AB902702368A56001A918460AF079
:101BA00031FA20460BB030BD206808B100F002FACF
:101BB00000232046C4E9013323600BB030BD00BFD1
:101BC00030B5044600238BB0C4E90033A360084657
:101BD00001A902F0D5FC01A80AF02DFA23680546F8
:101BE00013B1626890420BD91846691C00F0F8F9ED
:101BF000034668B1A268C4E900050AB90270236807
:101C0000A56001A918460AF0FDF920460BB030BDC9
:101C1000206808B100F0CEF900232046C4E9013362
:101C200023600BB030BD00BF10B50446006800F063
:101C3000C1F9204610BD00BF884270B504461FD0D0
:101C40000D680068ADB18E6810B163689E4209D915
:101C5000711C00F0C5F958B1A368C4E900060BB9BE
:101C600003702068A66029460AF0CCF9204670BDB2
:101C7000206808B100F09EF90023C4E90133236015
:101C8000204670BD884238B5044612D000680D4623
:101C900028B162688B689A420DD200F08BF9D5E9C1
:101CA0000031AA6823600023C4E90112C5E90033AA
:101CB000AB60204638BD09680AF0A4F9AB68A360A0
:101CC0000023AB60204638BD70B50446E1B108463C
:101CD0000D460AF0B0F92368064613B162689042D7
:101CE0000BD91846711C00F07BF9034660B1A2685D
:101CF000C4E900060AB902702368A660294618469E
:101D00000AF080F9204670BD206808B100F052F951
:101D10000023C4E901332360204670BD30B58368D9
:101D200083B0044600688DF8041000225D1C8DF815
:101D3000052010B1626895420AD9991C00F050F94B
:101D400060B1A368C4E9000513B903702068A368F3
:101D5000184401A90AF056F9A560012003B030BD6E
:101D600070B50E6804461EB18D685DB9204670BD21
:101D7000206808B100F01EF90023C4E90133236094
:101D8000204670BD82680068154410B163689D42AA
:101D90000BD9691C00F024F90028E9D0A268C4E935
:101DA000000512B902702068A268314610440AF09A
:101DB00029F9A560204670BD70B5044631B10846CA
:101DC0000D460AF038F958B9204670BD206808B1B0
:101DD00000F0F0F80023C4E901332360204670BD11
:101DE000A2682368861813B161688E420DD918461F
:101DF000711C00F0F5F803460028E7D0A268C4E99A
:101E0000000612B902702368A268294698180AF0E1
:101E1000F9F8A660204670BD08B58A6883689342C9
:101E200001D0002008BD006850B1096829B10AF04E
:101E3000DFF8B0FA80F0400908BD3BB10078F8E760
:101E40000A681AB113B110784042F2E7012008BDC8
:101E5000826808B50B463AB161B100680AF0C8F86B
:101E6000B0FA80F0400908BD31B11878B0FA80F0BE
:101E7000400908BD0368F8E7012008BD08B58A6875
:101E80008368934209D3006830B1096839B10AF018
:101E9000EDF8B0FA80F0400908BD002008BD084602
:101EA00008BD00BF83683BB110B5046820460AF046
:101EB00092F820B1001B10BD4FF0FF3070474FF07B
:101EC000FF3010BD9A422DE9F0411746984604466E
:101ED0000D4601D9474690460026C4E90066A66033
:101EE000012000F04DF808B120600670AE68BE42D7
:101EF00002D82046BDE8F08146452B6828BF4646FB
:101F0000002213F806809A55296820463944FFF7C5
:101F1000DBFE2B6803F806802046BDE8F08100BF99
:101F2000006808B109F079B8704700BFFEE700BF4C
:101F300008B501F041FA4FF47A73A0FB0323900A2D
:101F400040EA835008BD00BF014638B54FF47A72AD
:101F500000238002890D08F0A5FE044601F02CFA4A
:101F60000546F0F721FD01F027FA431B9C4200D8FB
:101F700038BD2C44201ABDE8384001F055BB00BFE5
:101F800010B5044601F0ACFD022804D02046BDE89F
:101F9000104009F0A5B801F007FA204609F0A0F8B2
:101FA000044601F0B1FA0CB1204610BD03F064F90B
:101FB000FAE700BF10B5044601F092FD02280AD1ED
:101FC00044B101F0F1F9204609F092F8BDE8104063
:101FD00001F09ABA10BD2046BDE8104009F088B85B
:101FE00010B582B00446019101F07AFD02280199F2
:101FF00005D0204602B0BDE8104009F071BF01F0E5
:10200000D3F92046019909F06BFF044601F07CFAF0
:1020100014B1204602B010BD03F02EF9F9E700BF5D
:1020200010B582B0019001F0BFF9019809F058F89D
:10203000044601F069FA14B1204602B010BD03F065
:102040001BF9204602B010BD50B110B5044601F096
:10205000ABF9204609F04CF8BDE8104001F054BA45
:10206000704700BF38B51C469DF8105043B3002997
:1020700008BF1A460123C4E90F01226084F84630E4
:1020800002F086F8D4E90F132268A26001FB03F185
:10209000CB1A134400200A44FF21A063E36084F8B4
:1020A0004410626084F8451004F1100003F064FDF0
:1020B00004F1240003F060FD02F074F884F84C5041
:1020C000204638BDF8B5064617460D4669B100FBF7
:1020D00001F05030FFF7A4FF044690B3002200F156
:1020E000500380F84620036007E05020FFF798FF78
:1020F000044630B384F846502460C4E90F6502F00A
:1021000047F8D4E90F132268A26001FB03F1CB1A50
:10211000134400200A44FF21A063E36084F84410C4
:10212000626084F8451004F1100003F025FD04F10D
:10213000240003F021FD02F035F884F84C702046AD
:10214000F8BD00242046F8BDF8B5064650200D46DF
:10215000FFF766FF044630B300272060C66380F8AF
:102160004670076402F014F8D4E90F322168A763BF
:1021700003FB02F39A1A0A440B44FF26C4E9013117
:10218000E26084F8446004F1100084F8456003F0D4
:10219000F3FC04F1240003F0EFFC02F003F8022347
:1021A000A56384F84C302046F8BD00BF2DE9F04708
:1021B000044684B01F460192884600F1240601F0CF
:1021C000E7FFA26BE36BDFF840939A424FF0000AFF
:1021D0007CD3022F00F0E880019D002D00F01281D9
:1021E00002ADBAF1000F00F0DB8001F0DBFF01F07F
:1021F000DBF801F0CDFF94F84430FF2B04BF00233F
:1022000084F8443094F84530FF2B04BF002384F851
:10221000453001F0C7FF284601A901F00BFC00285A
:1022200040F0F68001F0B4FFA26BE36B9A4261D0FC
:1022300001F0B8FF01F0ACFF94F845506DB2002DED
:1022400005DC12E06B1E13F0FF0F5DB20DD0636A68
:10225000304653B101F090FB0028F3D001F01EFC92
:102260006B1E13F0FF0F5DB2F1D1FF2384F84530F0
:1022700001F098FF01F08CFF94F844506DB2002DEE
:1022800015DD04F1100A04E06B1E13F0FF0F5DB2C0
:102290000DD02369504653B101F06EFB0028F3D0F6
:1022A00001F0FCFB6B1E13F0FF0F5DB2F1D1FF23B9
:1022B00084F8443001F076FF01F026F901F068FF60
:1022C000A26BE36B9A424FF0010A82D2226CA56B9B
:1022D000002A40F0E7802668002E00F0F9800135E2
:1022E000A563636A002B7CD101F05CFF012004B080
:1022F000BDE8F08704F1100A01F054FF019950463F
:1023000001F0BEFA01F044FF94F845506DB2002D83
:1023100005DC12E06B1E13F0FF0F5DB20DD0636A97
:10232000304653B101F028FB0028F3D001F0B6FB92
:102330006B1E13F0FF0F5DB2F1D1FF2384F845301F
:1023400001F030FF01F024FF94F844506DB2002DED
:1023500005DC12E06B1E13F0FF0F5DB20DD0236998
:10236000504653B101F008FB0028F3D001F096FB72
:102370006B1E13F0FF0F5DB2F1D1FF2384F84430E0
:1023800001F010FF01F0C0F8002897D14FF0805302
:10239000C9F8043040BFBFF34F8FBFF36F8F8DE795
:1023A000284601F03BFB20E7226CA56B002A92D067
:1023B0004146E06808F0B2FE226CE36821689B1A8F
:1023C0008B42E360C2F1000204D263681A44E26007
:1023D000022F84D1002D83D10123A363636A002BD4
:1023E00082D004F1240001F0C7FA00283FF47CAF4A
:1023F000454B4FF080525A6040BFBFF34F8FBFF341
:102400006F8F71E701F0CEFE284604B0BDE8F0877B
:1024100001F0BEFE94F845506DB2002D15DD04F1BB
:10242000240604E06B1E13F0FF0F5DB20DD0636A4B
:10243000304653B101F0A0FA0028F3D001F02EFB92
:102440006B1E13F0FF0F5DB2F1D1FF2384F845300E
:1024500001F0A8FE01F09CFE94F844506DB2002DEE
:1024600015DD04F1100604E06B1E13F0FF0F5DB2E2
:102470000DD02369304653B101F07EFA0028F3D025
:1024800001F00CFB6B1E13F0FF0F5DB2F1D1FF23C7
:1024900084F8443001F086FE01F036F8002004B0E4
:1024A000BDE8F087414607BBA06808F037FEA36887
:1024B000216C62680B449342A360FFF410AF0135B6
:1024C000A563636A2268A260002B3FF40DAF88E722
:1024D0006068013501F05AFBA563636A6660002BF2
:1024E0007FF47FAF002883D1FEE6E06808F016FE97
:1024F000226CE36821689B1A8B42E360C2F1000200
:10250000BFF466AF61E700BF00ED00E0F8B50C4630
:1025100079B3002501232160C1E90F3581F84630E8
:10252000064601F035FED4E90F322168A56303FBAE
:1025300002F39A1A0A440B44FF27C4E90131E2600E
:1025400084F8447004F1100084F8457003F014FB23
:1025500004F1240003F010FB01F024FEC4E900554F
:10256000E56084F84C602B462A4629462046FFF752
:102570001DFE2046F8BD00BF2DE9F043044683B0A0
:1025800016469946EFF31188402282F31188806B3A
:10259000E26B90421ED3022B05D0002088F31188F5
:1025A00003B0BDE8F08394F84550226CA76B6DB280
:1025B00032BB2368002B47D001376B1CA76335D093
:1025C00001356DB284F84550012088F3118803B0BD
:1025D000BDE8F08394F84550226CA76B6DB2002AD9
:1025E000E7D0002B38D1A06808F098FDA368216CD3
:1025F00062680B449342A36024BF2368A360DBE7B7
:10260000E06808F08BFD226CE0682168801A88423F
:10261000E060C2F1000205D261680A44E260B9F1EB
:10262000020FC9D1012F38BF0127C6E7636A002B0B
:10263000CAD004F1240001F09FF90028C4D0002E74
:10264000C2D001203060A9E76068019301F09EFAD2
:10265000019B63600137B0E7E06808F05FFD226C22
:10266000E0682168801A8842E060C2F10002D6D298
:10267000D2E700BF10B582B0EFF31184402383F39B
:102680001188836BC26B9A420FD990F845200133B1
:10269000FF2A836353B20DD001335BB280F845301B
:1026A000012084F3118802B010BD002084F311884A
:1026B00002B010BD436A002BF2D02430019101F02A
:1026C0005BF90028ECD001990029E9D001200860CD
:1026D000ECE700BF2DE9F043044685B00F460192B8
:1026E00001F056FDA56B002D40F02781019B002BCA
:1026F00000F0D28002A801F091F9DFF88C8204F199
:10270000240601F04FFD00F04FFE01F041FD94F86A
:102710004430FF2B04BF002384F8443094F8453044
:10272000FF2B04BF002384F8453001F03BFD01A9D5
:1027300002A801F07FF900285BD101F029FDA36B0D
:10274000002B40F0AF8001F02DFD0199304601F0E3
:1027500097F801F01DFD94F845506DB2002D05DC91
:1027600012E06B1E13F0FF0F5DB20DD0636A3046AE
:1027700053B101F001F90028F3D001F08FF96B1E7D
:1027800013F0FF0F5DB2F1D1FF2384F8453001F063
:1027900009FD01F0FDFC94F844506DB2002D15DDEB
:1027A00004F1100904E06B1E13F0FF0F5DB20DD0B1
:1027B0002369484653B101F0DFF80028F3D001F057
:1027C0006DF96B1E13F0FF0F5DB2F1D1FF2384F89A
:1027D000443001F0E7FC00F097FE002853D14FF0A1
:1027E0008053C8F8043040BFBFF34F8FBFF36F8FE3
:1027F00049E001F0CDFC94F845506DB2002D05DCA8
:1028000012E06B1E13F0FF0F5DB20DD0636A30460D
:1028100053B101F0B1F80028F3D001F03FF96B1E7D
:1028200013F0FF0F5DB2F1D1FF2384F8453001F0C2
:10283000B9FC01F0ADFC94F844506DB2002D15DDEB
:1028400004F1100904E06B1E13F0FF0F5DB20DD010
:102850002369484653B101F08FF80028F3D001F006
:102860001DF96B1E13F0FF0F5DB2F1D1FF2384F849
:10287000443001F097FC00F047FE01F089FCA36BA7
:1028800053B101F08FFC01F083FCA56B002D54D1F6
:10289000019B002B7FF435AF01F084FC002005B0D4
:1028A000BDE8F08301F07EFC01F072FC94F8455025
:1028B0006DB2002D05DC12E06B1E13F0FF0F5DB250
:1028C0000DD0636A304653B101F056F80028F3D0BA
:1028D00001F0E4F86B1E13F0FF0F5DB2F1D1FF239E
:1028E00084F8453001F05EFC01F052FC94F844504D
:1028F0006DB2002D15DD04F1100904E06B1E13F01C
:10290000FF0F5DB20DD02369484653B101F034F892
:102910000028F3D001F0C2F86B1E13F0FF0F5DB278
:10292000F1D1FF2384F8443001F03CFC00F0ECFDD1
:1029300001F02EFCA56B002DAAD0226C52B1E168EB
:10294000636811449942E16024BF2168E160384620
:1029500008F0E4FB013DA56323692BB901F022FCDB
:10296000012005B0BDE8F08304F1100001F004F887
:102970000028F3D0044B4FF080525A6040BFBFF3A1
:102980004F8FBFF36F8FE9E700ED00E02DE9F043D3
:10299000044685B000F12406019101F0F9FBA36B18
:1029A000DFF8DC820027B946002B40F0D780019D7C
:1029B000002D00F0418102ADB9F1000F00F0DE8082
:1029C00001F0F0FB00F0F0FC01F0E2FB94F8443081
:1029D000FF2B04BF002384F8443094F84530FF2BCC
:1029E00004BF002384F8453001F0DCFB284601A930
:1029F00001F020F800285FD101F0CAFBA36B002B87
:102A000040F0C88001F0CEFB2368002B00F01B8152
:102A10000199304600F034FF01F0BAFB94F84550BC
:102A20006DB2002D05DC12E06B1E13F0FF0F5DB2DE
:102A30000DD0636A304653B100F09EFF0028F3D0FA
:102A400001F02CF86B1E13F0FF0F5DB2F1D1FF23E4
:102A500084F8453001F0A6FB01F09AFB94F844504D
:102A60006DB2002D15DD04F1100904E06B1E13F0AA
:102A7000FF0F5DB20DD02369484653B100F07CFFD3
:102A80000028F3D001F00AF86B1E13F0FF0F5DB2BF
:102A9000F1D1FF2384F8443001F084FB00F034FDD1
:102AA000002853D14FF08053C8F8043040BFBFF323
:102AB0004F8FBFF36F8F49E001F06AFB94F84550E8
:102AC0006DB2002D05DC12E06B1E13F0FF0F5DB23E
:102AD0000DD0636A304653B100F04EFF0028F3D0AA
:102AE00000F0DCFF6B1E13F0FF0F5DB2F1D1FF238E
:102AF00084F8453001F056FB01F04AFB94F844504D
:102B00006DB2002D15DD04F1100904E06B1E13F009
:102B1000FF0F5DB20DD02369484653B100F02CFF82
:102B20000028F3D000F0BAFF6B1E13F0FF0F5DB268
:102B3000F1D1FF2384F8443001F034FB00F0E4FCD1
:102B400001F026FBA36BEBB101F02CFB01F020FBA5
:102B5000A36B4FF00109002B3FF429AF2268013B22
:102B6000A363002A00F088802369002B74D101F050
:102B700019FB0127384605B0BDE8F083284600F070
:102B80004DFF1DE701F00EFB002F4AD1384605B07E
:102B9000BDE8F08301F006FB01F0FAFA94F8455025
:102BA0006DB2002D05DC12E06B1E13F0FF0F5DB25D
:102BB0000DD0636A304653B100F0DEFE0028F3D03A
:102BC00000F06CFF6B1E13F0FF0F5DB2F1D1FF231D
:102BD00084F8453001F0E6FA01F0DAFA94F844504E
:102BE0006DB2002D15DD04F1100904E06B1E13F029
:102BF000FF0F5DB20DD02369484653B100F0BCFE13
:102C00000028F3D000F04AFF6B1E13F0FF0F5DB2F7
:102C1000F1D1FF2384F8443001F0C4FA00F074FCD1
:102C200094E701F0B5FA616A19B1236B1968C1F133
:102C30000501606800F0DAFF01F0B4FA00273846B9
:102C400005B0BDE8F08301F0A3FA606800F058FF1A
:102C5000074601F0A7FADBE604F1100000F08CFE55
:102C6000002884D0064B4FF080525A6040BFBFF31B
:102C70004F8FBFF36F8F7AE700F0F2FF606073E76A
:102C800000ED00E010B5044682B001F081FAA06BBF
:102C9000019001F087FA019802B010BD104B5A68FC
:102CA000904208D0DA68904208BF012204D090F820
:102CB000463093B170470022002110B403EBC204E8
:102CC00043F8321090F84630616013B15DF8044B60
:102CD00070475DF8044BFFF7B7B9FFF7B5B900BF10
:102CE000A8000120074B1A681AB19A6802B1704710
:102CF000012210B403EBC20443F8321060605DF8A7
:102D0000044B7047A800012070B504460E461546D6
:102D100001F03EFA94F84430FF2B04BF002384F8FE
:102D2000443094F84530FF2B04BF002384F845302D
:102D300001F038FAA36B002B45D001F029FA94F882
:102D400045506DB2002D15DD04F1240604E06B1E24
:102D500013F0FF0F5DB20DD0636A304653B100F03F
:102D60000BFE0028F3D000F099FE6B1E13F0FF0F4E
:102D70005DB2F1D1FF2384F8453001F013FA01F080
:102D800007FA94F844506DB2002D15DD04F11006D9
:102D900004E06B1E13F0FF0F5DB20DD023693046C7
:102DA00053B100F0E9FD0028F3D000F077FE6B1E70
:102DB00013F0FF0F5DB2F1D1FF2384F84430BDE87A
:102DC000704001F0EFB92A46314604F1240000F0CA
:102DD00093FDB2E72DE9F041044601F0D9F9344AF8
:102DE000344D1368013313602B68002B30D0324E02
:102DF000336833B3E36A3148314907680A689F4250
:102E000038BF03602F48013203EB83030A6000EBF5
:102E10008300E263211D02F0BFFE01F0C3F93368B5
:102E20006BB12A68E36AD26A9A4208D2264B4FF005
:102E300080525A6040BFBFF34F8FBFF36F8FBDE822
:102E4000F0812A68E36AD26A9A4298BF2C60D2E77E
:102E50002C601368012B02D0E36A174ECBE71948A8
:102E6000DFF89080194F144E02F086FE184802F0E9
:102E700083FE184802F080FE174802F07DFE1748D6
:102E800002F07AFE404602F077FE384602F074FE09
:102E9000134802F071FE134802F06EFE124802F071
:102EA0006BFE124B124AC2F800801F60E36AA2E771
:102EB00074F6002004F60020D4F6002088F60020E6
:102EC00084F6002010F6002000ED00E0A0F60020BF
:102ED00024F6002038F600204CF6002060F6002092
:102EE000C0F60020ECF60020D8F600200CF60020FA
:102EF00008F600208CF600202DE9F843DDE909C42E
:102F0000002C66D0BCF1000F60D00D4696009846AC
:102F10000223324684F85130A5210746C4F830C058
:102F2000604608F023F92A7884F83420236B297846
:102F3000321F1A4422F0070601B36B7884F835304B
:102F40006B78DBB1AB7884F83630AB78B3B1EB7823
:102F500084F83730EB788BB12B7984F838302B79C3
:102F600063B16B7984F839306B793BB1AB7984F814
:102F70003A30AB7913B1EB7984F83B30089D042DDE
:102F800028BF04254FF00009E5626564201D84F820
:102F90003B90C4F8489002F0FBFDC5F1050504F133
:102FA000180002F0F5FDC4F84C9042463946A56180
:102FB000246184F850906462304601F0ADF82060DE
:102FC0002046FFF707FF2046BDE8F8836046BDE8CE
:102FD000F8832046BDE8F8832DE9F0479600804647
:102FE00030460D469946FFF71BF8002862D0074689
:102FF0005420FFF715F8044600285FD0002307632C
:10300000324684F851303846A52108F0AFF82B78C5
:1030100084F834302B78D4F830A003B36B7884F87C
:1030200035306B78DBB1AB7884F83630AB78B3B140
:10303000EB7884F83730EB788BB12B7984F8383023
:103040002B7963B16B7984F839306B793BB1AB790B
:1030500084F83A30AB7913B1EB7984F83B30089DB2
:10306000042D28BF04250027E5626564201D84F82F
:103070003B70A764043E02F08BFDC5F1050504F129
:103080001800564402F084FDE764A56126F00700AD
:1030900084F85070246164624A46414601F03CF86D
:1030A000099B206003B11C602046FFF793FE0120BE
:1030B000BDE8F0874FF0FF30BDE8F0873846FEF7F7
:1030C000C3FF4FF0FF30F3E770B50446534E01F0F5
:1030D0005FF8002C00F08280251D284602F084FD58
:1030E000A36A1BB104F1180002F07EFD29464C488A
:1030F0004C4D02F051FD94F85030012B04BF0023D9
:1031000084F8503001F04EF82B68002B57D133680B
:10311000A34200D070BD2B68002B66D14049424AC3
:103120000968126891426AD0404B1B68002B68D135
:103130003F4A13603268336812681B6B9A4266D943
:103140003C4C3D4B226802EB8200800091001858F5
:1031500028BB501E00EB8005AD0081005D59002D9D
:1031600053D1901E00EB8005AD0081005D59002D0C
:103170004BD1D01E00EB8005AD0081005D59002DC4
:1031800043D1101F00EB8005AD0081005D59002D7B
:103190003BD1053A02EB820080009100185811449F
:1031A00003EB810003464168496841600833994256
:1031B00004BF49684160CB683360226070BD00F095
:1031C000E7FF1E4B1A68126852B11A681C4BD2688E
:1031D000D26852681A6000F0E5FF98E734687BE730
:1031E000174B4FF0FF321A60F5E7164B4FF0805245
:1031F0005A6040BFBFF34F8FBFF36F8F70BD336016
:1032000070BD0B4B01221A6070BD0246C7E73068E3
:103210003168343102F02EF892E700BF04F6002046
:10322000D8F60020D4F6002074F6002080F60020A6
:1032300004F7002088F6002010F6002008F6002091
:10324000B8F6002000ED00E098B130B51D4D2B68B8
:10325000834283B004460AD000F09AFF1A4B626999
:103260009A4207D003B0BDE8304000F09BBF03B0E6
:1032700030BD7047A36A154A9342F3D0002BF1D1B9
:10328000211D0846019102F0AFFC114AE36A106863
:10329000019983420F4888BF136003EB830300EB5F
:1032A000830002F079FC2B68E26ADB6A9A42D9D388
:1032B000094B4FF080525A6040BFBFF34F8FBFF3AE
:1032C0006F8FCFE704F60020D8F60020C0F600206C
:1032D00088F6002010F6002000ED00E070B584B004
:1032E000002503AA02A901A8CDE9015501F0C6FFF6
:1032F000019C002C46D00298002843D0039E2063F6
:103300000223B6003246A52184F8513007F02EFF83
:10331000206B1F4B6363043E0644C4E91155201D16
:1033200084F8385084F83B50E56202F031FC04F137
:10333000180002F02DFC26F0070605231549A361AD
:103340002A46E56430462461646284F8505000F0F7
:10335000E3FE20602046FFF73DFD0F4B1C6000F0B0
:10336000EFFD012811D1402383F311880B490C4A4A
:103370000C4B4FF0FF340C6010601D6000F0E2FE5B
:1033800004B070BD044B00221A6004B070BD00BFD1
:1033900049444C45AD360500B4F60020B8F600208F
:1033A000D4F6002000F70020024A136801331360AE
:1033B000704700BF80F60020014B1868704700BFBF
:1033C00000F70020024A136818441060704700BFDD
:1033D00000F700202DE9F04F404B1B6883B0002B15
:1033E00046D13F4B1E6801361E60002E4ED0DFF8DE
:1033F00008B1DBF80030B3425FD83A4F3B681D6834
:10340000002D65D0DFF8F480DFF8F4A0DFF8F49049
:10341000002522E0019102F0E7FBA36A019904F183
:10342000180013B102F0E0FB0199E36AD8F800201C
:1034300003EB830093420AEB800088BFC8F800309A
:1034400002F0AAFBD9F800203B68E16AD26A1B6847
:10345000914228BF0125002B3AD03B68DB68DC682D
:103460006368211D9E420846D4D2CBF8003004E0A8
:103470001D4A13680133136000251C4B1B68002B89
:103480000CBF2846012003B0BDE8F08F154B184A49
:103490001868184914681C6010600A6801320A60D4
:1034A0001A6812685AB9DFF850B04FF0FF33CBF802
:1034B0000030DBF80030B3429FD90025DDE71B6800
:1034C000DFF834B0DB68DB685B68CBF8003090E78E
:1034D0004FF0FF33CBF80030CFE700BF80F600207D
:1034E00000F7002008F600207CF6002004F70020FA
:1034F0000CF60020BCF60020B8F6002088F600206C
:1035000010F6002004F600202DE9F04F83B000F003
:103510003FFE3A4B1A68013A1A601B68002B55D1DE
:10352000374B1B68002B51D0364D2B68002B62D0D7
:10353000354EDFF8EC80354FDFF8E8904FF0010AA8
:10354000EB68DC6804F1040B04F1180002F04CFB9A
:10355000584602F049FBE36A326803EB830093426A
:10356000594608EB800088BF336002F015FB3B68CA
:10357000E26ADB6A9A4231D3C9F800A02B68002BBB
:10358000DED1234B1A681268002A2FD01A68214B0B
:10359000D268D26852681A601F4E346844B101255F
:1035A000FFF718FF08B1C9F80050013CF8D13460AA
:1035B000D9F8003053B1194B4FF080525A6040BFD8
:1035C000BFF34F8FBFF36F8F012000E00020019009
:1035D00000F0E8FD019803B0BDE8F08F2B68002BE8
:1035E000AED10B4B1A681268002ACFD1094B4FF0AD
:1035F000FF321A60D0E7DFF82C90CDE780F600208C
:1036000074F60020C0F6002088F6002004F60020A2
:1036100008F60020B8F600207CF6002000ED00E05F
:1036200010F6002004F7002070B548B9184B4FF091
:1036300080525A6040BFBFF34F8FBFF36F8F70BD92
:10364000144A15491368154D013313600E6804467A
:103650002868043002F0C8FA2B68A4195C600FD205
:103660000F4B18682968043102F0A6FA0D4B1A684E
:10367000944238BF1C60FFF747FF0028D6D070BDCA
:10368000094B18682968043102F096FAF3E700BF85
:1036900000ED00E080F6002000F7002004F6002096
:1036A00008F60020B8F600200CF600202DE9F84FAF
:1036B0003A4CDFF804913A4D3A4EDFF800813A4F28
:1036C000DFF8FCB02368EBB100F062FDD9F80C30F4
:1036D000D3F80CA00AF1040002F086FA2B68013B33
:1036E0002B602368013B236000F05CFD9AF85130A9
:1036F000002B34D0012BE5D15046FEF7A5FC236802
:10370000002BE1D13368012B08D94FF08053CBF85F
:10371000043040BFBFF34F8FBFF36F8F00F0E8FE60
:10372000D8F800301BBB3B68DB6A002BCAD133687A
:10373000012BC7D81D4B1E4A1B6812689B1A012B10
:10374000C0D91C4A136801331360D8F80030A3B104
:103750003B68DB6A03B93368FFF7D6FEB2E7DAF8F5
:103760003000FEF771FC5046FEF76EFCAAE73B689E
:10377000DB6A002BA6D13368A4E73B68DB6A002B29
:10378000EAD13368012BE7D8084B1868084B1B684F
:10379000C01A0128E0D900F075FDDDE778F60020B9
:1037A00074F6002010F6002004F60020B8F6002081
:1037B00000F7002080F60020ECF6002088F60020BC
:1037C00000ED00E0294B1B681BB1294B01221A6058
:1037D0007047274A70B5274C136022682368126827
:1037E0001B6B9A423CD9244D244B2A6802EB820081
:1037F00080009100185808BB501E00EB8006B600F0
:1038000081009E5956BB901E00EB8006B6008100D9
:103810009E591EBBD01E00EB8006B60081009E594B
:10382000E6B9101F00EB8006B60081009E59AEB9C4
:10383000053A02EB8200800091001858114403EB16
:10384000810003464168496841600833994204BFDA
:1038500049684160CB6823602A6070BD0246EDE78D
:1038600020682168343101F005FDBCE780F60020B6
:1038700004F7002004F6002088F6002010F600204F
:1038800070B5174D2B680C4603F1180102F094F93E
:10389000144B1E682868043002F0A6F9631C17D088
:1038A0002B68A4195C6007D30F4B18682968BDE822
:1038B0007040043102F080B90C4B1868296804315B
:1038C00002F07AF90A4B1A68944238BF1C6070BD46
:1038D00029680848BDE87040043102F05DB900BFB6
:1038E00004F6002000F700200CF6002008F6002067
:1038F000B8F60020D8F6002070B5194D2B68164692
:103900000C4603F1180102F047F9164B5EB11B6833
:103910002868043002F068F929681348BDE870404F
:10392000043102F039B91E682868043002F05CF9ED
:103930002B68A4195C6007D30C4B18682968BDE894
:103940007040043102F038B9094B18682968043115
:1039500002F032F9074B1A68944238BF1C6070BD00
:1039600004F6002000F70020D8F600200CF6002016
:1039700008F60020B8F6002030B5C368DC6804F112
:10398000180583B0284602F02FF91C4B1B683BBB7F
:10399000211D0846019102F027F9194AE36A1068CF
:1039A00001998342174888BF136003EB830300EB40
:1039B000830002F0F1F8144BE26A1B68DB6A9A425A
:1039C00082BF124B01201860114B1A68126898BF11
:1039D000002052B90F4B4FF0FF321A6003B030BDD8
:1039E0000D48294602F0D8F8E5E71A68094BD26875
:1039F000D26852681A6003B030BD00BF80F6002064
:103A000088F6002010F6002004F6002004F70020BD
:103A100008F60020B8F60020C0F60020034A044B48
:103A200012681B68C0E90023704700BFBCF6002085
:103A300000F70020F0B50D4683B0044600F0A8FB67
:103A40002B68144A591C10681DD0DFF84CC0D4E90B
:103A50000061DCF80070BE4208D0814206D8012027
:103A6000019000F09FFB019803B0F0BD471ABB42E4
:103A70000BD91B1A0B44DCF8001012682B600020D5
:103A8000C4E90012ECE70020EAE700232B600120E4
:103A9000E6E700BF00F70020BCF60020014B012242
:103AA0001A60704704F70020094B186818B9094BD1
:103AB0001B6813B1704700207047074A074B106816
:103AC0001B68013B984214BF01200220704700BFD1
:103AD000C0F6002004F70020D8F6002074F600207D
:103AE000054B1B6833B1054B1B68002B0CBF022034
:103AF0000020704701207047D4F6002080F6002097
:103B000070B5044682B0C8B11D4DC36A2A68D26A36
:103B1000934215D28269002A04DB2A68D26AC2F174
:103B200005028261174E626903EB830306EB830390
:103B30009A420ED02B68DB6AE362012002B070BDAE
:103B40002B68406CDC6AA0422CBF0020012002B030
:103B500070BD211D0846019102F046F82A680A4B03
:103B6000D06A1A680199E062904200D9186000EBAF
:103B7000800006EB800002F00FF80120DEE700BFB6
:103B800004F6002010F6002088F6002068B130B559
:103B9000836CC16A426C013B914283B004468364EA
:103BA00000D023B1002003B030BD00207047011DBC
:103BB0000846019102F018F80A4A636C1068E36243
:103BC0008342094888BF1360C3F1050503EB8303F3
:103BD00000EB83000199A56101F0DEFF012003B035
:103BE00030BD00BF88F6002010F6002070B130B55F
:103BF000426CC36A914238BF11468B4283B004467F
:103C000002D0826C012A02D003B030BD70478269B5
:103C1000114DC162002A03EB83034269A8BFC1F1C1
:103C2000050105EB8303A8BF81619A42ECD1011D18
:103C30000846019101F0D8FF084BE06A1A68019923
:103C4000904288BF186000EB800005EB800003B055
:103C5000BDE8304001F0A0BF10F6002088F600203B
:103C6000044B1A681AB119688A6C01328A641868A0
:103C7000704700BF04F600202DE9F0431D4EDFF829
:103C80007C9085B04FF000080CE0DB68DC681F68B2
:103C9000251D284601F0A8FF636A20469847E3697E
:103CA000012B0AD033681A68002AEED1124A116833
:103CB0003160136005B0BDE8F083A3693B449F42C7
:103CC000294610D3D9F80030002BEBD0CDE900877E
:103CD0000294FFF705FF0023D9F800001A46694651
:103CE000FEF764FADEE730686360246101F064FF88
:103CF000D8E700BF08F700200CF700208CF900205F
:103D00002DE9F04F894E8A4CDFF82C82894DDFF87F
:103D10002CA28BB03368D3F800B0BBF1000F00F0D9
:103D2000A980DB68D3F800B0FFF73EFBFFF744FB48
:103D300022688242814600F2AE808345206040F2D4
:103D4000BF8000222868ABEB0901FEF7DDFFFFF71B
:103D5000DBFB40B94FF08053CAF8043040BFBFF3DB
:103D60004F8FBFF36F8F2868002202A9FEF7B2FCC5
:103D70000028CFD0029B002B73DBDDF81090D9F820
:103D800014301BB109F1040001F02EFFFFF714FB02
:103D9000236898420746C0F08580029B2760092B64
:103DA000E1D801A252F823F0D13D0500D13D050034
:103DB000D13D0500673D05002B3E0500533E050043
:103DC000D13D0500D13D0500673D05002B3E0500B6
:103DD0000398D9F81830C9F81090C2182CBF0121E7
:103DE0000021BA42C9F804205FD8381A834228D883
:103DF000D9F8243048469847D9F81C302868012B58
:103E0000B2D10028B0D0D9F81820039B0021134468
:103E1000CDE907390691FFF763FE002328681A46AB
:103E200006A9FEF7C3F928689EE7039BC9F810901E
:103E3000DA19BA42C9F81830C9F8042039D8002B69
:103E400091D0D8F8000009F1040101F0B5FE28680E
:103E50008AE799F82C30002B85D14846FEF7F4F814
:103E600081E7039BDDE904019847029B002BFFF6E5
:103E70007AAF82E7FFF798FAFFF79EFA226890423E
:103E8000814608D3D8F80020C4F800901268B2FA2E
:103E900082F2520956E7FFF7EFFEC4F80090FFF7F1
:103EA00033FB60E7FFF7E8FE77E7B84201D9002966
:103EB0009ED0306809F1040101F07EFE286853E7C6
:103EC000FFF722FB3268D268D768391D0846019196
:103ED00001F08AFEF8690199012803D07B6A38460F
:103EE000984740E7BA693F610BEB020048457860AC
:103EF00003D9306801F060FEF0E7A9EB0B039A42AA
:103F00000FD82B68002BE9D00023CDE9063B08979A
:103F1000FFF7E6FD002328681A4606A9FEF746F9D2
:103F2000DCE7D8F8000001F047FED7E708F70020EB
:103F300038F900208CF900200CF7002000ED00E09B
:103F4000F0B51F4C89B000F023F92568F5B100F0F9
:103F500029F92068C0B1002407AA06A905A8CDE95F
:103F6000054401F099F9DDE905310222CDE900218E
:103F70000293079A134914482346FEF7BDFF134BDB
:103F80001860001B18BF012009B0F0BD104F114E82
:103F9000384601F0F1FD304601F0EEFD0E4A0F49C2
:103FA00000950F4B17600E600E4A10212020FEF77F
:103FB00059F820600028CAD00B49FEF793FEC6E7E7
:103FC0008CF9002058460600013D050090F90020BC
:103FD00010F9002024F9002008F700200CF7002039
:103FE0003CF9002010F70020504606002DE9F04F64
:103FF000074685B03020884616461D46FEF710F865
:104000000446A0B1DFF8849000F0C2F8D9F800307F
:104010008BB100F0C7F80E9B6362C4E90686276087
:104020002562201D01F0B4FD002384F82C302046C9
:1040300005B0BDE8F08FDFF858B0DFF858A0039363
:10404000584601F099FD504601F096FD0A4A0B4989
:10405000039B00932020C2F800B0C1F800A0084BD9
:10406000084A1021FDF7FEFFC9F800000028D0D053
:104070000549FEF737FECCE708F700200CF70020D3
:104080003CF9002010F70020504606008CF9002073
:1040900010F9002024F9002050B5144E346885B082
:1040A000C4B10529CDE9001202900BDCFFF718FD21
:1040B000022812D0002330681A466946FEF776F8C7
:1040C00005B050BD1A46204600236946FEF754FA53
:1040D00005B050BD204605B050BD3068089A002399
:1040E0006946FEF763F805B050BD00BF8CF90020AB
:1040F00010B5044682B000F04BF86069003818BF74
:104100000120019000F04EF8019802B010BD00BFF0
:10411000402383F31188FEE730B46FF00203084CAC
:1041200040F80C4C4FF0807540F8045C40F8081CD7
:1041300040F8202C40F8243C30BC4438704700BF85
:10414000114105000F4C08B5E02384F8223000F03F
:104150007BF80D4B0D4A00211960D4F8883043F4E8
:104160007003C4F88830536843F0404353602369B8
:1041700043F01003236100F069F9402383F31188B1
:10418000FEE700BF00ED00E094F9002030EF00E012
:10419000402383F31188024A136801331360704788
:1041A00094F90020034A1368013B13600BB983F3B1
:1041B0001188704794F9002041DF704712DF704783
:1041C00070B51D4B00221A6082B01B680193019BE1
:1041D000EFF31186402383F311881849184BD1F867
:1041E00004451A601B680093009BFFF7E5F8201A4E
:1041F00020F07F4323F0010320F07F459BB96C1E24
:104200006DB10025FFF7E6F8013C631C45EA0005A7
:10421000F8D125B10B4B4FF080525A6040BF86F366
:10422000118802B070BDFFF75BFC0228E7D0FFF7F2
:10423000D1F80546EDE700BF4011014000100140F4
:104240000011014000ED00E00B4B0C4930B41F2081
:104250000B4DC3F8080501220224E020C3F8042313
:104260002A601A60C3F8444381F811034FF4003305
:104270000B6030BC704700BF0010014000E100E05F
:10428000081001402DE9F041054684B0EFF310829B
:1042900072B6634CA36883B9624B63480121A16085
:1042A000D3F8801001402160C3F88000D3F8841057
:1042B00061604FF0FF31C3F8841002B962B65B4E03
:1042C000D6F80485FFF7F0FB78B3594F594AAF424F
:1042D00028BF2F4607EB080323F07F4301214FF04F
:1042E000000CC6F80813C6F84035C2F800C01368C1
:1042F00001934FF480330198C6F80433BFF34F8F16
:1043000025BBC6F80833156012684B4B0392039A1D
:104310001D601B680293434B029AC6F804134FF4C6
:104320000032D6F80415C3F88021A3685BB1EFF31F
:10433000108272B63B4B2168196061685960002396
:10434000A36002B962B604B0BDE8F081F1EE103AA4
:1043500023F09F03E1EE103AF1EE103A314D4FF4A5
:1043600080634022C5F8842103A8C5F884318DF804
:104370000CC0FFF723FF9DF80C30002B4DD12B46CE
:1043800020BFD3F80011D3F804210A43F8D0274BFB
:104390002848294A4FF48031C3F8081300210160EE
:1043A000006803900398116012680292012202993A
:1043B000C3F80423D3F804351A4AA3EB080828F0FD
:1043C0007F48474528BF47464FF40033012FC2F8C6
:1043D000803120D9781EFEF7F5FF184BDB68DA0133
:1043E0000FD5174A1368DB070BD5164B516803FB33
:1043F00007F7A7F57427A7F51077BF0A01EB871712
:104400005760FEF7E7FF00288FD00F4B4FF0805228
:104410005A6040BF89E7F4D087E7FFF7CDFEB6E7E3
:10442000BC00012000E100E0FC06FFBD00100140DF
:10443000FDFFFF004011014000110140F0ED00E0E0
:10444000001000E040420F0000ED00E00748006867
:1044500080F3088862B661B6BFF34F8FBFF36F8FEA
:104460004FF0E00080F3118800DF00BF0060020021
:10447000064B19680868B0E8F04F80F30988BFF36D
:104480006F8F4FF0000080F31188704704F6002012
:10449000EFF30980BFF36F8F144B1A681EF0100FF3
:1044A00008BF20ED108A20E9F04F10604DF8043D60
:1044B0004FF0400080F31188BFF34F8FBFF36F8F31
:1044C000FFF780F94FF0000080F3118808BC1968ED
:1044D0000868B0E8F04F1EF0100F08BFB0EC108A6B
:1044E00080F30988BFF36F8F704700BF04F6002088
:1044F000704700BF00293ED0931E222B3BD8F0B45A
:104500000A2A8AB0044631D0002001AF3B467CB174
:10451000B4FBF2F502FB1546092E2C4606F15705B1
:1045200098BF06F13005EDB203F8015B002CEFD126
:10453000302201E003F8012BBB42FBD00D4688B9C5
:10454000BB4209D96C1E1A4612F8010D04F8010F7E
:10455000BA42F9D19B1A1D44002308462B700AB0B9
:10456000F0BC70472D2205F8012BE9E70028CBDAD3
:1045700044420120C9E70020704700BFFFF7BABFDF
:1045800061B3931E222B29D870B48BB001AE344690
:1045900068B1B0FBF2F502FB1503092B94BF303371
:1045A0005733DBB2284604F8013B0028F1D1302311
:1045B00001E004F8013BB442FBD011D94A1E234666
:1045C00013F8010D02F8010FB342F9D1E41A0C44BB
:1045D0000023084623700BB070BC70470020704762
:1045E0000C46F5E70A490B4A0B4B9B1A03DD043BCB
:1045F000C858D050FBDC094809494FF0AD32026081
:1046000004300439FBD100F08BFCD1F721FE00000F
:10461000D86B0600006000209464002000F803209E
:1046200000080000FEE7FEE7FEE7FEE7FEE7FEE724
:10463000FEE7FEE7FEE7FEE708B50020EEF7AEF97D
:10464000DCF7C8FF114BBBB1114B63B1DCF7EAFDDE
:1046500000F000FEAFF30080DCF7E4FD00F0FAFDAF
:10466000AFF30080F2E7DCF7DDFD00F0F3FDDCF7EF
:10467000D9FD00F0EFFDF6E7DCF7D4FD00F0EAFD30
:10468000DCF7D0FD00F0E6FDF6E700BF000000001B
:104690000000000000B583B000F04EFFFAF7A0FC68
:1046A0000E4B019301230E4900934FF480620023C7
:1046B0000C48FEF791FC4FF4407000F0F1FEFEF75D
:1046C0000DFEBFF34F8F0849084BCA6802F4E06241
:1046D0001343CB60BFF34F8F00BFFDE798F9002075
:1046E000604606003946050000ED00E00400FA05CA
:1046F00038B507480C461546EEF77CFB00B938BDC7
:104700002A4621460248BDE83840EEF7A7B900BF67
:10471000ACD00020FDF734BCFDF732BCFDF74ABC3D
:10472000FDF748BC084A094908B51368184488428F
:1047300002D81060184608BD06F082FC0C23036006
:104740004FF0FF33184608BD5062002000F80320E8
:10475000114B1A78EAB90178104810B40A464FF0A4
:10476000804402F00102C1F34001C4F88015C4F88E
:1047700078250268D20706D4E021012280F80013D0
:10478000C0F880210260012205485DF8044B1A70D0
:1047900070470448704700BFB800012000E100E006
:1047A0000000AD0B0C00AD0B0C4B012230B4C3F874
:1047B0008020BFF34F8FBFF36F8F094C094D0A491B
:1047C0000A4A00234FF0804023604FF460742B604E
:1047D000C0F8084330BC0B601370704700E100E084
:1047E0009CF90020A0F90020A4F90020B8000120C5
:1047F000044B02684FF080414FF46070C1F8080329
:104800001A607047A4F900204FF080434FF46072A3
:10481000C3F80423704700BF4FF080434FF4607229
:10482000C3F80823704700BF044B4FF080414FF49A
:1048300060700022C1F808031A607047A4F90020D4
:1048400010B54FF0804386B0D3F80443620705D516
:10485000D3F8082103F58473002A4ED1A30603D5AB
:104860002A4B1A68002A3FD1600603D5284B1A68E4
:10487000002A2FD1210602D5264B1A680ABBE20571
:1048800002D5254B1A6892B9A3050ED5234B1A6899
:104890005AB100221A601A68214B0592059A1B68CA
:1048A000022006B0BDE81040184706B010BD002237
:1048B0001A601B4A1B68049301201368049A9847E6
:1048C000E2E700201860164A1B6803931368039AF6
:1048D0009847D4E700221A60124A1B68029301200D
:1048E0001368029A9847C5E7002018600D4A1B68B4
:1048F00001931368019A9847B6E700221A600A4AA2
:104900001B6800931368009A9847A7E714010040BA
:10491000180100401C01004020010040240100401B
:10492000A4F90020A0F900209CF900202DE9F04F07
:1049300005799A4E05EBC50406EB840C83B09CF810
:104940001CE0BEF1000F40F0F780A7000068F251B4
:10495000CCF8043091F80CC00B78BCF1010F4FEA91
:10496000C50440F2DA801F2B87BFDFF834E203F082
:104970001F0898464FF0A04E012707FA08F7CEF817
:1049800008751F2B8BBF03F01F071F46DFF810E2CF
:104990004FF0A04E07F5E0774FF001084EF8278062
:1049A0004F78FF2F00F0D0801F2F8ABF07F01F091C
:1049B000B946DFF8EC81009798BF4FF0A04809F5A1
:1049C000E07A4FF0010E0EFA09FE4FF00309C8F825
:1049D0000CE548F82A9091F802E0BEF1FF0F00F0D4
:1049E000AF80BEF11F0F91F80E8088BFDFF8B0B125
:1049F000CDF804E08EBF0EF01F0AF2464FF0A04B38
:104A00000AF5E07A4FEA88084BF82A8004EB05089B
:104A100006EB880888F820E091F803E088F81FE0AA
:104A2000BEF1FF0F2BD091F80490F046B9F1000FC2
:104A300000F08E80BEF11F0F87BF594F0EF01F0B85
:104A4000F3464FF0A0474FF0010A0AFA0BFAC7F8F5
:104A50000CA5BEF11F0F88BF0EF01F0804EB050E5A
:104A60008CBFDFF83CB14FF0A04B08F5E07806EBC7
:104A70008E0E4FF0030A4BF828A08EF81E90D1F846
:104A800008E0C0F80835009BC0F80C35019BC0F861
:104A90001035C0F824E54B7B003B18BF0123BCF167
:104AA000020F74D0BCF1030F74D0BCF1010F6BD0B6
:104AB000C0F854358B79C0F8C035002A58D0402250
:104AC000C0F80423072340F30732C0F80035002A5A
:104AD0004B794FEA10304FDB5109890002F16042F7
:104AE00001F1604102F5614201F5614101275B017D
:104AF00000F01F00DBB207FA00F082F80033C1F8C3
:104B0000800108602C4406EB84062648002201231D
:104B10007277337703B0BDE8F08F1F2B87BFDFF8C4
:104B200080E003F01F0898464FF0A04E012707FAD7
:104B300008F7CEF80C7524E71B4803B0BDE8F08FEA
:104B40004FF0FF37019761E74FF0FF37009742E7DB
:104B5000BEF11F0F87BF124F0EF01F0BF3464FF031
:104B6000A0474FF0010A0AFA0BFAC7F808A570E748
:104B70000723C0F80035C5E70C4A00F00F005B01C1
:104B80000244DBB21376BDE743F0020390E743F043
:104B900004038DE743F006038AE700BFA8F900206D
:104BA000000300500000AD0B0500AD0BFCEC00E075
:104BB000F0B403792D4C03EBC3018900DD0062588A
:104BC000002A4CD0026842F30736002E4FEA123713
:104BD00011DB7609DFF8A8C02036012207F01F0795
:104BE00002FA07F74CF82670BFF34F8FBFF36F8FB1
:104BF0006158026839B1E9181D48C2F8080304EB8E
:104C00008101497FF9B9E91804EB810191F820107D
:104C1000FF290BD01F2986BF01F01F01154E4FF051
:104C2000A04601F5E071022046F82100124900205B
:104C30008A42C2F8000514D02B4404EB83030022FF
:104C4000F0BC1A77704701215161D2F80411002994
:104C5000FBD0E91804EB810100204877D3E7026814
:104C6000D1E7064A01211160E6E700BFA8F900205C
:104C7000520108000003005000F0024004F002401E
:104C800000E100E02DE9F04F0779DFF898E107EB4C
:104C9000C70384460EEB830083B0457F002D40F0B0
:104CA000A2809B000C465EF8039016464FEAC708A8
:104CB000B9F1000F04D012F0140F04BF01234377A1
:104CC00008EB07050EEB850594E80F0095F81FA08B
:104CD00005F10C0BBAF1FF0F8BE80F000FD0AB7F83
:104CE000002B55D0BAF11F0F8DBF4A4A51464FF0E5
:104CF000A0420AF01F0101238B40C2F80835226848
:104D000072B102F06043B3F1005F09D047440EEB8B
:104D1000870E002340488EF81D3003B0BDE8F08FA9
:104D2000A16821B101F06043B3F1005FEED1DCF87E
:104D30000030E0686568C3F844250022C3F8485590
:104D4000C3F83415C3F83805C3F81821D3F818216F
:104D50000192019A16F0010218BF0122C3F85025F2
:104D600016F0020218BF01223007C3F840255CBFCD
:104D700001221A61B9F1000F18D0284840227107AA
:104D80004CBFC3F80823C3F8042303B0BDE8F08F79
:104D9000BAF11F0F8DBF1F4A51464FF0A0420AF0D3
:104DA0001F0101238B40C2F80C35A8E7D3F8182166
:104DB000002AFBD0BAF1FF0F29D047440EEB870E33
:104DC0009EF81E309BB1BAF11F0F88BF114A1348DD
:104DD00094BF4FF0A0420AF01F0A012303FA0AF31E
:104DE000C2F80C3599E70E4803B0BDE8F08FBAF170
:104DF0001F0F88BF074A094894BF4FF0A0420AF02E
:104E00001F0A012303FA0AF3C2F8083585E70348AD
:104E100083E700BF000300500A00AD0B0000AD0B9C
:104E20000B00AD0BA8F90020194BD3F8182102B9DB
:104E300070470021174AC3F81811D3F81811D37F0F
:104E400082B0FF2B019101990DD0917F99B11F2B59
:104E50008ABF11484FF0A04003F01F03012101FA5F
:104E600003F3C0F80C35002353771372D2E90031F5
:104E70000A4802B018471F2B8ABF07484FF0A040CE
:104E800003F01F03012101FA03F3C0F80835EAE734
:104E900000300240A8F9002000030050B0F90020C3
:104EA0001B4BD3F8182102B970470021194AC3F8E7
:104EB0001811D3F8181192F8433082B0FF2B0191EA
:104EC00001990ED092F84210A9B11F2B8ABF124847
:104ED0004FF0A04003F01F03012101FA03F3C0F8D3
:104EE0000C35002382F8413082F82C30D2E90931A8
:104EF0000A4802B018471F2B8ABF07484FF0A0404E
:104F000003F01F03012101FA03F3C0F80835E8E7B5
:104F100000F00240A8F9002000030050D4F900205E
:104F2000764B1B6810B45C1C00F0B880744A082BE8
:104F3000126822D0714B1B68082B72D0591C15D0F7
:104F40006F4A1268082B00F0CB806E4AD2F8883086
:104F500043F47003C2F88830BFF34F8FBFF36F8FF5
:104F6000694B6A4A5DF8044B1A607047684A694B9E
:104F700012681B78C2F30312E4E7032A40F2A1800F
:104F80005F4A1268082BD5D1032AD3D84FF080523C
:104F9000614BD2F80414C3F82015D2F80814C3F8F2
:104FA0002415D2F80C14C3F82815D2F81014C3F83D
:104FB0002C15D2F81414C3F83015D2F81814C3F80D
:104FC0003415D2F81C14C3F84015D2F82014C3F8D5
:104FD0004415D2F82414C3F84815D2F82814C3F89D
:104FE0004C15D2F82C14C3F85015D2F83014C3F86D
:104FF0005415D2F83414C3F86015D2F83814C3F835
:105000006415D2F83C14C3F86815D2F84014C3F8FC
:105010006C15D2F84424C3F87025384B1B68082B54
:105020008CD1374B1A68032A8FD83C4B9B5C13B149
:105030003B4B3C4919603C4B9B5C6BB12F4B3B4954
:105040001B682F4AFB20C1F81805082B12687FF453
:1050500075AF032A3FF679AF354B9B5CA3B1354B57
:10506000354C19682068264AA3F5947320F00F0088
:105070001B68126801F00F010143082B21607FF4C7
:105080005DAF032A3FF661AF2C4B9B5C5BB31B4BC0
:105090002B4A1B684FF4007111604FE71D4A1C4BEF
:1050A00012781B68082A4FEA13137FF443AF13F0FA
:1050B0000C0F06D0164A174B12681B78C2F3031266
:1050C00060E70E4B1B684FF080420021581CC2F86D
:1050D0000C11C2F81011C2F838157FF451AFE9E78E
:1050E000032A3FF632AF4FF08043D3F80024D207B3
:1050F00044BF6FF00102C3F8002426E7300100101E
:105100003401001000ED00E0546200200090D00354
:10511000E80F00F0E00F00F000C000406846060015
:105120008C560040488103006846060000F00040AD
:105130006846060058020010E40E0040684606006B
:10514000409602403D4B70B453F820401F2C14D8B9
:10515000012303FA04F400294FD0394B39481E6863
:10516000394BA0FB0610800C02FB00F0A3FB0030C3
:10517000800821464FF0A04515E0203C012303FAAA
:1051800004F4002948D12E4B2E481E682E4BA0FB5C
:105190000650800C02FB00F0A3FB00302B4D800872
:1051A00001E0013827D0D5F8103523408B42F8D0E4
:1051B000D5F8103523408B4206D001381BD0D5F8E6
:1051C000103523408B42F8D1002202E00132904298
:1051D00031D0D5F8103523408B42F7D05AB31C4B51
:1051E00043F2C820A3FB063600FB02F0B60900F527
:1051F0007A50B0FBF6F070BC7047114B11481E6836
:10520000114BA0FB0650800C02FB00F0A3FB00300A
:1052100080084FF0A045C6E7094B0A481E680A4BB4
:105220000A4DA0FB0610800C02FB00F0A3FB00302F
:1052300080082146B7E7002070BC70473443060061
:105240005462002083DE1B434FECC44E0003005029
:10525000D34D621008B5EDF7A7FB054B4FF0805218
:105260005A6040BFBFF34F8FBFF36F8F08BD00BFC1
:1052700000ED00E0704700BF704700BF044B0360C3
:1052800010B46423034C0C605DF8044B136070474A
:10529000F0F9002044FA0020054B036010B44FF4ED
:1052A0008073044C0C605DF8044B1360704700BFC2
:1052B000D4FB002028FC002070B51F4D84B0286866
:1052C0004FF0FF3203A9FDF705FA0028F7D0039C41
:1052D000237A6668052B0CD8DFE803F02629211B0A
:1052E0001403D4E90523D4E90301E4690094B04729
:1052F000039C206810B1FCF75DFE039C2046FCF780
:1053000059FEDCE7D4E90523D4E90301B047039C47
:10531000EFE7D4E90412E068B047039CE9E7D4E979
:105320000301B047039CE4E7B047039CE1E7E06872
:10533000B047039CDDE700BF2C0001202DE9F043BE
:10534000304B314D5B6885B0C3F30803019001AF6A
:1053500053B10023286839461A46FDF70DF9012894
:1053600009D105B0BDE8F083286839466422FCF70E
:105370001DFF0128F5D0DFF89480D8F80000002246
:1053800040000421FCF79EFE06460028E9D0DFF825
:105390008090D9F80000FDF797FEFEF7F9FE01E0D6
:1053A000FCF704FF002203A92868FDF793F90446DF
:1053B0000023642203A93046002CF1D12868FDF7B0
:1053C0006DFC2E60FEF7EEFED9F80000FDF73CFF05
:1053D000D8F800300B4A28685B00C8F800305368E2
:1053E000C3F30803394633B123462246FDF7C4F818
:1053F00005B0BDE8F0836422FCF7D8FE05B0BDE837
:10540000F08300BF00ED00E02C0001202800012007
:10541000300001202DE9F8439DF8206005460F4635
:10542000904699469EB1B0000C30FCF7A9FD0446A9
:1054300058B10023C0F804800672036005B147B973
:105440000EBB2046FFF77AFF0120BDE8F88310204D
:10545000EBE73846FCF794FD80462060D0B13A4631
:10546000294605F05BFE002EEBD0711EC9B209EB98
:105470008101A9F1040252F8043FAB4208BFC2F80F
:1054800000809142F7D1B200494604F10C0005F0CA
:1054900045FED6E72046FCF78DFD4046D5E700BF28
:1054A00070B540230B4D82B00446002218460421FB
:1054B0002B60FCF707FE084D084B019306460223BC
:1054C000009307492E60A2B200230648FDF784FD31
:1054D00002B070BD280001202C0001203000012006
:1054E0006C460600B952050011DF704708B5044646
:1054F000FFF7FAFF0D4B4FF080414FF0FF32C3F83A
:105500008020C3F88021C3F88420C3F88421C1F827
:105510001C45BFF34F8F0649064BCA6802F4E06290
:105520001343CB60BFF34F8F00BFFDE700E100E006
:1055300000ED00E00400FA054FF08043194AD3F86B
:105540000014194830B41160D3F80054D3F8002483
:10555000164C17492A43C3F80024D4F840250260AA
:1055600001224FF40030C3F818259A60C1F880007A
:10557000BFF34F8FBFF36F8F0E4C03F588334FF09F
:10558000A0454FF480304FF0FF31C3F84803C3F813
:1055900008035A609A60C5F80815C4F8081530BCAD
:1055A000704700BF340001203800012000A00040F7
:1055B00000E100E00003005008B54E20FFF796FF21
:1055C000F0B44B4B1D6882B00023082DADF80630B7
:1055D00005DD0A2D00F385800A26012300E0082658
:1055E000444C454AC4F8F03501270023DFF814C1C4
:1055F0004249C4F80075C4F81435C4F81035C2F82F
:105600001435C2F81035C2F82435C2F82035C2F876
:105610003435C2F83035C2F84435C2F84035C2F8E6
:105620005435C2F85035C2F86435C2F86035C2F856
:105630007435C2F87035324ADCF8003009681268F7
:10564000DFF8C4C01B02090301F4805103F4E063D6
:1056500012040B4302F4E0229CF80010134343EAC7
:1056600001630DF10602C4F818352146C4F814058B
:10567000C4F81005C4F82C26C4F830762760D1F899
:105680000031002BFBD0002001231A4AC1F8000191
:105690004B60D2F80431002BFBD0002001231549C8
:1056A000C2F804019360D1F81431002BFBD0002321
:1056B000C1F81431BDF80620120448BFADF8063019
:1056C0000C4B0022C3F80025BDF80600B54200B21D
:1056D00004D035BF751BAD1BE840A84002B0F0BC3C
:1056E00070470D2DB5BF0C260E260223032377E746
:1056F00058620020007000401070004044000120FB
:1057000048000120400001203C000120014B1860AE
:10571000704700BF5862002002381549042822D87B
:10572000DFE800F0090F151B0300124B01200222D5
:1057300008601A6070470F4B0020012208601A6051
:1057400070470C4B0020022208601A607047094B1A
:105750000020032208601A607047064B00200422D4
:1057600008601A607047034A00230B60136070479B
:1057700044000120400001202F2816D8144B53F874
:105780002030023B1D2B10D8DFE803F01E2014163A
:105790000F0F0F0F0F0F0F0F0F0F0F0F0F0F0F0F19
:1057A0000F0F0F0F0F0F181A1C1100207047082041
:1057B000FFF706BF0320FBE70420F9E70520F7E722
:1057C0000620F5E70720F3E70120F1E70220EFE7E5
:1057D000344306002F281BD83C4B53F820301F2B96
:1057E00086BF3B4A03F01F034FF0A0420E290FD89B
:1057F000DFE801F0655F59534D474039322B241DD6
:10580000160F080003F5E07340F2037142F823100D
:10581000704703F5E07340F2036142F823107047CC
:1058200003F5E07340F2035142F82310704703F58B
:10583000E07340F2034142F82310704703F5E07330
:1058400040F2033142F82310704703F5E07340F251
:10585000032142F82310704703F5E07340F203116F
:1058600042F82310704703F5E0734FF4403142F8DB
:105870002310704703F5E0734FF4003142F8231012
:10588000704703F5E073134942F82310704703F59E
:10589000E073114942F82310704703F5E0730421C7
:1058A00042F82310704703F5E0730C2142F82310EF
:1058B000704703F5E073032142F82310704703F5A6
:1058C000E073002142F82310704700BF3443060004
:1058D00000030050040002000C0003002F280FD822
:1058E0000B4B53F820301F2B86BF0A4A03F01F03CF
:1058F0004FF0A04229B1012101FA03F3C2F80835A3
:105900007047012101FA03F3C2F80C35704700BF5C
:1059100034430600000300502F2818D80D4B53F8CD
:1059200020201F2A8ABF0C494FF0A04102F01F021D
:10593000D1F8140501239340034214BFD1F8042584
:10594000D1F81025134214BF012000207047002019
:10595000704700BF34430600000300502F2817D8BB
:105960000D4B53F820101F298ABF0C4A4FF0A0425C
:1059700001F01F01D2F8140501238B40034214BF2C
:10598000D2F80415D2F810150B4202D1C2F808352E
:105990007047C2F80C3570473443060000030050CE
:1059A0002F280DD8074B53F820201F2A86BF064901
:1059B00002F01F024FF0A04101239340C1F80C35C3
:1059C000704700BF34430600000300502F280DD855
:1059D000074B53F820201F2A86BF064902F01F02FA
:1059E0004FF0A04101239340C1F80835704700BF34
:1059F000344306000003005030B401600022BFF3BE
:105A00005B8F4260BFF35B8F01688260FF254FF0C0
:105A1000FF340582C2608274C1F8644530BC7047AF
:105A2000214B5B6809B90020704710B4BFF35B8F4E
:105A30004368BFF35B8F994200F1040416D0BFF3B3
:105A40005B8F4368BFF35B8F83B90368D3F860252E
:105A5000D3F86405D2430028D3F868054FEAD27220
:105A6000A8BF0132002805DBD3F86C3500205DF8B3
:105A7000044B7047D3F86C050028F7DA002AF5D1FB
:105A8000D3F80035002BF1D1BFF35B8F54E8003F12
:105A9000002B03D144E80012002AF7D1BFF35B8F3B
:105AA0000CBF01200020E2E700ED00E01F4B5B6827
:105AB00009B90020704710B4BFF35B8F4368BFF390
:105AC0005B8F8B4200F1040410D10368D3F860258A
:105AD000D3F86405D2430028D3F868054FEAD272A0
:105AE000A8BF0132002805DBD3F86C355DF8044B04
:105AF00000207047D3F86C050028F7DA002AF5D1AA
:105B0000D3F80035002BF1D1BFF35B8F54E8003F91
:105B10008B4203D144E800200028F7D1BFF35B8F0C
:105B20000CBF012000205DF8044B704700ED00E041
:105B300008B509490948FFF75FFF09490948FFF718
:105B40005BFF09490948FFF757FFBDE808400849CE
:105B50000848FFF751BF00BF00C001404C000120C2
:105B6000001002406000012000200240740001206B
:105B700000D002408800012000F108034FF0FF31FF
:105B80000022C0E90333816002604360704700BFB8
:105B900000230361704700BF4368026810B49C682B
:105BA0008C609C684B600132616099605DF8044BC9
:105BB00008610260704700BF30B40D686B1C10D0E4
:105BC00000F108031C465B681A68AA42FAD9026809
:105BD0004B60013299608C606160086130BC02608A
:105BE000704704696368F2E7036910B4D0E90112F1
:105BF0005C688A608442516008BF5A601A685DF828
:105C0000044B0021013A01611A601868704700BF17
:105C1000F0B5054699B01F4600230E46144605A868
:105C200019460322D5F8D05001F062F938BB01467D
:105C3000AD00082303AA05A8CDE9034501F098F9B2
:105C4000E8B9611905A801F0B7F9C0B937B9234619
:105C50001022314605A801F0C7F980B905F11003FB
:105C600002A9019100941946324605A8029301F059
:105C7000F9F9044B002818BF184619B0F0BD0148C7
:105C800019B0F0BD360CF0002DE9F04F864C80467F
:105C90009E460F4694460FCCB7B00DF11C0A5546F0
:105CA0000FC594E80F0004F1100685E80F000FCE31
:105CB0000FAD0FC596E80F00303485E80F000FCC0C
:105CC00017AD0FC50FCC0FC594E80F00D8F8D04022
:105CD000CDF80CE0042C85E80F0001D0082C6BD126
:105CE000409A231DB2EB830F4FEA830B03D06F481A
:105CF00037B0BDE8F08F07EB0C019CFA8CF30CF188
:105D000018060CF109003B609BFA8BF5802326F006
:105D10000F06321A7D6038440B72002101F09CFDA1
:105D2000409B1B09ABF1100B00F0BB80042C47D04B
:105D3000DDF80C90CDF808B04B4617ADB1464FF0EA
:105D4000000823ACBB461E4624E0029FCDF814A0F9
:105D5000069701F00DF903462946204610353BBB56
:105D600001F02AF984464FF0100E4B465A46494638
:105D70002046BCF1000F1BD10DEB0E07CDE90067EB
:105D8000CDF810E001F06EF9103688B9409BB8EB01
:105D9000131F58D2002319460222204601F0A8F80A
:105DA000014608F10108082305AA20460029CCD0A5
:105DB0003F4837B0BDE8F08F3E4837B0BDE8F08FC0
:105DC000DDF80C90CDF808B033460FAD4E464FF0DD
:105DD000000823ACBB46994626E0029FCDF814A0EC
:105DE000069701F0C5F80346294620461035002BDA
:105DF000DED101F0E1F884464FF0100E4B465A46D2
:105E000049462046BCF1000FD2D10DEB0E07CDE97B
:105E10000067CDF810E001F025F910360028C7D151
:105E2000409BB8EB131F0ED20023194602222046D6
:105E300001F05EF8014608F10108082305AA204692
:105E40000029CAD0B4E7DDF808B0039D0023194645
:105E500001222046CDE9055B01F04AF80146002801
:105E6000A6D1082305AA204601F082F800289FD178
:105E700005EB0B01204601F09FF80146002897D161
:105E8000409A284601F0E8FC409B009540A901910A
:105E90002A462046194601F0E5F800283FF428AFCD
:105EA00086E723ACD1E700BFE8460600230CF000EC
:105EB000360CF000210CF0002DE9F04F2DED028B97
:105EC000164687B007321C46D308129D039300285C
:105ED00000F0BC800F46002900F0BF80002C54D099
:105EE000BDF80C108046204600F0BCFF0228064694
:105EF00040F2AA8003285DD12378032B40F2A480CE
:105F0000039B681C591E0123019301F0A7FC019B10
:105F10000493019B76429AB206F007064FF0FF0AFF
:105F20004AFA06FA08EE102A5E1E4FF6FF72103B80
:105F30005FFA8AFA2E440292059318EE101A2A4646
:105F40004046B84700287DD133780AEA030333700E
:105F5000049B102B40D0BDF8043022461946284639
:105F600000F0ACFE022852D0029B013B0293E4D128
:105F70003E4B03990193284601F070FC019B1846A3
:105F800007B0BDEC028BBDE8F08F99B22A461C46E3
:105F9000B84703460028ECD1611E70076A5C42F0E6
:105FA00080025CD16A540023184607B0BDEC028B16
:105FB000BDE8F08F039B00F10709A3EBD90105EBC6
:105FC000D90001F04BFC4FEAD903B9F1870F0193D7
:105FD00088BF102304939CE7059B05EB030904EBA2
:105FE000030B07E0002BB6D0B84758BB33780AEA5A
:105FF00003033370102319465A46484600F05EFEEC
:106000000346022B4A464FF010014046EAD1019B5D
:10601000002BC8D0013DE918012315F8012F1344C6
:106020008D422B704FEA2323F7D1019B013C23447F
:10603000022214F8011F0A449C4222704FEA2222D5
:10604000F7D1B0E7034694E7094B92E7094B1846AE
:1060500007B0BDEC028BBDE8F08F074B8FE77642AF
:1060600006F0070632416A5489E700BF010CF000D0
:10607000320CF000250CF000140CF0002DE9F04378
:106080008FB0884607A91746044601F0A5FA0546D1
:1060900000284ED1D4F8D050042D01D0082D4ED177
:1060A000D4F8C4300C2B62D8B8F1000F45D02E1DA7
:1060B000760106AA04ABCDE90032029707A905AB29
:1060C00000222046059600F0DFFD00283CD1069B0B
:1060D0000498D4F8C42023F00303083304F184099E
:1060E00018449200494601F0B3FBD4F8C400069A64
:1060F00004992B1D9E0002EB800200964B46204621
:106100000692FFF7C1FD054650B9B8F1010F33D033
:106110000346224649462046FFF77AFDB0B10546C0
:106120002046E42101F09AFB38464FF4BF5101F0BC
:1061300095FB28460FB0BDE8F0836E01B9E71B4D13
:1061400028460FB0BDE8F083194DE9E7D4F8D43004
:10615000012243F00103C4F8D430C4F8CC2000235A
:106160004846C4F8C430402101F078FBDCE7114D0B
:1061700028460FB0BDE8F0833146204601F06EFBA3
:106180002B46224649462046FFF742FD0028C6D14D
:10619000D4F8D430084AC4F8CC8023F4803343F0D8
:1061A0000103C4F8D430C4F8DC20D8E7210CF00097
:1061B000260CF000040CF000CDAB23012DE9F04FCC
:1061C0009DB0002800F03B811646002A00F03D817A
:1061D0000D4621B98B4658461DB0BDE8F08FB14F32
:1061E00004464FF0FF31386801F058FB002840F0BA
:1061F0001981AD4BD4F8DC209A4216D0DFF8B8B242
:106200002946304601F02AFBD4F8C430002B40F078
:106210000D81386801F05CFB0028DCD0A34801F058
:10622000EBFA58461DB0BDE8F08FD4F8D430DA0749
:1062300040F10E81D4F8CC30113300F20F81D4F844
:10624000D080B8F1040F05D0B8F1080F02D0DFF804
:106250006CB2D5E7D4F8C4200C2A00F2FC8004F11B
:106260004003029304F1840A002A00F0FD809200AA
:10627000514604F1480001F0EBFAD4F8C420029929
:1062800008F104039B000093920053462046FFF759
:10629000FBFC83460028B3D10346224651462046E4
:1062A000FFF7B6FC83460028AAD104EB8809012237
:1062B000D9F80C301BBA9B181BBAC9F80C304FEA3E
:1062C000880B16D3D9F808301BBA9B181BBAC9F82B
:1062D00008300ED3D9F804301BBA9B181BBAC9F882
:1062E000043006D354F828301BBA13441BBA44F8C0
:1062F0002830002309A81946032200F0F9FD0028E0
:1063000040F0AF800146082307AA09A8CDE9074B52
:1063100000F02EFE002840F0A480494609A800F0B5
:106320004BFE002840F09D80614AD4F8D4301A42D8
:1063300000F0A2802B0915F00F0B049300F0998058
:1063400001330493CDF80CB05B469D420DD0EA1AA0
:1063500011463046059201F081FA059A33463146DE
:1063600009A800F041FE00287BD104F1300B102277
:106370000298594601F06CFA5846102101F06EFA65
:10638000102306A90191CDF800B009A85A46194674
:10639000069300F067FE002863D1039AA81A3044E0
:1063A000594601F055FAD4F8D430DB0509D45A46E1
:1063B0000298049B314600F0CBF9834600287FF415
:1063C0001FAFD9F80C30049A1BBAD3181BBAC9F8FE
:1063D0000C3017D3D9F8083001221BBA9B181BBA0E
:1063E000C9F808300ED3D9F804301BBA9B181BBA71
:1063F000C9F8043006D354F828301BBA13441BBA2A
:1064000044F828305146012322462046FFF700FC7D
:10641000834600287FF4F4AED4F8CC300133C4F8BE
:10642000CC30F1E6234801F0E7F9E2E60023C4F8B6
:10643000C43004F18400402101F010FAE9E6DFF8ED
:1064400080B058461DB0BDE8F08FDFF878B0C2E6E6
:10645000DFF874B0D4E6DFF874B0D1E6DFF870B0DE
:10646000CEE6DFF870B0CBE65046402101F0F6F9F9
:106470001BE71023039368E704F13003184610214B
:10648000039301F0EBF9039B1022194609A800F0D1
:10649000ABFD0028E5D1D4F8D43043F48033C4F800
:1064A000D43047E7C8000120CDAB23019046060059
:1064B00000010100784606000E0CF000210CF000EF
:1064C000270CF000000CF000080CF000040CF000A9
:1064D000070CF000360CF00070B5002849D00D46CE
:1064E000002943D0244E04464FF0FF31306801F0BC
:1064F000D5F990BB002001F021FA50BB20462A4676
:106500000121FFF7BBFD0446012001F017FAB8B9DD
:10651000306801F0DDF950B9012001F00FFA08B937
:10652000204670BD154801F067F9204670BD14483B
:1065300001F062F9012001F001FA0028F0D0F1E742
:106540000E4801F059F9306801F0C2F90028E3D093
:10655000EDE70C4801F050F9D0E70B4801F04CF999
:10656000002001F0EBF90028C8D0F2E7074C2046E4
:1065700070BD074C204670BDDC000120C8460600F7
:1065800090460600A846060078460600200CF0005B
:10659000250CF00000284CD0F0B50D4689B000293C
:1065A00038D00446E42101F059F901A9204601F050
:1065B00013F810B1204809B0F0BD204F4FF0FF3163
:1065C000386801F06BF980BB002001F0B7F940BBDF
:1065D00001A92A46204600F063FB0646012001F08F
:1065E000ADF9D0B9386801F073F978B9002EE1D16E
:1065F0002046E42101F032F929462046FFF76CFFDE
:106600000F4B002818BF184609B0F0BD0D4801F027
:10661000F3F8EBE70C4809B0F0BD0C4801F0ECF8DA
:10662000E0E70B4801F0E8F8D2E70A4801F0E4F8A7
:10663000CAE70948704700BF110CF000DC000120D8
:10664000120CF00090460600200CF000C846060030
:10665000A846060078460600250CF00030B4029DDE
:106660004DB1064D941EAC4202D830BCFFF724BC9D
:10667000034830BC7047034830BC7047FDFF07003B
:10668000310CF000300CF00038B504464FF4806057
:1066900001F040F9054D06480649074A00232B60E2
:1066A00003600B682360136038BD00BFC8B102509F
:1066B0002CB1025004B1025008B102500138072831
:1066C00005D8DFE800F00A0E0412040404060948A5
:1066D00070478B698B6000207047CB688B6000200F
:1066E00070470B698B60002070474B698B600020FE
:1066F000704700BF310CF1000B6802E0082B0B6003
:1067000006D8426813424FEA4303F7D0002070478F
:1067100000487047310CF100084B094A002119600C
:106720001368002BFCD107480749084A03604FF45F
:1067300080604FF0FF330860136070472CB1025047
:1067400010B90250C4B1025008BA025008B1025048
:10675000012BF8B516461CD010221D460C4601F040
:106760005FF8E0B1AF1E314604EB0710102201F0D4
:1067700057F8A0B1022D0ADD00252046103421462D
:10678000102201F04DF8013548B1BD42F5D100208D
:10679000F8BD1146102201F043F80028F7D1014856
:1067A000F8BD00BF020CF000002877D0F8B50C4609
:1067B000002971D01D46002B6ED0064622B1012261
:1067C00000232A60C0F8D8302B68002B62D02946FD
:1067D0002046FFF791FF00285BD128682146FFF78C
:1067E0006DFF002855D1364B3649374A01271F60C7
:1067F0009C460F60CCF80070A368136011688B4250
:10680000F8D1324F3249334A334B4FF0000CC7F8BE
:1068100000C004270F600A2111606FF03A021A606D
:10682000079B012B4FF080533AD0D3F8002C013254
:1068300043D0D3F8002C294BA3FB02321209A368E2
:10684000274C2849284F03FB02F303EB4303DB03E8
:106850009B092360254B2C680C601A60069A244C17
:106860003A604FF48062226001224FF0FF3441F819
:10687000C44C43F80C2CD6F8D8302A6823F07F4358
:1068800043EA0263C6F8D8302A6843EA0223C6F80E
:10689000D830F8BD1748F8BD1748F8BD16487047FE
:1068A000D3F80C2C013206D0D3F80C2C0B4BA3FBE5
:1068B0000232FA40C3E71622C1E70622BFE700BF53
:1068C000C4B1025040B1025030B102502CB102505C
:1068D0000CB1025038B1025000B10250ABAAAAAAC2
:1068E000D8B10250CCB10250D0B10250D4B1025054
:1068F00008BA0250310CF100350CF100F0B4C900B7
:10690000002401F1FF3C2646274606E09F4216D0B0
:106910000126654519D82C461F46630904F01F015E
:1069200050F823301F2923FA01F304F1010518BFA1
:1069300003F00103002CE9D101263546EBE70136CF
:106940009642E6D10248F0BC70470020F0BC704788
:10695000360CF100002861D02DE9F0414C1EB4F551
:10696000047F27D233B32AB3CD00012B05F1FF3EBC
:1069700030D000218C460F460E4603F1FF384C09FB
:1069800001F01F0550F824401F2D24FA05F418BF0C
:1069900004F0010421B90126B44631462746EEE74A
:1069A000B34213D0A74201D10CF1010C464504D1EA
:1069B000624502D21A48BDE8F0813C4601318E455D
:1069C00006F10106EAD20020BDE8F08100264FF072
:1069D000010CF3E70026B44637463446610904F05B
:1069E0001F0350F821101F2B21FA03F118BF01F0EB
:1069F00001013CB15FB98C4501D0614608E0013628
:106A0000614605E0012634468C460127E6E73E460E
:106A1000B242CFD30134AC42F6D1D4E7004870473C
:106A2000370CF1002DE9F04F89B01D46149BDDF8BD
:106A30004CA004460E4617464BB94FF08053D3F88E
:106A4000002C013200F0A980D3F800BC08E04FF020
:106A50008053D3F80C2C013200F0A280D3F80CBC88
:106A60007C480AF5C1622A60129A00234FF0FF3178
:106A7000136000F013FF002840F08680764A774BC1
:106A8000774910600432196013680693069BD90792
:106A9000FAD5714A714B002111601B6807930432CB
:106AA00013680793079BDB07FAD56C4B6D4A1B688D
:106AB0000793DDF81C9013680793079BD807FAD556
:106AC000644800F005FF00285AD1654B994540F015
:106AD000B680D4F8D43013F400790ED1D90512D58C
:106AE0002B68129A1B6813603BB1D4F8D4309B0515
:106AF0005BD5484609B0BDE8F08FDFF87C91484689
:106B000009B0BDE8F08F002F00F08780564A574B40
:106B10001168B2681B689A4245D10A2943D194F89A
:106B2000DB3005930AF5C26A042500274FF0805830
:106B300004A8FFF7A9FD0498820602D510F01A00F8
:106B400039D0D4F8D810059A0B0A03F47F030B430D
:106B500023F07F43082AC4F8D83077D0149B4FEA3B
:106B6000420CCDE90073002205AB31462046CDF83A
:106B700014C0FFF719FE00285FD1013DD8D1B4E75A
:106B80003B4800F039FEA0E73A48DFF8F09000F00B
:106B900033FE484609B0BDE8F08F4FF0900B5FE739
:106BA0004FF4047B5CE7DFF8D890FFF7B5FD48466B
:106BB00009B0BDE8F08F129B5246C3F800B05946A9
:106BC00000F03CFD002838D1D8F8043C129A01337B
:106BD00018BFD8F8043C116808BF51230293D8F8B5
:106BE000083C01332ED0D8F8083C03934B1EB3F574
:106BF000047F0FD2029A02915046FFF77FFE48B9F8
:106C00000299039A4FF480635046FFF7A3FE0028D1
:106C10003FF46BAF129B1F6093E723F00F03C4F8A0
:106C2000D430149B0122CDE90093314605AB2046B8
:106C3000FFF7BAFD00283FF475AF814655E7DFF84E
:106C40003C9056E740F237330393CFE7DFF83490B8
:106C50004BE700BFD400012004BF025000BF025028
:106C600012FA12FA08BF025038B1025030B1025085
:106C70009046060078460600330CF000350CF00014
:106C8000300CF100320CF10030B4DDE90234049D27
:106C900002940024CDE9035430BCFFF7C3BE00BF0B
:106CA00010B586B005AB0124CDE901240093002284
:106CB00004ABFFF7B7FE06B010BD00BFF0B4441838
:106CC00031B114F8015D4E1E15B931460029F8D1D5
:106CD000D41833B114F8015D5E1E45B93346002B5C
:106CE000F8D10D1E18BF01252846F0BC70478B4215
:106CF00022D325D84C1EA64228BF2646002E23DBD1
:106D0000013694190025821904E0012D38BF0125B0
:106D100090420BD012F8016D14F8017DB742F4D304
:106D2000F6D9002D08BF02259042F3D18B4218BF3F
:106D300000252846F0BC704701252846F0BC704766
:106D400002252846F0BC70470025EFE79942F0B5D0
:106D50000DD801EB03044FEA540467D3002C7DD017
:106D60004FF0000C171F2146051F624632E003F169
:106D7000804C0CF1FF3C051F002600EB8C0C05EB52
:106D8000810E34465CF8047FE64546EA0706F9D1F1
:106D900016F1FF3744F1FF3C6FEA0C0C99420CF0FE
:106DA000010C3ED201F1804E0EF1FF3E171F02EBA7
:106DB0008E0507EB830355F8042FAB4246EA020623
:106DC000F9D116F1FF3644F1FF32D24302F001024D
:106DD00091B3051F002305EB810E28463C4619465A
:106DE00050F8046F54F8045FAE4218BF002103F05E
:106DF000010318BF002388BF41F0010138BF43F0F1
:106E000001038645ECD1A9B182F00100BCF1000F6D
:106E100000D108408CF0010402B91C4000EB440092
:106E2000F0BDC3B1171F19460022D3E70026344630
:106E3000B446B7E7002BE7D1BCF1000F03D132B164
:106E400060461446EAE782F001000023E2E71046BC
:106E500013461446E1E760461C46DEE7204623461B
:106E6000DBE700BF4218084630B112F8013D411E71
:106E70001BB908460028F8D170471A064FEAC0002F
:106E800018D4590600F1FF3215D49906A0F1020278
:106E900011D4D906A0F103020DD41907A0F1040200
:106EA00009D45907A0F1050205D49B07A0F10602F9
:106EB00001D4073870471046704700BFA1B100EBFE
:106EC000810001E001390FD050F8043D002BF9D0CA
:106ED0004801A0F1200202E00138904206D0002BC8
:106EE0004FEA4303F8DA704708467047704700BF1F
:106EF00078B3032A70B50E461546044601D9052A13
:106F00001CD1012E18D8ABB9022D19D0052D17D0E0
:106F10004C21204600F0A2FC052D88BF4FF0FF3227
:106F200013D900200123C4E90826C4E90B00C4E9F1
:106F30000D3370BD094870BD094870BD094870BD6A
:106F400056B94C21204600F089FC074B53F8252008
:106F5000E7E74FF470007047044870BD0E00F00082
:106F60000600F0000200F000584706001200F00092
:106F7000C8B110B50C4682B18CB9082B0DD153683D
:106F8000102B0ED1136843B101238362D2E90012A2
:106F9000103000F05DFC204610BD044810BD0448D0
:106FA00010BD044810BD4FF4700070470400F0009D
:106FB0000500F0000300F00070B108B5036A013B62
:106FC000022B05D831B1102200F042FC002008BD90
:106FD000034808BD034808BD4FF47000704700BF68
:106FE0000200F0000100F00038B349B31AB338B51D
:106FF00012F00F051BD1046A24F00404032C01D005
:1070000003B31D4613462A4601F022FE58B1A0F5EF
:107010007100052818D8052816D8DFE800F0050308
:107020000A0303080A4838BD4FF4700038BD094808
:1070300038BD094838BD074870474FF470007047A5
:1070400006487047064838BD4FF4750038BD00BF8C
:107050000200F0000A00F0000600F0000800F00056
:107060000900F000F8B5079F48B30E460546002A10
:1070700035D0994239D8002F41D02B6A23F0040132
:10708000032906991FD0002932D03968B14233D381
:10709000300703D0012B1CD8EB6A23B311463346CB
:1070A000069A284601F0E0FE044660B3A0F571049C
:1070B000052C37D8DFE804F00310251010174FF423
:1070C00070042046F8BDA9B139680F2914D93107D9
:1070D000E4D0032BE2D1DFE7144C2046F8BD0029B1
:1070E000C9D0134CEDE7134CEBE7134C2046F8BD29
:1070F000002ED3D0114CE4E7114C2046F8BD114CC2
:10710000DFE7114CDDE72B6A23F00403032B01D0EA
:107110003E60D6E706982946102200F099FB10231E
:107120003B60CEE74FF47504CBE700BF0200F000F0
:107130000800F0000A00F0000C00F0000900F00068
:107140000D00F0001100F0000600F0002DE9F84FEE
:107150001E460A9B002B6AD00D4600296FD00446BC
:1071600000287DD0022E5ED816B10B9B002B79D063
:10717000D4F8B872B7F5107F4CD8D4F8BC127B1C89
:10718000994247D895F80090B9F1070F53D8B9F153
:10719000050F50D009F006030737022B4FEAD70737
:1071A0003CD07B00013393423BD10A9807F1030B9B
:1071B0004FF45D7100F1040A2BF0030800F04EFB60
:1071C000414650463B466A1C00F002FC002838D17C
:1071D0004FEA9B0B5B46594622465046FFF7B6FDE9
:1071E000022855D119F0040F3ED10A9B214603F124
:1071F00094004FF4377200F02BFB4946504600F0E4
:107200006DFC0446002845D1022E45D00A9A264B33
:1072100013601CE0254C2046BDE8F88F7B1C934290
:10722000C3D0234CF7E7234C2046BDE8F88F224C0F
:107230002046BDE8F88F214C2046BDE8F88F204C51
:10724000E9E7204C0A984FF45D7100F007FB0B9BB7
:10725000002BE0D04FF46371184600F0FFFADAE734
:10726000194CD8E7194CD6E70A9B7A1C4C33414697
:10727000184698462A443B4600F0AAFB0028E0D175
:1072800040465B4659462246FFF760FD0228ACD0D7
:107290000C4CC0E70E4CD5E70B99504600F0FCFCB7
:1072A0000028B3D00446CDE7010000EC9508F000BB
:1072B0000F08F0001108F0000E08F0000708F000B9
:1072C0000D08F0001008F0000208F0001208F000AD
:1072D0003008F0002DE9F04383B0019300283DD041
:1072E0001646002A67D002681F46354B9A4204466C
:1072F0001BD18FB3052914D0072912D8D0F84C33ED
:10730000C56C21F0020203F10709042A03F11F03EF
:107310004FEAD9094FEA531305F0010522D002299B
:1073200007D0284803B0BDE8F083274803B0BDE884
:10733000F0833A6809F1010842453ED3304645F0F2
:10734000020500F8015B9B00221D494600F096FBF8
:1073500048BBC7F80080E5E71C48E3E71C4803B0DA
:10736000BDE8F0833A684FEA490808F10108424550
:1073700023D3042930460CBF0D4645F006059B007B
:1073800000F8015B221D4946019300F077FB50B9DC
:1073900009F10100019B04F14C023044494600F020
:1073A0006DFB0028D5D03046396800F057FA00232D
:1073B00008483B60B6E70848B4E70848B2E700BFB2
:1073C000010000EC1508F0001A08F0001708F000A2
:1073D0001408F0001B08F0001608F0001808F00070
:1073E0002DE9F04782B0DDE90A98002A5CD01D46FD
:1073F000002B5ED0B9F1000F5DD0B8F1000F5CD06A
:10740000074600285BD08A46002948D01446184613
:107410004FF44C7100F022FA4FF45D71484600F0D1
:107420001DFAD4F8BC621F367609B200013E04F1A1
:10743000D801404605EB860600F00AFA0023736087
:107440002B1DD4F8BC220093514638464346FFF723
:1074500005F90646C8B128464FF44C7100F0FEF914
:1074600048464FF45D7100F0F9F90C9B23B140F6EA
:107470006811184600F0F2F940464FF4537100F0DD
:10748000EDF9304602B0BDE8F087204643464A4653
:10749000294602F06DFE06460028E6D0DBE7094EDD
:1074A000304602B0BDE8F087074E304602B0BDE876
:1074B000F087064EE5E7064EE3E7064EE1E7064EA7
:1074C000DFE700BF9008F0000208F0000308F000BA
:1074D0000408F0000508F0009108F0002DE9F041E3
:1074E000002940D016461F460A682B4B9A420C468C
:1074F00031D1054600283AD00268013B9A422ED18C
:10750000002E45D0002F45D0069BB3B300F1940167
:107510004FF4377204F1500000F082F90435211D58
:1075200068BBD4F808333A680733B2EBD30F4FEA9D
:10753000D3081ED3069B2846324600F0DDFB0446E6
:10754000F8B9C7F8008006984FF4537100F086F937
:107550002046BDE8F081114C2046BDE8F081104C7A
:107560002046BDE8F0810F4C2046BDE8F0810E4C6E
:10757000F2E70E4CC7F80080EEE70D4CECE70D4C3F
:10758000EAE73968304600F069F900233B60DAE742
:10759000094CE1E7094CDFE7020000EC3408F00099
:1075A0003208F0003308F0003108F0003808F0002D
:1075B0003708F0003A08F0003508F0003608F0000F
:1075C0000B2804D8034B53F8203003B11847002090
:1075D000704700BFCC48060030B5042285B00123B7
:1075E000C0F8D0200B6068460023CDE90033CDE918
:1075F00002330C4600F04EF80546C8B9DDE900300C
:10760000DDE90212E360003BC4E9040118BF012375
:10761000A26108B143F0020309B143F004030AB1C7
:1076200043F00803002228466360A26005B030BD25
:10763000014800F0E1F8E1E77047060030B585B099
:1076400004460D46104803924FF0FF3100F026F932
:10765000039A68B9204600950123002101F0E6FF56
:107660000446094800F034F938B9204605B030BD69
:10767000064800F0C1F8039AECE7054800F0BCF8B2
:10768000204605B030BD00BFD4000120784606007A
:107690009046060000234FF4FA714FF47A72C0E965
:1076A00000228160C3601846704700BF10B500F02B
:1076B00031F8A0B900F01EF920B1032400F070F8F1
:1076C000204610BD00F03AF9034680B90D4A126811
:1076D000120EF02A06D0052400F00EF9EEE704247D
:1076E000204610BD0849094A0968914201D0062484
:1076F000F2E7074A0120136000F020F90446002851
:10770000DED0E8E728B9025024BA02500000E02099
:107710000CBA025008B5184800F0A4F898B91748F8
:1077200000F0A0F8B8B9164800F09CF8D8B9154B8D
:10773000124A15481A6000F095F8C0B9134B124A66
:107740001A60002008BD124800F056F80B4800F0FF
:1077500089F80028E7D00F4800F04EF8084800F0FC
:1077600081F80028E3D00C4800F046F8DFE70B482A
:1077700000F042F8E2E700BFD4000120E000012061
:10778000CC000120DC000120D8000120C80001202D
:10779000A0470600BC470600D8470600F847060089
:1077A00008B500F03BF80F4800F06AF804210D48D6
:1077B00000F054F80C4800F063F80B48042100F086
:1077C0004DF80A4800F05CF840B9094800F058F854
:1077D000BDE808400648042100F040B8054800F024
:1077E0000BF8F2E7D4000120E0000120CC000120DA
:1077F000D8000120D8470600BFF34F8F0549064B3C
:10780000CA6802F4E0621343CB60BFF34F8F00BF3E
:10781000FDE700BF00ED00E00400FA05704700BF7F
:10782000A2B1013A30B401398518421E002012F885
:10783000013F11F8014F954283EA040340EA030037
:10784000F5D1003818BF012030BC70471046704792
:1078500003F064BC03F070BC03F088BC0A4600214E
:1078600003F084BC10B5044610B10020206010BDA8
:107870000248FFF7C1FF0020206010BD1848060035
:1078800010B5044610B10020206010BD0248FFF77B
:10789000B3FF0020206010BD1848060010B5044654
:1078A00080B10123BFF35B8F54E8002F44E800311F
:1078B0000029F9D1BFF35B8F012AF3D0BFF35F8FAB
:1078C000002010BD0148FFF797FFEAE73C4806009B
:1078D00010B5044620B1BFF35F8F0020206010BDBB
:1078E0000348FFF789FFBFF35F8F0020206010BDC2
:1078F0005C4806000020704700207047014B18606C
:10790000704700BF08BA0250014B1860704700BFB3
:1079100004BA025010B5044630B1054B1868044251
:10792000FCD0044B1C6010BD0348FFF765FFF4E773
:1079300000BA025008BA02507C48060010B54FF059
:10794000FF3104461748FFF7A9FFE8B9164A54B1BA
:107950001368A3B1012B18D0013B1360BDE81040A0
:107960001048FFF7B5BF106838B9104B1049012413
:10797000C3F800450B68002BFCD101301060BDE856
:1079800010400848FFF7A4BF10BD09490B68002B41
:10799000FCD106480749C0F800356FF07E430B6004
:1079A0001368D9E7CC0001209C00012000A0025000
:1079B00010B9025004BA02503AB10A44013812F820
:1079C000013D00F8013F8A42F9D10020704700BF15
:1079D000002A48D02DE9F0410446002845D015463C
:1079E0005A1E053234D811F0030631D18B422FD8FC
:1079F000CF1C27F003028A4232D8A2EB030840448E
:107A00001A462946FFF726FF414620464FEA9708C7
:107A1000FFF724FFB8F1010F1DD0FF0804EB87002A
:107A20000438231F04EB880553F8042F55F8041D70
:107A300012BA09BA834219602A60F5D118F0010020
:107A400007D054F827301BBA44F82730002000E054
:107A50000748BDE8F08123681BBA30462360F8E789
:107A60000448BDE8F081044870470348F1E700BFCF
:107A7000050DF000090DF000040DF00030B40AB35C
:107A800000B3DBB113F0030518D18B4216D3A9B1B3
:107A9000904208D002D91344984217D3904202D2A0
:107AA00043189A4212D91144431E11F8014D03F8AC
:107AB000014F8A42F9D1284630BC7047044D284610
:107AC00030BC7047034D284630BC7047024DF6E786
:107AD000050DF000040DF000060DF000F0B50446B1
:107AE000D0F848038DB000F11F062023B6F5187FAB
:107AF00000937ED20F46694601F0F0FB054610B1B7
:107B000028460DB0F0BD7609334604F190020121FC
:107B100001F024FD01210846052304F5127201F04D
:107B20001DFD334622460121022001F017FD334698
:107B300004F1D8020121042001F010FD04F5907237
:107B400033460121052001F009FD424A13680193E3
:107B5000019BDB07FAD5404B40493E4A1960136848
:107B60000293029BD807FAD53B4B3D49394A19602D
:107B700013680393039BD907FAD5374B3949354A24
:107B8000196013680493049BDB07FAD5324B364A1D
:107B90001A6007F00603022B2FD004F14802334687
:107BA0000121032001F0DAFC2A4A13680593059BA2
:107BB000DC07FAD5284B2D49264A1960136806932D
:107BC000069BD807FAD5244B29492A4A196013681D
:107BD0000793079BD907FAD5274A284B126812F456
:107BE000805F08BF1D46009801F062FC28460DB07A
:107BF000F0BD234D28460DB0F0BD01F069FE002810
:107C000026D01C4A13680893089BDB07FAD51D4B46
:107C1000184A196813680A930A9BD807FAD51A4AB2
:107C20001A4B11601B680993099B5F40F90708D53F
:107C3000343A13680B930B9BDB07FAD5064B144AB7
:107C40001A60314604F14800032201F05BFCCAE7E8
:107C5000104DC8E7B0B0025080B0025080210888B3
:107C600080411831806108880051183180310C88BA
:107C700000681051B4B0025088B002501008F000F3
:107C80000F08F0000CB00250E4B00250DCB002501B
:107C9000C03000294021F00070B5D0E9D2421F3435
:107CA00084B0640900F148030D4601EB84061F32DD
:107CB00001EBC4010391009300F5B4710346CDE9D3
:107CC00001565209903000F0D3FE70B9304621467B
:107CD000FFF7F4F830B921462846FFF7EFF808B966
:107CE00004B070BD024804B070BD024804B070BD5D
:107CF0001008F0003008F0002DE9F043D0E9D2453B
:107D00001F3485B0640903EBC40E1E4603EB8407E1
:107D10001F3500F148030093CDE9027E034601962A
:107D2000904690306A0900F0A3FE054640B1304607
:107D30004FF45371FFF792FD284605B0BDE8F0837C
:107D400038462146FFF7BAF860B121463046FFF7C2
:107D5000B5F838B14FEA84094A4640463146FFF744
:107D60002BFEE4E7004DE2E72008F1002DE9F04F9B
:107D700097B0DDE920744FEA043E4EEA844E4EEAA5
:107D800083149D4D44F0045C9C012E680096009E77
:107D9000F607FAD5229DDFF86482974EC8F800C036
:107DA000920142EA834242EA053545F010454FEA26
:107DB000834832680192019AD207FAD58F4ADFF8D8
:107DC00038C215604EEA811E4EF0104E8E01DCF86E
:107DD00000200292029AD507F9D53D0345EA87456E
:107DE000864A854FC2F800E044EA050949F0045983
:107DF0003A680392039AD207FAD5804ADFF8F8E18D
:107E0000C2F8009044EA033C48EA0C0747F00457E4
:107E10004FEA033ADEF800200492049AD207F9D51B
:107E2000764ADFF8D4E117604CEA814949F01049FD
:107E30008F04DEF800200592059AD207F9D56F4A23
:107E4000DFF8B4E1C2F8009045F0104545F48075C4
:107E5000DEF800200692069AD207F9D5DFF89CE1F9
:107E6000674ADFF89491CEF8005042EA80124FEA58
:107E7000801ED9F800500795079DED07F9D5DFF86A
:107E80007CB1DFF884915C4DCBF8002049EA0039E1
:107E90004FEA003B2A680892089AD207FAD5574D54
:107EA000C5F80090239A574D45EA8249524A126814
:107EB0000992099AD507F9D5504A4F4DC2F800905A
:107EC0004CF0245949F400192A680A920A9AD207F8
:107ED000FAD54A4D484AC5F800904EEA030343F0EC
:107EE000484343F4821315680B950B9DED07FAD5B3
:107EF0004EEA0B05DFF804E13F4ACEF8003045EAD0
:107F0000080545F0045513680C930C9BDB07FAD564
:107F10003A4B394A1D604CEA804040F004501368E7
:107F20000D930D9BDD07FAD5344BDFF8E0C0324AE4
:107F300018604AEA0C0C13680E930E9BD807FAD50A
:107F40002E4B2D4DC3F800C047EA013746EA070C17
:107F50004CF004500A032B680F930F9BDB07FAD5F4
:107F6000264B254D18604CF0104C2B681093109B3D
:107F7000DB07FAD5214B204DC3F800C02B681193C5
:107F8000119BDB07FAD51D4B1B4D1860274347F0AB
:107F900004572B681293129BDB07FAD5174B164830
:107FA0001F60239B44EA080444EA033444F010446D
:107FB00003681393139BDD07FAD5104B0E481C6022
:107FC000324342F0245242F4101203681493149B7B
:107FD000DC07FAD5094B08481A600E4346F04846BC
:107FE00046F4A21603681593159BDB07FAD5034BDD
:107FF0001E6017B0BDE8F08FB0B0025080B00250E4
:1080000000401021004100210001102140012829D9
:108010002DE9F04F9FB0AF4F2D9D289E2C0344EAD1
:10802000854C4CEA831C4FEA854E01944CF0104C71
:108030009D013C680494049CE407FAD54FEA801B38
:10804000A54F4BEA033848EA8646DFF88882C7F82E
:1080500000C046F010461F03D8F800400594059C68
:10806000E407F9D5DFF87082DFF868C24BEA003424
:108070000294C8F8006044F0245848F40018DCF872
:1080800000400694069CE607F9D5DFF84C92914E25
:10809000C9F8008045EA070C4EEA0C0E4EF0104E6F
:1080A00034680794079CE407FAD5299CDFF82892E6
:1080B000DFF82082C9F800E047EA811646EA8446E4
:1080C0008C0146F010460094D8F800400894089CB3
:1080D000E407F9D5009CDFF80082DFF8F891C8F8D2
:1080E000006044EA013E4EF0245848F40018D9F8E4
:1080F00000400994099CE607F9D52A9CDFF8D8913D
:10810000744EC9F800804FEA043A4AEA844A2A9C2D
:108110004AEA050A4AF0104A4FEA844934680A9448
:108120000A9CE407FAD52B9C47EA8446064303964B
:10813000694E684CC6F800A0039E46F0484A4AF0D3
:10814000C00A26680B960B9EF607FAD5624C614E64
:10815000C4F800A049EA0C0A4AF0104A34680C94AA
:108160000C9CE407FAD52C9C47EA84460E43039600
:10817000594E584CC6F800A0039E2E4346F0484A7C
:1081800026680D960D9EF607FAD5019C44EA8216E4
:10819000514C46EA09094F4EC4F800A049F0104975
:1081A0004FEA821A34680E940E9CE407FAD54A4CC2
:1081B000484EC4F800904AEA824A4AF0104A4AF40B
:1081C000405A4FEA824934680F940F9CE407FAD56D
:1081D000414E404CC6F800A026681096109EF60747
:1081E000FAD53D4EDFF8F8A03A4CC6F800A0266854
:1081F0001196119EF607FAD5374EDFF8E8A0354CF8
:10820000C6F800A026681296129EF607FAD5324EDE
:10821000DFF8D4A02F4CC6F800A04EF0104E4EF45C
:10822000402E26681396139EF607FAD52A4E2B4C3D
:10823000C6F800E044EA804E303680043468149476
:10824000149CE407FAD547EA8347DFF88CA0214C59
:10825000CAF800E04BEA070646F0484646F0030637
:108260004FEA834A23681593159BDB07FAD5DFF89D
:1082700068E0184CCEF80060029B43F0045646F4C8
:10828000801623681693169BDB07FAD5124CDFF88D
:1082900044E02660DEF800301793179BDC07F9D521
:1082A0000D4CDFF830E0266040F0045040F482408E
:1082B000DEF800301893189BDB07F9D5009B054CBE
:1082C0004AEA01011943044B41F04841186041F466
:1082D00080410BE0B0B0025080B0025000410090ED
:1082E00000310C90C0400C90C030202923681993B5
:1082F000199BDE07FAD5194B1948196003681A93C0
:108300001A9BDC07FAD5154B1549C3F8008049EADA
:1083100002322A4342F010420B681B931B9BD80782
:10832000FAD50E4B0E491A602F4347F010470B68E1
:108330001C931C9BDA07FAD5084B094A1F604CF0C6
:10834000104141F4301113681D931D9BDB07FAD5D2
:10835000024B19601FB0BDE8F08F00BF80B0025023
:10836000B0B002502DE9F04F99B0DFF870C2269CF2
:10837000239D270347EA844949F0104646F08006CA
:1083800099464FEA844EDCF800300193019BDC07EC
:10839000F9D5914B914C1E604FEA894949EA801901
:1083A00049F0104646F400564FEA801A23680293BB
:1083B000029BDB07FAD5884B884C1E604AEA003CDA
:1083C0004CF0245646F4001623680393039BDB0706
:1083D000FAD5814B814C1E604EF0104646F4025691
:1083E00023680493049BDB07FAD5229B7B4C4FEA5E
:1083F000834E4EEA811E784B4EF0104E1E604EF4B6
:10840000005E8E0123680593059BDB07FAD5724B4E
:10841000724CC3F800E046EA013949F0245B4BF4A2
:10842000001B23680693069BDB07FAD54FEA053E3F
:10843000694B6A4CC3F800B04EEA854E4EF0104EC0
:108440004EF0800E4FEA854823680793079BDD07AF
:10845000FAD5249B604C40EA834545F048455F4B84
:10846000C4F800E045F403551C680894089CE40730
:10847000FAD5594B594C1D6048F0104545F402554A
:1084800023680993099BDB07FAD5259BDFF848E1B0
:10849000524CCEF8005041EA834343F0484545F43E
:1084A000025523680A930A9BDB07FAD547EA82172D
:1084B000494B4A4C1D6047EA080848F010479501AF
:1084C00023680B930B9BDB07FAD5434B434C1F6090
:1084D00045EA824242F0104242F4405223680C9333
:1084E0000C9BDD07FAD53C4B3C4C1A6023680D937E
:1084F0000D9BDA07FAD5384B394C384A1C601368A3
:108500000E930E9BDB07FAD5334B364C334A1C6077
:1085100013680F930F9BDF07FAD52F4B324C1C606B
:108520002E4A49F0104444F4402413681093109BE1
:10853000DD07FAD5284B2D4D284A1C6045EA8045B9
:10854000800413681193119BDC07FAD5224B284C49
:10855000224A1D604AEA040413681293129BDB0747
:10856000FAD51D4B1D4A1C604CF0045444F4801491
:1085700013681393139BDF07FAD5174B174A1C6038
:1085800013681493149BDD07FAD5134B134A1C6030
:1085900040F0045040F4824013681593159BDC07AB
:1085A000FAD50D4B0D4A18600E4346F0484646F486
:1085B000042613681693169BD907FAD5064B074A6B
:1085C0001E6013681793179BDB07FAD5024BC3F89D
:1085D00000B019B0BDE8F08F80B00250B0B00250CA
:1085E00000310C90C0400C90C03020290041009018
:1085F000032008C82DE9F043974AABB013680993EC
:10860000099BDF07FAD5954B9549934A1960136882
:108610000A930A9BDE07FAD5904B92498E4A19605D
:1086200013680B930B9BDD07FAD58C4B8E498A4A56
:10863000196013680C930C9BDC07FAD5874B8B49A8
:10864000854A196013680D930D9BD807FAD5834BA3
:108650008749814A196013680E930E9BD907FAD592
:108660007E4B844A1A601B2000F030FD044618201F
:1086700000F02CFD8442784A09D913680F930F9EAD
:1086800016F00106F9D0754B7B4A1A6009E01368B1
:108690001093109BDB07FAD5704B784A1A6004469A
:1086A00000266D4A13681193119BDF07FAD56B4BB7
:1086B0007349694A196013681293129BDD07FAD552
:1086C000664B704A1A601C201D2118220B238DE86E
:1086D0000F000F230E220D210C20FFF747FB013462
:1086E0000C200D210E220F238DE80F0024F0010431
:1086F0001323122211211020FFF738FB0125A11EA0
:1087000008AB07AA1B20089500F02CFD022800F0FA
:108710006A81032800F04081012800F016810027BB
:108720004D4A13681F931F9BDB07FAD54B4B5649E5
:10873000494A196013682093209BDD07FAD5474BFF
:108740005249454A196013682193219BD807FAD5ED
:10875000424B4F4A1A60043C39D44FF01709162592
:108760004FF01A0815211420CDE900011A23162212
:10877000CDE90259FFF7FAFA142003468DE82201E9
:10878000162201F07BFB08AB07AA21461B2000F054
:10879000E9FC00EB87000430072816D8DFE800F07A
:1087A000A1A8A59D999584041227112210231521B3
:1087B0001420CDE904270393CDE900010295172386
:1087C0001622FFF725FC4FF0FF37023CCAD51920CF
:1087D0001C21162215231824CDE90121CDE903041B
:1087E00000930E2214230D210C20FFF7BBFD1A4A23
:1087F000002F40F0818013682693269BDC07FAD572
:10880000164B2449144A196013682793279BD807ED
:10881000FAD51248204B2149214C0F4A0460002E02
:1088200014BF1E460E4613682893289BD907FAD515
:108830000A4B094A1E6013682993299BDB07FAD566
:10884000064B184A1A6018231D221C21012001F032
:1088500029FC2BB0BDE8F083B0B0025080B00250CC
:1088600000020021008220214082202180822421D8
:1088700040066E4900966929C0066649C0066249ED
:10888000000662410016624940D62129C0D3202942
:10889000C0142129C05521294007564940075E4987
:1088A0000007524900065A490E270D220C231521B4
:1088B0001420CDE904270393CDE900010295172385
:1088C0001622FFF7A5FB00277FE718271D221C2390
:1088D000EDE718271D221C2369E7182719221C23FE
:1088E000E5E7122713221023E1E70E270F22DDE729
:1088F0000E270F220C235AE713682293229BD907D5
:10890000FAD54C4B4C494D4A196013682393239B6D
:10891000DB07FAD547484A4B4A494B4C474A046063
:10892000002E14BF1E460E4613682493249BDF07B7
:10893000FAD5404B414A1E6013682593259BDD07FD
:10894000FAD53C4B414A1A607DE73C4A13681393C1
:10895000139BD807FAD5374B3D49384A196013683D
:108960001493149BD907FAD5324B3A49334A19600C
:1089700013681593159BDB07FAD52E4B36492F4A02
:10898000196013681693169BDF07FAD5294B334AF3
:108990001A604FF0FF37C3E6284A13681B931B9BEE
:1089A000DF07FAD5234B2E49244A196013681C931C
:1089B0001C9BDD07FAD51F4B2A49204A1960136812
:1089C0001D931D9BD807FAD51A4B27491B4A1960DE
:1089D00013681E931E9BD907FAD5164B234A1A60BB
:1089E0004FF0FF379CE6154A13681793179BDD0776
:1089F000FAD5104B1649114A196013681893189B41
:108A0000D807FAD50B4B13490C4A19601368199310
:108A1000199BD907FAD5074B0F49084A1960136803
:108A20001A931A9BDB07FAD5024B0C4A1A600027EF
:108A300076E600BF80B00250C0D32029B0B002500B
:108A40004007364940073E490007324900063A4987
:108A5000000532494005364980053A49C0053E497E
:108A6000000542494005464980054A49C0054E492E
:108A70002DE9F04F0D4687B0044611462846009276
:108A80009846FEF71BFAD4F8BC32009904F1D80AD4
:108A90001F3306465B0952462846FEF757F9002E5B
:108AA00070D001286ED0D4E9AEB0394B584593F957
:108AB0001A2093F91CC000924FF0200793F91B2055
:108AC00093F91D30059738BF584605A90192CDF896
:108AD00008C0039300F002FC074618B1384607B0FF
:108AE000BDE8F08F2B490BF11F094FEA59194B468E
:108AF000C1F800B02246012100F030FD01210846F6
:108B000004F5DC72052300F029FD4B4604F1480210
:108B100001210B2000F022FDD4F8BC329DF8084062
:108B20009DF800001F3352465B099DF80CA00121FF
:108B300000F014FD42464B462046012100F00EFD98
:108B4000109A4B465046012100F008FD06F11F0324
:108B50005B099DF804002A46012100F0FFFCFFF7A5
:108B600049FD11982246494600F0CCFC1298524625
:108B7000494600F0C7FC059800F09AFC384607B05B
:108B8000BDE8F08F044F384607B0BDE8F08F00BF56
:108B9000AC48060090B002503008F10038B5224BC6
:108BA000224A0121054619601368002BFCD1204A96
:108BB0001368002BFCD11F4A1368002BFCD11E4AFE
:108BC0001368002BFCD11D4B1C68002CFCD14FF00E
:108BD000FF30FEF793FE2B6A23F00403032B184BA0
:108BE00018680CBF20F0400020F08000FEF78CFEDB
:108BF000144B00221A602B6A23F00402032A18BFC8
:108C00006C6A114A4FEA830318BF04F0010403F0B1
:108C10001C031C4314602B6A072B02D10B4B01224F
:108C20001A60002038BD00BF00B9025070B4025075
:108C300020BD025020BC025038BD025038BC02504A
:108C400004BA0250BCB40250C0B402507CB402500A
:108C5000002800F0BF80F8B51D46436B0E4617464E
:108C60000446002B35D0012B02D1B5F5803F33D21D
:108C700065484FF0FF31FEF711FE002857D1002064
:108C8000FEF75CFE00284ED1604B01221A60236A79
:108C9000032B28DC002B28DA5D4A1368002BFCD15B
:108CA0005A4A1360236A23F00403032B594B1868B4
:108CB0000CBF40F0400040F08000FEF725FE012090
:108CC000FEF73CFE002836D14F48FEF701FE28B9DA
:108CD000F8BDB5F5805FCBD34F48F8BD4F48FEF7E0
:108CE0008BFD0020F8BD072BD6D1636A012BD3D8AA
:108CF000636B012BD0D8A36B012BCDD82046FFF797
:108D00004DFF0028C8D1A36A012B6CD033F00202BA
:108D100063D0236A5A1E062A1BD8DFE802F0104BE4
:108D2000101A1A1A10003E48FEF766FDACE73D48DF
:108D3000FEF762FDA3E73C48FEF75EFDC4E73B4B50
:108D400022681A6062685A60A2689A60E268DA6013
:108D5000236A23F00403032B31D0A36B012B4CD0E7
:108D6000334A344B176020201D60636B012B2CD0DD
:108D7000314A324B16601D60FEF7CCFD244A136861
:108D8000002BFCD1236A013B062B10D8DFE803F04F
:108D90000414040F0F0F0400244A294B12682260A8
:108DA0001A6862605A68A26008331B68E360012396
:108DB000236371E7234BC3E7224A234BEEE7636B40
:108DC000012B01D01020D3E74020204A204B166011
:108DD0001D60D1E74FF4710070471E491E4A0B60B9
:108DE0000123136095E71D4B22691A6062695A607E
:108DF000A2699A60E269DA608BE7194A194B176039
:108E000080201D60B1E700BFD400012010B80250DF
:108E100010B9025004BA02500500F1009046060055
:108E2000A846060078460600C846060040B4025030
:108E300030BD025034BD025030BC025034BC025030
:108E400044B4025060B4025064B4025028BC0250D2
:108E50002CBC025038BA025078B4025000B4025010
:108E600028BD02502CBD02502DE9F041002800F031
:108E700081801D46036A072B0F46044616D055B95C
:108E8000032B0FD1036B6BB9C0E90F55C0E9115526
:108E900000F13C0710252B4639462046BDE8F0413D
:108EA000FFF7D6BE2E463046BDE8F081436B002B5F
:108EB00037D1B5F5805F39D215B9236B002B35D189
:108EC00067484FF0FF31FEF7E9FC002840F097803B
:108ED0000020FEF733FD002840F09980614B01220D
:108EE0001A60236A032B23DC002B23DA5E4E5F4AD1
:108EF0001368002BFCD15B495D4A0B60106840F0A1
:108F00004000FEF701FD0120FEF718FD00287AD190
:108F10005348FEF7DDFC0028C5D05648FEF76CFC30
:108F2000C1E7012BC8D1B5F5803FC5D3524EBAE792
:108F3000072BDBD1636A012B78D8636B012B57D8E1
:108F4000A36B012B00F284802046FFF727FE064624
:108F50000028CCD1A36A012B6AD033F0020271D071
:108F6000236A013B062B13D8DFE803F009440912FA
:108F7000121209004FF471063046BDE8F0813F4BF4
:108F800022681A6062685A60A2689A60E268DA60D1
:108F90003B493C4A01230B601560002D3BD1226BFD
:108FA0000AB9394A1360314B1E68002EFCD1236A7E
:108FB000013B062B9BD801A252F823F0D98F050064
:108FC000F98F0500D98F0500EF8E0500EF8E0500A3
:108FD000EF8E0500D98F0500284A2C4B12682260BD
:108FE0001A6862605A68A26008331B68E3607EE713
:108FF000274E7CE7274BC3E7264A274BEEE7274857
:10900000FEF7FAFB64E72648FEF7F6FB80E7254803
:10901000FEF7F2FB62E7636B012B1BD0224A234B66
:10902000176010201D60FEF775FCBCE7204E5EE760
:10903000204B22691A6062695A60A2699A60E269EB
:10904000DA608DE71C491D4A0B600123136087E736
:109050001B4E4CE71B4A1C4B176040201D60E2E78B
:10906000D400012010B802500100F10010B90250E4
:1090700004BA0250904606000500F10040B40250C8
:109080007CB40250BCB4025024B5025044B4025027
:109090000300F10060B4025064B402507846060048
:1090A000C8460600A846060030BC025034BC025038
:1090B0000200F10000B4025038BA025078B40250F5
:1090C0000400F10028BC02502CBC025030B4214AEC
:1090D00084B013680093009BDC07FAD500F1A0531D
:1090E00003F52C439B001B4A186813680193019BEE
:1090F000D907FAD5184B1A6812F11F0348BF02F1BD
:109100003E035B11591E0FD4124A144D144C1368C0
:109110000393039BDB07FAD50B182B60236802939C
:10912000029B2BB90139F2D2580104B030BC704710
:1091300001314801A0F120014FF0004202E0013866
:109140008142F2D013424FEA5202F8D004B030BC50
:10915000704700BFB4B00250ACB00250E4B002504F
:10916000DCB0025070B41C6885B001F01F0644B931
:109170001E2E06D01068F04000F0030005B070BC51
:1091800070470F4D2C680194019CE407FAD500F15B
:10919000A05404F52C44A400094D20682C680394C5
:1091A000039CE407FAD5074C00EB611106482160E7
:1091B000016802910299116000211960DAE700BF8D
:1091C000B4B00250E4B00250DCB00250A0F1200371
:1091D000B3F5426F61D8F0B48F2882B053D900F153
:1091E0001F035B095B013F339B09013311B18B42C4
:1091F00055D80B46DC004FF48051B1FBF4F1202927
:1092000028BF202102B11160264C274D01260022E3
:1092100026600239144603FA06F640F6FC778C42C3
:1092200004F10104B6BF2A602F6092191E2C05F1CB
:109230000405F4D11D4C1E4D226032442A6000F119
:109240003F011C4A1C4DDFF890C0E56021F03F0152
:1092500010604031194F1A4E1A4D1B48CCF80010BF
:109260009B011A493B6033602B60E3620360D3616A
:109270000A680192019AD207FAD5154A00201360B4
:1092800002B0F0BC704700F1470400F16603E40649
:109290004FEA5313A6D00133A4E70E4870470D4898
:1092A000EEE700BF1CB8025000B0025078B0025088
:1092B0007CB0025090B0025020F80F0098B00250DD
:1092C0009CB00250A0B00250A8B00250B4B00250FE
:1092D000ACB002502221F00094B0025038B50446E0
:1092E0000D4619484FF0FF31FEF7D8FA60B900205B
:1092F000FEF724FB80B920462A460021FFF766FFCF
:109300000446A0B9204638BD1048FEF775FA002083
:10931000FEF714FB0028EED00D48FEF76DFA20464C
:109320002A460021FFF752FF04460028EAD0012018
:10933000FEF704FB20B90448FEF7CAFA204638BD00
:109340000448FEF759FAF6E7E000012078460600E7
:10935000A8460600C84606002DE9F0434E4C89B0E9
:1093600023680193019BDD07FAD54C4B13449B0006
:109370000A181D681E2A05F11F0588BF1E224FEA24
:10938000551502FB05F288BFC0F11E01B2F5806FD2
:1093900004D94FF48061B1FBF5F1091A002976DD9B
:1093A00000F1A05000F52C4005F1010E4FF0000C2B
:1093B000394ADFF8F4803A4C87002EF00106604607
:1093C00013680293029BDB07FAD5D7F80090136865
:1093D0000393039BDB07FAD5C8F80090002355B12F
:1093E00001339D422060FBD1AE4204D92B460133AC
:1093F0009E422060FBD10CF1010C614507F104078E
:10940000DED1254A13680493049BDC07FAD5254B6B
:10941000214A196813680593059BD807FAD5224B92
:1094200019607DB100231E491A4601339D420A602E
:10943000FBD1AE4206D91A492B46002201339E4287
:109440000A60FBD1144A13680693069BD907FAD524
:10945000164B114A196813680793079BDB07FAD567
:10946000114B196035B100230D491A4601339D4255
:109470000A60FBD1AE4207D9094A002301E00EF190
:10948000010E76451360FAD109B0BDE8F08305F10D
:10949000010E2EF00106B4E7B4B0025024AC001463
:1094A000D8B002507CB00250D4B0025078B0025014
:1094B00008B558B90F4B00221A600120FEF73EFA9A
:1094C00098B90D48FEF704FA50B908BD20280146A6
:1094D0004FF0070228BF20210020FFF73DFFE9E7FA
:1094E000BDE808400548FEF787B90548FEF784F94E
:1094F000E7E700BF1CB80250E000012090460600DC
:10950000C846060010B4124C85B023680193019B35
:10951000DB07FAD502F1A05202F52C4293000C4A67
:109520001C6813680393039BDB07FAD5094B1C6087
:1095300051B10438084A00EB810113680293029B81
:1095400040F8043F8842F8D105B05DF8044B7047FD
:10955000B4B00250E4B00250DCB0025070B42F4DF1
:1095600085B02C680094009CE407FAD500F1A05067
:1095700000F52C408000294C056820680190019876
:10958000C607FAD52648012605609BB1043A254E48
:1095900002EB830452F8040F3060A242FAD15E1C41
:1095A00026F00102934205D21E4C00200133934263
:1095B0002060FBD1194A26F0010013680293029B38
:1095C000DC07FAD5184B0B449B001B681F33B0EB2C
:1095D000531F4FEA53121DD210490B680393039B8C
:1095E000DB07FAD50E4B0544121A1D6012D000237A
:1095F0000C481946013393420160FBD15A1C22F0FA
:109600000101994206D90748002300E001328A424D
:109610000360FBD105B070BC704700BFB4B002500E
:10962000D4B00250D8B0025024AC0014F8B5069E55
:10963000002E33D001292FD8012B31D81C4C0746DE
:1096400000251C4825600468002CFCD11A4D2C68AC
:10965000002CFCD1194D2C68002CFCD1184D2C6825
:10966000002CFCD1174D2C68002CFCD1012B19D0FB
:109670001548164B026020201E6001290BBF144BB9
:10968000144B154A154A17601E60FEF743F9144B38
:1096900018680028FCD1F8BD1248F8BD1248F8BD82
:1096A0001248F8BD1248134B026080201E60E4E7A8
:1096B00000B9025070B4025020BD025020BC0250CC
:1096C00038BD025038BC025030BD025034BD02508B
:1096D0002CBC025034BC025028BC025030BC02509A
:1096E00010B902500200F4000100F4000300F4007D
:1096F00028BD02502CBD02502DE9F043644A93B0BE
:1097000013680093009BD907FAD5624B6249634AFC
:10971000196013680193019BDB07FAD5604B1B6846
:10972000DF0400F1AF805A4A13680293029BDE0700
:10973000FAD5584B5B49594A196013680393039B48
:10974000DD07FAD5564B1B68DC0400F18580534BCE
:10975000554E4F494F4FDFF86CC14FF00109DFF80C
:1097600068E1524D00241A680492049AD007FAD591
:1097700030681A680692069AD207FAD5CEF8000029
:109780002A680592059A12B95DE052080134D007A3
:10979000FBD514F01F0568D11D680995099DE807E0
:1097A000FAD5434DD5F800801D680B950B9DED074C
:1097B000FAD5DFF814E13D4DCEF800802D680A950A
:1097C000E0070A9D05D505F00704032C4AD0052CB7
:1097D00048D002F00302032A05D105F00305032D4A
:1097E00008BFC9F100090A680C920C9AD407FAD58F
:1097F000304A3A600A680D920D9AD007FAD52E4A7F
:109800003A600A680E920E9AD207FAD52B4A3A604D
:109810000A680F920F9AD507FAD5294A3A600A6862
:109820001092109AD407FAD51B4A3A601A6811921E
:10983000119AD007FAD51A4A1268D2048FD5484631
:1098400013B0BDE8F0830A680792079AD207FAD5E9
:10985000C7F800C0203486E74FF00109484613B02E
:10986000BDE8F083C9F10009B3E7DFF860E0013D2E
:109870004EEA053E0D680895089DED07FAD5C7F834
:1098800000E089E74FF00009484613B0BDE8F083D7
:10989000B0B0025080B0025000082A51B4B002505B
:1098A00088B0025000182A5128B00250DCB0025093
:1098B0002CB0025000032A4980022E49C0C228A1C0
:1098C000C002324980F22961E4B00250800228616E
:1098D0002DE9F047894ABAB013680093009BD80776
:1098E000FAD5874B8749884A196013680193019B11
:1098F000D907FAD5854B1B68DB0400F19181824AB8
:1099000013680393039BDE07FAD5814B7E4A1968DF
:1099100013680593059BDD07FAD57E4A7E4B1160DF
:109920001B680493049F07F00303032B00F0748269
:1099300007F00703052B714A00F02781136819937C
:10994000199BDC07FAD56E4B74496C4A1960136891
:109950001A931A9BD807FAD5694B714A1A60FFF718
:10996000CBFE013000F01D82644A13681B931B9BE1
:10997000D907FAD562486B4B0360013F40F0718212
:109980005E49DFF8D0C1604B674E624D624CB8460D
:109990000A681C921C9AD207FAD5C0F800C008F1D8
:1099A00020081A681D921D9AD707FAD537681A68D9
:1099B0001F921F9AD207FAD52F6022681E921E9F0F
:1099C000002FE5D017F0010311D17F08FE071946DB
:1099D00003F10103F9D5494802682092209AD5077E
:1099E000FAD5524A464842EA013198440160434A56
:1099F00013682193219BDC07FAD5414B4C493F4A20
:109A0000196013682293229BD807FAD53C4B494A28
:109A10003A4CDFF84491484E414D1A609A4623680B
:109A20002393239BD907FAD5CAF80090236824937F
:109A3000249BDA07FAD5CAF8006023682593259B92
:109A4000DB07FAD5CAF80050FFF756FE0130E6D121
:109A50002A4A13682693269BDC07FAD5284B3749F8
:109A6000264A196013682793279BD807FAD5244BF9
:109A70003349224A196013682893289BD907FAD5DD
:109A80001F4B2A491D4A196013682993299BDB073C
:109A9000FAD51B4B2B49194A196013682A932A9B44
:109AA000DE07FAD5164B2849144A196013682B9320
:109AB0002B9BDD07FAD51248244A104BDFF89C9007
:109AC000DFF89CE0224EDFF89CC002601A682C92FE
:109AD0002C9AD407FAD5C0F800901A682D922D9AC6
:109AE000D107FAD50849094DC0F800E000241A68EA
:109AF0002E922E9AD207FAD5066035E0B0B0025009
:109B000080B0025000081251B4B0025088B0025028
:109B100000B00250E4B00250DCB0025080021249A2
:109B2000C0020249C01002290CB00250C0000C61F2
:109B3000C0011E41C0111E4980021E49C0311C983F
:109B4000C0100E21C030109840021249809184A8A4
:109B500000182651C0F00D61C0111E2140320C8842
:109B600040622488409224880A682F922F9AD20754
:109B7000FAD52A68D20460D401341A683092309A37
:109B8000D207FAD5C0F800C0B1E713680993099B62
:109B9000DB07FAD5854B8649864A196013680A9314
:109BA0000A9BDF07FAD5814B8349824A1960136803
:109BB0000B930B9BDE07FAD57C4B80497D4A1960DD
:109BC00013680C930C9BDD07FAD5784B7C497D4AD2
:109BD000196013680D930D9BDC07FAD57A4B754A13
:109BE0001B68D80440F1928013680E930E9BD9072E
:109BF000FAD56E4B75496F4A196013680F930F9B26
:109C0000DB07FAD5694B72496A4A196013681093E9
:109C1000109BDF07FAD5654B6E4A1A60002054E0AE
:109C2000644A13680293029BDF07FAD55F4B6A4AC6
:109C30001A6001203AB0BDE8F087002C3FD0A8EBB5
:109C40000404012C33D0621E02F01F01002A4FF0E1
:109C50000107B8BF04F11E028F4051111A683292F9
:109C6000329AD207FAD55D4A564C02602268339286
:109C7000339AD507FAD55A4A524C1568226834925D
:109C8000349AD207FAD5574C574A294421601760B5
:109C90001A683592359AD207FAD5544A02601A6882
:109CA0003692369AD507FAD5514A02600EE71A68FD
:109CB0003192319AD107FAD54E4A026006E707F091
:109CC0000303032B40F0C58001203A4A1368379301
:109CD000379BDC07FAD5354B4749364A196013687C
:109CE0003893389BD907FAD5304B4449354A196027
:109CF00013683993399BDB07FAD5334B1B6813F490
:109D0000805F18BF01203AB0BDE8F0871368119357
:109D1000119BDE07FAD5254B39492A4A1960136889
:109D20001293129BDD07FAD5274B1B68DC04C3F3A3
:109D30000030CAD51F4B1A681392139AD107FAD56F
:109D40001A4B304A1B491A600B681493149BDA07AC
:109D5000FAD5164B1E4A17491A600B681593159BC6
:109D6000DB07FAD5114B284A12491A600B68169383
:109D7000169BDF07FAD50D4B244A0E491A600B6873
:109D80001793179BDE07FAD5084B214A09491A6039
:109D90000B681893189BDD07FAD5044B1D4A1A600F
:109DA0003CE700203AB0BDE8F08700BF80B0025029
:109DB00040120229B0B00250C01124618071109885
:109DC00000181A51B4B0025088B0025080310221FC
:109DD00080211861C0601098C0000E41000222412D
:109DE00020B00250D4B00250D8B0025040821C982B
:109DF000C0900C88C0700C8880310C8800481851C5
:109E0000009818518051022940121071C0612498A5
:109E100040021071C0901C88343A13680693069B68
:109E2000DC07FAD5104B1149114A196013680793E2
:109E3000079BD807FAD50C4B0E490D4A19601368D9
:109E40000893089BD907FAD5074B0B4A1A600020E4
:109E50003BE707F00707052F4FF001003FF435AF50
:109E6000E8E64FF00008ADE580B00250C0100221D6
:109E7000B0B0025080110C61C0601098F0B595B080
:109E80007D4C1A9E370347EA864747F0045545F054
:109E9000800526680096009EF607FAD51B9C764E34
:109EA000920142EA0434754A44F01044156044F4C7
:109EB000002432680192019AD507FAD56F4A6E4E96
:109EC000146047EA811747F010478A01346802940A
:109ED000029CE407FAD54FEA033C4CEA834C674BFB
:109EE000654C1F604CF0045646F0800623680393CF
:109EF000039BDF07FAD5614B5F4C1E602368049318
:109F0000049BDD07FAD55D4B5D4F5E4C5A4E1C60DD
:109F100047EA81478C0433680593059BDB07FAD534
:109F2000564B554E1F604CF0104C4CF4807C3368FF
:109F30000693069BDD07FAD5504E534D4E4FC6F89B
:109F400000C045EA801586013B680793079BDB0745
:109F5000FAD54A4F4D4BDFF820C13D6043EA003E41
:109F60000703DCF800300893089BDD07F9D5434D63
:109F7000DFF828C1C5F800E01C9B30354CEA834E61
:109F80002B680993099BDB07FAD53C4B3A4DC3F884
:109F900000E02B680A930A9BDB07FAD5374B3C4D50
:109FA000DFF8FCC01D60344D46EA0C0C2B680B93A7
:109FB0000B9BDB07FAD5314B2F4DC3F800C03E4356
:109FC00046F0045646F400262B680C930C9BDF07E2
:109FD000FAD52A4D2F4B2E6043EA804030352B684E
:109FE0000D930D9BDE07FAD5244B234D18602B688B
:109FF0000E930E9BDB07FAD5204B274D1E481D60A4
:10A00000144344EA013444F004550E0303680F93EB
:10A010000F9BDF07FAD5194B17481D6044F0104419
:10A0200003681093109BDB07FAD5144B12481C6091
:10A0300003681193119BDF07FAD5104B0E481D6082
:10A04000164346F0245646F4101603681293129BEA
:10A05000DC07FAD5094B08481E600A4342F0484223
:10A0600042F4A21203681393139BDB07FAD5034B48
:10A070001A6015B0F0BD00BFB0B0025080B0025001
:10A080008020009080200821004010210001102134
:10A090008020202980200021402128290041002102
:10A0A000024010C830B42D4C88B020680090009851
:10A0B000C507FAD52A4C2B482B4D2560303440EA91
:10A0C000834523680193019BD807FAD5900140EAA4
:10A0D0008240234B214A1D6040F0104444F4C044A8
:10A0E00013680293029BDB07FAD51D4B1B4A1C60C9
:10A0F00013680393039BDD07FAD58B0143EA814183
:10A10000174B1A4D1D60154A41F0104545F4C045E6
:10A1100013680493049BDB07FAD5114B0F4A1D60AB
:10A1200013680593059BDD07FAD50D4B0B4A1C60A0
:10A1300041F0584113680693069BDC07FAD5084B9B
:10A14000064A196040F0584013680793079BDB07E5
:10A15000FAD5034B186008B030BC7047B0B002505D
:10A1600080B0025080710098C0210229806118904F
:10A170002DE9F04385B000284CD00E4600294ED082
:10A180001546002A4DD0002B3FD0D0F8BC220393B7
:10A1900005F14C0700F5B6731F3201F1040905F112
:10A1A0000408CDE9018700935209494600F59273EE
:10A1B0000446FEF75DFC0746A8B94FF43772214606
:10A1C00006F15000FDF744FB174B336021464FF476
:10A1D000377205F19400FDF73BFB144B2B603846BA
:10A1E00005B0BDE8F08300244846346021462C6069
:10A1F0004C22FDF731FB404621469022FDF72CFB17
:10A200000B4F384605B0BDE8F0830A4F384605B01D
:10A21000BDE8F083084F384605B0BDE8F083074F2E
:10A22000DDE7074FDBE700BF020000EC010000ECB8
:10A230003008F0000508F0000208F0000308F00004
:10A240000408F00000487047FC48060000487047CA
:10A25000D84B060000487047B44E060000487047CF
:10A2600090510600004870476C5406000048704743
:10A270004857060000487047245A060000487047B7
:10A28000005D060000487047DC5F0600004870472C
:10A29000B8620600004870479465060081F00041EE
:10A2A00002E000BF83F0004330B54FEA41044FEABB
:10A2B000430594EA050F08BF90EA020F1FBF54EA56
:10A2C000000C55EA020C7FEA645C7FEA655C00F0F2
:10A2D000E2804FEA5454D4EB5555B8BF6D420CDDC3
:10A2E0002C4480EA020281EA030382EA000083EA46
:10A2F000010180EA020281EA0303362D88BF30BDE6
:10A3000011F0004F4FEA01314FF4801C4CEA11313B
:10A3100002D0404261EB410113F0004F4FEA03339A
:10A320004CEA133302D0524263EB430394EA050F25
:10A3300000F0A780A4F10104D5F1200E0DDB02FA94
:10A340000EFC22FA05F2801841F1000103FA0EF228
:10A35000801843FA05F359410EE0A5F120050EF1EE
:10A36000200E012A03FA0EFC28BF4CF0020C43FA1F
:10A3700005F3C01851EBE37101F0004507D54FF02C
:10A38000000EDCF1000C7EEB00006EEB0101B1F57C
:10A39000801F1BD3B1F5001F0CD349085FEA3000C2
:10A3A0004FEA3C0C04F101044FEA445212F5800FCD
:10A3B00080F09A80BCF1004F08BF5FEA500C50F16A
:10A3C000000041EB045141EA050130BD5FEA4C0C4D
:10A3D000404141EB0101013C28BFB1F5801FE9D2AA
:10A3E00091F0000F04BF01460020B1FA81F308BFCD
:10A3F0002033A3F10B03B3F120020CDA0C3208DD99
:10A4000002F1140CC2F10C0201FA0CF021FA02F173
:10A410000CE002F11402D8BFC2F1200C01FA02F1E3
:10A4200020FA0CFCDCBF41EA0C019040E41AA2BF08
:10A4300001EB0451294330BD6FEA04041F3C1CDAD0
:10A440000C340EDC04F11404C4F1200220FA04F0F0
:10A4500001FA02F340EA030021FA04F345EA03019A
:10A4600030BDC4F10C04C4F1200220FA02F001FA5C
:10A4700004F340EA0300294630BD21FA04F02946DE
:10A4800030BD94F0000F83F4801306BF81F4801177
:10A490000134013D4EE77FEA645C18BF7FEA655CEA
:10A4A00029D094EA050F08BF90EA020F05D054EABC
:10A4B000000C04BF1946104630BD91EA030F1EBFC1
:10A4C0000021002030BD5FEA545C05D140004941C5
:10A4D00028BF41F0004130BD14F580043CBF01F5B8
:10A4E000801130BD01F0004545F0FE4141F470019E
:10A4F0004FF0000030BD7FEA645C1ABF1946104679
:10A500007FEA655C1CBF0B46024650EA013406BF79
:10A5100052EA033591EA030F41F4002130BD00BF38
:10A5200090F0000F04BF0021704730B54FF48064F5
:10A5300004F132044FF000054FF0000150E700BF76
:10A5400090F0000F04BF0021704730B54FF48064D5
:10A5500004F1320410F0004548BF40424FF00001C2
:10A560003EE700BF42004FEAE2014FEA31014FEA05
:10A5700002701FBF12F07F4393F07F4F81F0605154
:10A58000704732F07F4208BF704793F07F4F04BF9F
:10A5900041F40021704730B54FF4607401F000457C
:10A5A00021F000411CE700BF50EA010208BF7047DC
:10A5B00030B54FF000050AE050EA010208BF7047CD
:10A5C00030B511F0004502D5404261EB41014FF436
:10A5D000806404F132045FEA915C3FF4D8AE4FF03E
:10A5E00003025FEADC0C18BF03325FEADC0C18BF21
:10A5F000033202EBDC02C2F1200300FA03FC20FA72
:10A6000002F001FA03FE40EA0E0021FA02F11444BE
:10A61000BDE600BF70B54FF0FF0C4CF4E06C1CEAD7
:10A6200011541DBF1CEA135594EA0C0F95EA0C0F48
:10A6300000F0DEF82C4481EA030621EA4C5123EABB
:10A640004C5350EA013518BF52EA033541F48011EA
:10A6500043F4801338D0A0FB02CE4FF00005E1FB9D
:10A6600002E506F00042E0FB03E54FF00006E1FBE7
:10A6700003569CF0000F18BF4EF0010EA4F1FF042A
:10A68000B6F5007F64F5407404D25FEA4E0E6D416A
:10A6900046EB060642EAC62141EA55514FEAC5207B
:10A6A00040EA5E504FEACE2EB4F1FD0C88BFBCF5F7
:10A6B000E06F1ED8BEF1004F08BF5FEA500E50F1A8
:10A6C000000041EB045170BD06F0004646EA01016E
:10A6D00040EA020081EA0301B4EB5C04C2BFD4EBA0
:10A6E0000C0541EA045170BD41F480114FF0000E99
:10A6F000013C00F3AB8014F1360FDEBF002001F007
:10A70000004170BDC4F10004203C35DA0C341BDC80
:10A7100004F11404C4F1200500FA05F320FA04F052
:10A7200001FA05F240EA020001F0004221F0004186
:10A7300010EBD37021FA04F642EB06015EEA430EF9
:10A7400008BF20EAD37070BDC4F10C04C4F1200529
:10A7500000FA04F320FA05F001FA04F240EA0200DC
:10A7600001F0004110EBD37041F100015EEA430EAD
:10A7700008BF20EAD37070BDC4F1200500FA05F2CD
:10A780004EEA020E20FA04F301FA05F243EA02034C
:10A7900021FA04F001F0004121FA04F220EA02005B
:10A7A00000EBD3705EEA430E08BF20EAD37070BDA1
:10A7B00094F0000F0FD101F00046400041EB010181
:10A7C00011F4801F08BF013CF7D041EA060195F063
:10A7D000000F18BF704703F00046520043EB03031D
:10A7E00013F4801F08BF013DF7D043EA060370470A
:10A7F00094EA0C0F0CEA135518BF95EA0C0F0CD015
:10A8000050EA410618BF52EA4306D1D181EA03015A
:10A8100001F000414FF0000070BD50EA410606BF54
:10A820001046194652EA430619D094EA0C0F02D199
:10A8300050EA013613D195EA0C0F05D152EA0336DE
:10A840001CBF104619460AD181EA030101F00041FC
:10A8500041F0FE4141F470014FF0000070BD41F045
:10A86000FE4141F4780170BD70B54FF0FF0C4CF41F
:10A87000E06C1CEA11541DBF1CEA135594EA0C0F3E
:10A8800095EA0C0F00F0A7F8A4EB050481EA030E8B
:10A8900052EA03354FEA013100F088804FEA033372
:10A8A0004FF0805545EA131343EA12634FEA022240
:10A8B00045EA111545EA10654FEA00260EF0004101
:10A8C0009D4208BF964244F1FD0404F5407402D253
:10A8D0005B084FEA3202B61A65EB03055B084FEAE4
:10A8E00032024FF480104FF4002CB6EB020E75EBE1
:10A8F000030E22BFB61A754640EA0C005B084FEA09
:10A900003202B6EB020E75EB030E22BFB61A754685
:10A9100040EA5C005B084FEA3202B6EB020E75EBD0
:10A92000030E22BFB61A754640EA9C005B084FEA48
:10A930003202B6EB020E75EB030E22BFB61A754655
:10A9400040EADC0055EA060E18D04FEA051545EA44
:10A9500016754FEA06164FEAC30343EA52734FEAED
:10A96000C2025FEA1C1CC0D111F4801F0BD141EA66
:10A9700000014FF000004FF0004CB6E711F4801FCB
:10A9800004BF01430020B4F1FD0C88BFBCF5E06FAB
:10A990003FF6AFAEB5EB030C04BFB6EB020C5FEABB
:10A9A000500C50F1000041EB045170BD0EF0004E10
:10A9B0004EEA113114EB5C04C2BFD4EB0C0541EA42
:10A9C000045170BD41F480114FF0000E013C90E63F
:10A9D00045EA060E8DE60CEA135594EA0C0F08BF03
:10A9E00095EA0C0F3FF43BAF94EA0C0F0AD150EA02
:10A9F00001347FF434AF95EA0C0F7FF425AF104695
:10AA000019462CE795EA0C0F06D152EA03353FF4BC
:10AA1000FDAE1046194622E750EA410618BF52EA39
:10AA200043067FF4C5AE50EA41047FF40DAF52EA0D
:10AA300043057FF4EBAE12E74FF0FF3C06E000BFAA
:10AA40004FF0010C02E000BF4FF0010C4DF804CDB7
:10AA50004FEA410C7FEA6C5C4FEA430C18BF7FEA77
:10AA60006C5C1BD001B050EA410C0CBF52EA430CA5
:10AA700091EA030F02BF90EA020F0020704710F125
:10AA8000000F91EA030F58BF994208BF90422CBFB4
:10AA9000D8176FEAE37040F0010070474FEA410CAD
:10AAA0007FEA6C5C02D150EA013C07D14FEA430CCB
:10AAB0007FEA6C5CD6D152EA033CD3D05DF8040B3C
:10AAC000704700BF8446104662468C46194663466E
:10AAD00000E000BF01B5FFF7B7FF002848BF10F145
:10AAE000000F01BD4DF808EDFFF7F4FF0CBF01208A
:10AAF00000205DF808FB00BF4DF808EDFFF7EAFF06
:10AB000034BF012000205DF808FB00BF4DF808EDC0
:10AB1000FFF7E0FF94BF012000205DF808FB00BFB5
:10AB20004DF808EDFFF7CEFF94BF012000205DF83F
:10AB300008FB00BF4DF808EDFFF7C4FF34BF01204C
:10AB400000205DF808FB00BF4FEA410C7FEA6C5C17
:10AB500002D150EA013C0AD14FEA430C7FEA6C5C17
:10AB600002D152EA033C02D14FF0000070474FF08F
:10AB7000010070474FEA410212F5001215D211D5BB
:10AB80006FF47873B3EB625212D94FEAC12343F0EA
:10AB9000004343EA505311F0004F23FA02F018BF6C
:10ABA000404270474FF00000704750EA013005D135
:10ABB00011F0004008BF6FF0004070474FF00000F8
:10ABC000704700BF4A0011D212F5001211D20DD504
:10ABD0006FF47873B3EB62520ED44FEAC12343F0A3
:10ABE000004343EA505323FA02F070474FF000004D
:10ABF000704750EA013002D14FF0FF3070474FF0FC
:10AC0000000070474FEA4102B2F1E04324BFB3F5C0
:10AC1000001CDCF1FE5C0DD901F0004C4FEAC002D3
:10AC20004CEA5070B2F1004F40EB830008BF20F0B7
:10AC30000100704711F0804F21D113F13872BCBF71
:10AC400001F00040704741F480114FEA5252C2F1C6
:10AC50001802C2F1200C10FA0CF320FA02F018BF0F
:10AC600040F001004FEAC1234FEAD32303FA0CFC62
:10AC700040EA0C0023FA02F34FEA4303CCE77FEAF1
:10AC8000625307D150EA01331EBF4FF0FE4040F43B
:10AC90004000704701F0004040F0FE4040F40000EA
:10ACA000704700BF53B94AB9002908BF00281CBF2C
:10ACB0004FF0FF314FF0FF3000F082B9ADF1080CDA
:10ACC0006DE904CE00F01AF8DDF804E0DDE90223B6
:10ACD00004B07047430803F05533C01A830803F0EB
:10ACE000333300F03330184400EB101000F00F3015
:10ACF00000EB002000EB0040000E70472DE9F0470C
:10AD0000089D04468C46002B40F083808A421746FB
:10AD100047D9B2FA82F242B1C2F1200024FA00F01F
:10AD20009140974040EA010C94404FEA1748230CA9
:10AD3000BCFBF8F61FFA87FE08FB16C143EA014385
:10AD400006FB0EF1994209D9FB1806F1FF3080F09D
:10AD50001981994240F21681023E3B445B1AA4B22B
:10AD6000B3FBF8F008FB103344EA034400FB0EFE8B
:10AD7000A64509D93C1900F1FF3380F00581A645AD
:10AD800040F2028102383C4440EA0640A4EB0E0443
:10AD900000261DB1D4400023C5E900433146BDE87B
:10ADA000F08702B9FFDEB2FA82F2002A50D1CB1B43
:10ADB0004FEA174E1FFA87F80126B3FBFEFC210C61
:10ADC0000EFB1C3341EA034108FB0CF38B4207D90D
:10ADD00079180CF1FF3002D28B4200F2E9808446F0
:10ADE000C91AA3B2B1FBFEF00EFB101143EA0144F5
:10ADF00008FB00F8A04507D93C1900F1FF3302D247
:10AE0000A04500F2D9801846A4EB080440EA0C40A3
:10AE1000BFE78B4209D9002D00F0B1800026C5E9BB
:10AE2000000130463146BDE8F087B3FA83F6002EC4
:10AE30004AD18B4202D3824200F2B880841A61EB7D
:10AE4000030101208C46002DA8D0C5E9004CA5E7E0
:10AE5000C2F1200320FA03F6974001FA02F04FEA0C
:10AE6000174ED9403043030CB1FBFEF61FFA87F8AA
:10AE70000EFB161143EA014306FB08F1994204FA5E
:10AE800002F409D9FB1806F1FF3C80F08D8099424D
:10AE900040F28A80023E3B445B1A81B2B3FBFEF073
:10AEA0000EFB103341EA034100FB08F38B4207D944
:10AEB000791800F1FF3C73D28B4271D902383944C2
:10AEC000CB1A40EA064678E7C6F1200C03FA06F4EE
:10AED00022FA0CF31C4320FA0CF701FA06F34FEAAE
:10AEE000144E21FA0CF11F433B0CB1FBFEF91FFA83
:10AEF00084F80EFB191143EA014109FB08FA8A455F
:10AF000002FA06F200FA06F308D9611809F1FF30D7
:10AF100048D28A4546D9A9F102092144A1EB0A0188
:10AF2000BFB2B1FBFEF00EFB101147EA014700FB78
:10AF300008F8B84507D9E71900F1FF312ED2B84516
:10AF40002CD90238274440EA0940A7EB0807A0FBA8
:10AF500002894F45C64649461AD317D05DB1B3EBB7
:10AF60000E0267EB010707FA0CFCF2404CEA020202
:10AF7000F740C5E9002700263146BDE8F0872E4698
:10AF800028460BE70646E9E61846FDE64345E5D2C6
:10AF9000B8EB020E69EB04010138DFE70846D2E79F
:10AFA00060468DE78146B9E7664675E730464AE771
:10AFB000ACF1020C394413E702383C4424E700BFEB
:10AFC000704700BF0B460146184600F02BB8000042
:10AFD0001FB514461A46094B1B680546D8684CB184
:10AFE000074B0091CDE9013406492B4600F042F8A9
:10AFF00002F082F8044B1C46F3E700BF6C620020AD
:10B00000706806007D680600AB680600002101F04C
:10B010009DBE0A22002101F01FBF0A22002101F07B
:10B020001BBF000010B5054C13462CB10A46014663
:10B030000220AFF3008010BD2046FCE700000000B6
:10B04000014B1868704700BF6C62002008B5074BC1
:10B05000044613B10021AFF30080054B1868836AE2
:10B0600003B19847204604F0E1FB00BF0000000058
:10B07000AC6806000EB403B5014603AB054853F8AF
:10B08000042B0068019300F05DF902B05DF804EB59
:10B0900003B070476C62002070B50D4D0D4C641B01
:10B0A000A4100026A64209D10B4D0C4C04F0C0FBA5
:10B0B000641BA4100026A64205D170BD55F8043BC0
:10B0C00098470136EEE755F8043B98470136F2E71A
:10B0D0004064002040640020406400209064002010
:10B0E000024B0146186800F0A9B800BF6C6200204E
:10B0F000024B0146186800F051B800BF6C62002096
:10B1000030B501390024A24201D1002005E0035DE1
:10B1100001340D5DAB42F6D0581B30BD0A4491425C
:10B1200000F1FF3300D1704710B511F8014B03F85F
:10B13000014F9142F9D110BD884210B501EB0204D4
:10B1400002D98442234607D8431EA14208D011F8F1
:10B15000012B03F8012FF8E7024401468A4200D18F
:10B1600010BD13F8014D02F8014DF7E70244034604
:10B17000934200D1704703F8011BF9E713B54A4326
:10B180001146019200F05AF8044618B1019A0021C4
:10B19000FFF7ECFF204602B010BD000037B50029D4
:10B1A00048D051F8043C0190002BA1F10404B8BF31
:10B1B000E41803F0F5FB204A01981368154633B9EB
:10B1C0006360146003B0BDE8304003F0EFBBA342FE
:10B1D0000BD921686218934204BF1A685B686360E8
:10B1E00004BF521822602C60ECE71A465B680BB172
:10B1F000A342FAD911685518A5420BD124682144FD
:10B200005418A3421160DDD11C685B68536021446F
:10B210001160D7E702D90C230360D3E725686119D1
:10B220008B4204BF19685B68636004BF49192160E1
:10B230005460C7E703B030BDA0000120F8B5CD1CB5
:10B2400025F0030508350C2D38BF0C25002D0646CA
:10B2500001DBA94203D90C2333600020F8BD03F0C1
:10B260009FFB21490A6814469CB9204F3B6823B9CB
:10B270002146304600F03CFE38602946304600F05A
:10B2800037FE431C23D10C233360304603F08EFB82
:10B29000E3E723685B1B17D40B2B03D923601C4403
:10B2A000256004E06368A2420CBF0B605360304627
:10B2B00003F07CFB04F10B00231D20F00700C21AF1
:10B2C000CCD01B1AA350C9E722466468CCE7C41C43
:10B2D00024F00304A042E3D0211A304600F008FE17
:10B2E0000130DDD1CFE700BFA0000120A400012084
:10B2F0009368013B002B10B4936008DA9469A34271
:10B3000001DB0A2903D15DF8044B01F035BE136857
:10B31000581C1060197008465DF8044B7047F8B56A
:10B3200006460F461446D518AC4201D1002007E06E
:10B3300014F8011B3A463046FFF7DAFF431CF3D1FD
:10B34000F8BD00002DE9F04F0D469DB0144698461B
:10B35000064618B183690BB902F05AFE894B9D422B
:10B360001BD175686B6ED90705D4AB899A0502D4D9
:10B37000A86D03F04CFAAB891B0701D52B69EBB91B
:10B380002946304601F04AFEC0B16B6EDC070ED58F
:10B390004FF0FF301DB0BDE8F08F7B4B9D4201D1D7
:10B3A000B568DFE7794B9D4208BFF568DAE7AB89FE
:10B3B0009805EDD4A86D03F02BFAE9E70023099373
:10B3C00020238DF82930CDF80C803023DFF8C081A0
:10B3D0008DF82A304FF0010923469A4613F8012BC5
:10B3E0000AB1252AF9D1BAEB040B0BD05B462246F1
:10B3F00029463046FFF793FF013000F0AA80099AF2
:10B400005A4409929AF80030002B00F0A2800023E1
:10B410004FF0FF32CDE905230AF1010A04930793A7
:10B420008DF853301A935446052214F8011B5848DE
:10B4300003F066FA049AD8B9D10644BF20238DF8E8
:10B440005330130744BF2B238DF853309AF8003044
:10B450002A2B15D0079A544600204FF00A0C21469B
:10B4600011F8013B303B092B4ED9B0B1079214E0E3
:10B47000A0EB080309FA03F313430493A246D2E7AF
:10B48000039B191D1B680391002BBBBF5B4242F05D
:10B49000020207930793B8BF049223782E2B0CD196
:10B4A00063782A2B35D1039B1A1D1B680392002B4E
:10B4B000B8BF4FF0FF3302340593DFF8E4A02178E2
:10B4C0000322504603F01CFA40B14023A0EB0A00CF
:10B4D00003FA00F0049B03430134049314F8011BA6
:10B4E0002C488DF82810062203F00AFA00283FD0D5
:10B4F000294B1BBB039B073323F00703083303933C
:10B50000099B3B44099367E70CFB02320C46012080
:10B51000A5E700230134059319464FF00A0C204695
:10B5200010F8012B303A092A03D9002BC5D0059118
:10B53000C3E70CFB012104460123F0E703AB0093B2
:10B540002A46164B04A9304600F0CCF80746781C72
:10B55000D6D16B6ED90705D4AB899A0502D4A86DF4
:10B5600003F056F9AB895B063FF512AF099811E776
:10B5700003AB00932A46094B04A9304600F056FB62
:10B58000E4E700BF786A0600986A0600586A060079
:10B59000B0680600BA680600E5B605001FB30500EE
:10B5A000B66806002DE9FF4755EC104B002D0E46FE
:10B5B00019462B46BBBF05F100431D4600232D2332
:10B5C0000B700D9BDDF830A0914623F02008BCBF26
:10B5D00022461446B8F1460F05D0B8F1450F00D108
:10B5E0000136022100E0032103AB019302AB00937B
:10B5F00045EC104B5346324601F012FEB8F1470FAE
:10B60000074602D119F0010F22D0B8F1460F07EB1F
:10B61000060910D13B78302B0AD1002200232046A6
:10B620002946FFF75FFA18B9C6F10106CAF80060AB
:10B63000DAF8003099440022002320462946FFF71B
:10B6400051FA08B1CDF80C903022039B4B4507D33B
:10B65000039B0E9ADB1B3846136004B0BDE8F087ED
:10B66000591C03911A70F0E7F7B503460029B8BFDB
:10B67000494203F8022BB4BF2D222B220929427024
:10B680002ADD0DF10704A4460A27A6460A4691FBC7
:10B69000F7F607FB16153035632A04F1FF340EF870
:10B6A000015C3146F1DC3031AEF1020504F8011CD9
:10B6B000441C294661450AD30DF10902A2EB0E0292
:10B6C000654588BF00221344181A03B0F0BD11F875
:10B6D000012B04F8012FEDE7302330318370C17066
:10B6E000031DF1E72DE9F04F2DED028B8DB00C46D7
:10B6F000DDF8608016461F46054603F083F8D0F853
:10B7000000A0504600F097FC00230A93236805939D
:10B71000D8F8003094F818B0073323F0070303F18A
:10B720000802C8F80020D3E90023C4E91223D4E9B1
:10B73000128929F000430793CDF8188008EE100A0B
:10B740009F4BDDE906014FF0FF32FFF7FDF988BBA3
:10B75000DDE906019A4B4FF0FF32FFF7D7F948BBFE
:10B760000022002340464946FFF7C6F910B12D23B9
:10B7700084F84330934B9448BBF1470F94BF9846ED
:10B78000804603232361059B23F0040222604FF0CF
:10B790000009009733460BAA2146284600F0D8F945
:10B7A000013040F090804FF0FF300DB0BDEC028BC7
:10B7B000BDE8F08F42464B4640464946FFF7C4F984
:10B7C00040B14B46002BBCBF2D2384F843307F484B
:10B7D0007F4BD1E763680BF0DF0206925A1C3FD122
:10B7E00006236360059B616843F480620023039332
:10B7F0000AABCDE901B309AB49EC108B0093226091
:10B800000DF123032846FFF7CDFE069B0999472B30
:10B81000804608D1C81C02DB6368994241DDABF168
:10B82000020B5FFA8BFBBBF1650F20D801395A463A
:10B8300004F150000991FFF717FF0A9A1318012A23
:10B840008146236102DC2268D20701D501332361DE
:10B850009DF82330002B9CD02D2384F8433098E7AB
:10B86000069A472ABED1002BBCD10123B9E7BBF110
:10B87000660F18D1002963680BDD216113B92268B6
:10B88000D00702D501330B442361A1654FF00009B5
:10B89000DEE713B92268D20701D50233F4E70123AA
:10B8A000F2E74FF0670B0A9B994205DB23682161A1
:10B8B000D807EAD54B1CE7E70029D4BFC1F1020243
:10B8C00001221344E0E723685A0507D4236942465E
:10B8D00031462846B84701302CD164E7BBF1650FEB
:10B8E00040F2E080D4E9120100220023FFF7FAF8C9
:10B8F000002834D0374A012331462846B847013062
:10B900003FF451AFDDE909239A4202DB2368D807EF
:10B9100010D518EE103A524631462846B847013045
:10B920003FF441AF4FF0000804F11A090A9B013BB4
:10B93000434509DC23689B0700F10581E0680B9B08
:10B940009842B8BF184630E701234A463146284698
:10B95000B84701303FF427AF08F10108E6E7099B3B
:10B96000002B39DC1B4A012331462846B8470130F9
:10B970003FF419AFDDE90923134302D12368D90746
:10B98000D8D518EE103A524631462846B84701300D
:10B990003FF409AF4FF0000904F11A0A099B5B421A
:10B9A0004B4501DC0A9B92E701235246314628466B
:10B9B000B84701303FF4F7AE09F10109EEE700BFE7
:10B9C000FFFFEF7FC1680600C5680600CD6806006E
:10B9D000C9680600D16806000A9AA36D9A42A8BFFA
:10B9E0001A46002A914637DC4FF0000B29EAE97924
:10B9F00004F11A02A36D0593A3EB09035B4533DC45
:10BA0000DDE909239A423BDB2368DA0738D40A9A36
:10BA1000059B0999D31AA2EB01099945A8BF99463C
:10BA2000B9F1000F35DC4FF0000829EAE97904F19B
:10BA30001A0ADDE909239B1AA3EB090343457FF7A3
:10BA400079AF0123524631462846B84701303FF4CA
:10BA5000AAAE08F10108ECE71346314642462846F3
:10BA6000B8470130C0D19EE60123314628460592F1
:10BA7000B84701303FF497AE059A0BF1010BB9E7D7
:10BA800018EE103A524631462846B8470130BED12A
:10BA900089E6059A4B46424431462846B84701306C
:10BAA000C1D180E60A9A012A01DCDB0738D50123DF
:10BAB000424631462846B84701303FF474AE18EE8E
:10BAC000103A524631462846B84701303FF46BAE33
:10BAD000D4E9120100220023FFF704F8D8B90A9B29
:10BAE00008F10102013B31462846B84701300ED12A
:10BAF00059E60123524631462846B84701303FF403
:10BB000052AE08F101080A9B013B4345F1DC4B466C
:10BB100004F15002DCE64FF0000804F11A0AF2E7E3
:10BB200001234246DFE701234A4631462846B8470B
:10BB300001303FF438AE08F10108E3680B995B1A55
:10BB40004345F0DCFAE64FF0000804F11909F4E788
:10BB50002DE9F047164699468A680B69DDF8208082
:10BB60009342B8BF1346336091F8432007460C4612
:10BB70000AB1013333602368990642BF3368023348
:10BB80003360256815F0060506D104F1190AE3684B
:10BB900032689B1AAB4226DC94F84320131E2268BD
:10BBA00018BF012392062BD404F1430249463846BC
:10BBB000C04701301ED02368E568326803F00603F1
:10BBC000042B08BFAD1AA36822690CBF25EAE575EE
:10BBD00000259342C4BF9B1AED1800261A34B542C3
:10BBE0001AD1002008E00123524649463846C04792
:10BBF000013003D14FF0FF30BDE8F0870135C6E7D3
:10BC0000E1185A1C302081F84300224494F8451072
:10BC100082F843100233C7E70123224649463846DB
:10BC2000C0470130E6D00136D9E700002DE9FF47D3
:10BC30000C469146277E0C99782F80469A4604F14F
:10BC4000430207D8622F0AD8002F00F0D880582F5F
:10BC500000F0A38004F1420684F842703AE0A7F1B4
:10BC60006303152BF6D801A050F823F0C5BC0500DE
:10BC7000D9BC050055BC050055BC050055BC0500E8
:10BC800055BC0500D9BC050055BC050055BC0500D8
:10BC900055BC050055BC0500E5BD050009BD050006
:10BCA000C7BD050055BC050055BC050007BE050015
:10BCB00055BC050009BD050055BC050055BC050077
:10BCC000CFBD05000B681A1D1B680A6004F142060F
:10BCD00084F842300123A3E0256808682E0600F1AD
:10BCE00004030AD505680B60002D03DA2D236D428D
:10BCF00084F843305E480A2319E015F0400F0568C8
:10BD00000B6018BF2DB2EFE70B682568181D08609F
:10BD1000280601D51D6802E06906FBD51D88544838
:10BD20006F2F0CBF08230A23002184F84310666894
:10BD3000A660002EA2BF216821F0040121600DB988
:10BD4000002E4DD01646B5FBF3F103FB1157C75D2E
:10BD500006F8017D2F46BB420D46F4D9082B0BD1C6
:10BD60002368DF0708D5236961689942DEBF302365
:10BD700006F8013C06F1FF36921B2261CDF800A0C7
:10BD80004B4603AA21464046FFF7E2FE01304CD164
:10BD90004FF0FF3004B0BDE8F087354884F84570B7
:10BDA00023680E681F0656F8045B0E6014D5D90789
:10BDB00044BF43F0200323601DB9236823F0200310
:10BDC00023601023B0E7236843F020032360782327
:10BDD000284884F84530E3E75E0648BFADB2E6E7A1
:10BDE0001646BBE70B68266860691D1D0D603506A9
:10BDF0001B6801D5186002E07106FBD5188000238E
:10BE000023611646BAE70B681A1D0A601E6862684D
:10BE10000021304602F074FD08B1801B6060636849
:10BE20002361002384F84330A8E72369324649465A
:10BE30004046D0470130ABD023689B0713D4E0685D
:10BE4000039B9842B8BF1846A4E7012332464946EF
:10BE50004046D04701309BD00135E36803995B1A17
:10BE6000AB42F2DCEBE7002504F11906F5E700BF71
:10BE7000D3680600E4680600134B10B51C68A36B7A
:10BE80007BB91820F6F77CF8104A114BA063C0E983
:10BE90000023104B83600B23838101220023C0E920
:10BEA0000423A16B0C480A694B690C4C504304FBFA
:10BEB0000300A2FB04345A1C044444F10000C1E90D
:10BEC000042020F0004010BD6C6200200E33CDAB8A
:10BED00034126DE6ECDE05002DF451582D7F954CA3
:10BEE000024B0A460146186803F0A5B96C620020AF
:10BEF00038B5064D0023044608462B60F8F712FCBF
:10BF0000431C02D12B6803B1236038BDF00001202F
:10BF10000CB430B5174B0C1E1D689DB008DA8B238E
:10BF20002B604FF0FF301DB0BDE8304002B07047CD
:10BF30004FF40273ADF8143014BF04F1FF332346FD
:10BF4000049307934FF6FF7302900690ADF81630F6
:10BF5000209A21AB02A92846019303F0EDF9431C76
:10BF6000BCBF8B232B60002CDDD0029B00221A70FB
:10BF7000D9E700BF6C6200200EB400B59CB01DABC9
:10BF8000029006906FF00041094807910491094919
:10BF900053F8042B05910068019302A903F0CCF932
:10BFA000029B00221A701CB05DF804EB03B07047CE
:10BFB0006C6200200802FFFF10B502461478134699
:10BFC0000132002CFAD1013B11F8012B03F8012FAB
:10BFD000002AF9D110BDC9B2034610F8012B1AB1DD
:10BFE0008A42F9D118467047002918BF0023F9E7A3
:10BFF00010F8012B11F8013B012A28BF9A42F7D013
:10C00000D01A7047034611F8012B03F8012B002AC0
:10C01000F9D1704770B503461E4613F8014B44B181
:10C020004A1E01E0A54204D012F8015F002DF9D1AB
:10C03000F2E7301A70BD034613F8012B002AFBD13A
:10C04000181A0138704730B5044625782346013464
:10C05000002DFAD1013A04D311F8014B03F8014B3A
:10C0600004B930BD002AF5D11A70F3E710B56AB1F2
:10C070000139841810F8013B11F8012F934203D1C4
:10C08000A04201D0002BF5D1981A10BD1046FCE754
:10C0900010B50139034632B111F8014F03F8014BD5
:10C0A000013A002CF7D11A440021934200D110BD6F
:10C0B00003F8011BF9E738B503460C4669B9BDE83A
:10C0C0003840FFF788BF431C054621461846FFF756
:10C0D00082FF0028F7D1284638BD0025F5E770B566
:10C0E00003461E4613F8014B3CB14A1E01E0A5422F
:10C0F000F7D012F8015F002DF9D1301A70BD70B57C
:10C1000004460D4645EC104B164602F051FF51EC2B
:10C11000100B7EB1C5F30A53C3F16B03002B09DD8D
:10C120001B0503F17F55002405F5401522462B46DB
:10C13000FEF770FA70BD00002DE9F04FA3B01F4666
:10C1400000231E93A44B19921B68079304461846BC
:10C150008846FFF770FF4FF0000A05464FF0000BCE
:10C16000CDF874801D9B1A782B2A4CD039D80D2A13
:10C1700032D8082A32D8002A3CD000230E931D9EC4
:10C180003378302B40F0B480737803F0DF03582B02
:10C190006CD10E9B01931EAB029700938F4A1FAB8D
:10C1A0001DA9204602F038F810F00707054605D013
:10C1B000062F2AD1013600231D960E93199B002BC2
:10C1C00040F096850E9BDBB152460BF1004343ECE9
:10C1D000102B23B0BDE8F08F202ACED101331D9360
:10C1E000C0E72D2AC9D101220E925A1C1D925B78FC
:10C1F000002BC4D1199BCDF87480002B40F07685BC
:10C2000052465B46E3E70022EEE71E9A3AB135213B
:10C2100020A802F0CCFF1E99204602F001FC013F4D
:10C22000052F07D8DFE807F00E0B181D0E034FF09F
:10C23000000BDA462807C1D54BF0004BBEE7DDE91D
:10C2400020ABF7E7DDE920A31F9A23F4801302F265
:10C25000334243EA025BEDE7DFF884B14FF0000AB6
:10C26000E8E76FF0004B4FF0FF3AE3E71D9B5A1CE5
:10C270001D925B78302BF9D0002B9FD001234FF01B
:10C28000000904931D9B0A93CDF824904F460A227F
:10C290001D980678A6F13003D9B209292AD9079941
:10C2A0002A46FFF7E3FE98B3002033463D46079049
:10C2B0000246652B01D0452B18D11DB9049B0343C1
:10C2C00098D00025DDF8748008F101031D9398F8DB
:10C2D00001302B2B75D02D2B7BD04FF0000CA3F110
:10C2E0003001092940F28280CDF8748000269DE05B
:10C2F0000023C4E7082FD8BF099900F10100DABF75
:10C3000002FB0133099302FB093901371D90BFE796
:10C310001D9B5A191D925B5D002F37D007903D463B
:10C32000A3F13002092A12D90122C2E71D9B5A1C2F
:10C330001D925B780130302BF8D0A3F13102082A2E
:10C3400000F2DB841D9A079000200A920546303BDC
:10C3500000F1010214D00799114407912A4600EB1D
:10C36000050E0A21724513D12A18082A05F1010584
:10C3700005441CDC09990A2202FB013309930022BF
:10C380001D9B591C1D915B781046C9E73846D2E7C2
:10C39000082A04DC099E4E4309960132E2E702F1C5
:10C3A000010CBCF1100FD8BF01FB09F9F5E7102D06
:10C3B000DCBF0A2202FB0939E1E7002307930122CF
:10C3C0007CE74FF0000C08F102031D9398F802304F
:10C3D00085E74FF0010CF6E7BC6A0600F868060036
:10C3E0000000F07F1D9B591C1D915B78302BF9D00C
:10C3F000A3F1310108293FF679AFA3F1300E1D9B5F
:10C4000008931D9B591C1D915B78A3F13006092EE2
:10C4100037D9089E891B082944F61F6602DC764539
:10C42000A8BF7646BCF1000F00D07642002D4FD158
:10C43000049901437FF4C2AE002A7FF4DBAE692B7E
:10C4400027D024DC492B24D04E2B7FF4D3AE9E4939
:10C450001DA802F027F900283FF4CCAE1D9B1B78E5
:10C46000282B2DD1994920AA1DA802F02FF90528C3
:10C4700026D1219BDDF880A043F0FF4B4BF4E00B6D
:10C480009CE60A2101FB0E3EAEF1300EB9E76E2BA1
:10C49000DBE78F491DA802F005F900283FF4AAAE9A
:10C4A0001D9B8C49013B1DA81D9302F0FBF810B9A0
:10C4B0001D9B01331D93DFF82CB24FF0000A7DE67F
:10C4C000854803F039F88DED040BDDE904AB75E622
:10C4D000079B0998F31A002F08BF2F46102D0893C9
:10C4E000A846A8BF4FF01008FEF71AF8092D82469B
:10C4F0008B4613DD794B03EBC80353E91223FEF798
:10C5000089F8824648468B46FEF70AF802460B46F3
:10C5100050465946FDF7C8FE82468B460F2D38DC43
:10C52000089B002B3FF44AAE24DD162B0BDC6B4D31
:10C5300005EBC305D5E9000152465B46FEF76AF8F4
:10C5400082468B463AE6089AC5F12503934220DBE2
:10C55000624CC5F10F0504EBC50152465B46D1E9BB
:10C560000001FEF757F8089B5D1B04EBC504D4E9F6
:10C570000023E3E7089B16330BDB079B574A9E1B00
:10C5800002EBC606D6E9002350465946FEF76CF981
:10C59000D6E7089BA5EB08089844B8F1000F71DDB9
:10C5A00018F00F030AD04D4901EBC30152465B4618
:10C5B000D1E90001FEF72EF882468B4638F00F08CD
:10C5C0004DD0B8F59A7F22DD00252E4609950795B6
:10C5D0002223DFF810B123604FF0000A099B002BE3
:10C5E0003FF4ECAD1E99204602F01AFA0799204656
:10C5F00002F016FA3146204602F012FA0999204656
:10C6000002F00EFA2946204602F00AFAD6E5002387
:10C610004FEA2818504659469946B8F1010F21DCD7
:10C620000BB182468B462E4BABF1547B03EBC90911
:10C6300052465B46D9E90001FDF7ECFF294B0A465B
:10C640000B4029498B428246BED8A1F580118B420E
:10C6500086BFDFF898B04FF0FF3A02F1547B002319
:10C66000049381E018F0010F07D01D4B03EBC903C1
:10C67000D3E90023FDF7CEFF012309F101094FEAB9
:10C680006808CAE7EBD0C8F1000818F00F020AD01A
:10C69000124B03EBC20350465946D3E90023FEF781
:10C6A000E3F882468B465FEA2818D8D0B8F11F0F0E
:10C6B0001EDD00252E460995079522234FF0000A1E
:10C6C0004FF0000B236089E7CE6806000C69060076
:10C6D000C66806004C6A0600AB680600F86A0600E9
:10C6E000D06A06000000F07F0000A07CFFFFEF7F13
:10C6F00018F0100318BF6A23DFF8B4930493504670
:10C700005946002318F0010F04D0D9E90023FDF7A2
:10C7100081FF01235FEA680809F10809F2D10BB132
:10C7200082468B46049BBBB1CBF30A53C3F16B0328
:10C73000002B594610DD1F2B40F32881342BDEBF20
:10C74000203B4FF0FF3202FA03F34FF0000ACCBF58
:10C750004FF05C7B03EA010B002200235046594650
:10C76000FEF7C0F90028A4D1099B00930A992B4633
:10C770003A46204602F0A9F9099000283FF424AF78
:10C78000079B9E1B089B002BB4BF334600231093CE
:10C79000089B002523EAE37318932E46099B204645
:10C7A000596802F009F9079000283FF411AF099B7E
:10C7B0001A69023203F10C0192000C30FEF7AEFC54
:10C7C0004BEC10AB20AA1FA92046CDE90AAB02F022
:10C7D0006BFC1E9000283FF4FBAE0121204602F0C6
:10C7E00002FA064600283FF4F3AE1F9B0499002B83
:10C7F000ABBF109A189A189FDDF84090ACBF03EBBE
:10C800000209D71A209AA3EB01089044A34B08F120
:10C81000FF389845C2F1360280F2CC80A3EB0803C2
:10C820001F2BA2EB03024FF0010100F3B68001FAC7
:10C8300003F3119300230C9309EB0208049BC145F9
:10C8400017441F444B46A8BF4346BB42A8BF3B46C4
:10C85000002BC2BFA8EB0308FF1AA9EB0309109B2A
:10C86000002B17DD31461A46204602F061FA0646D3
:10C8700000283FF4ADAE01461E9A204602F0BCF9F6
:10C880000F9000283FF4A4AE1E99204602F0C8F88D
:10C890000F9B1E93B8F1000F00F39180089B002BB3
:10C8A00008DD189A0799204602F042FA07900028FE
:10C8B0003FF48EAE002F08DD07993A46204602F07D
:10C8C00085FA079000283FF483AEB9F1000F08DD28
:10C8D00031464A46204602F079FA064600283FF4DF
:10C8E00077AE079A1E99204602F0EBFA054600281B
:10C8F0003FF46EAEC3680F930023C360314602F06D
:10C90000C4FA002865DA0F9B53EA0A0340F08780D7
:10C91000CBF31303002B40F082802BF000431B0D60
:10C920001B05B3F1D66F7AD96B6913B92B69012B4B
:10C9300075DD29460122204602F048FA31460546B7
:10C9400002F0A3FA00286ADD0499554A5B460029E3
:10C9500000F0858002EA0B01B1F1D66F7FDCB1F106
:10C960005C7F7FF7AAAE4F4A0023CDE916325046CE
:10C97000DDE916235946FDF74DFE0B46034308BF7C
:10C98000222382468B4608BF23602BE64FF0FF32FE
:10C9900002FA03F303EA0A0ADEE6C8F17F4808F563
:10C9A0007F0808F57B4808F1E20801FA08F30C93C8
:10C9B000119141E700230C93012311933CE71E9949
:10C9C0004246204602F002FA1E9000287FF466AF2D
:10C9D000FEE55F466ED10F9ACBF3130342B3324AA2
:10C9E000934228D1049B5046EBB12D4A3A40B2F114
:10C9F000D46F4FF0FF3119D8120DC2F16B0301FA59
:10CA000003F3984217D1294B9F4202D101303FF4E2
:10CA1000DFAD234B3B4003F5801B4FF0000A049B26
:10CA2000002BA0D1DEE54FF0FF33EAE70B46E8E745
:10CA300053EA0A0388D00C9BDBB13B42EFD00F9B3B
:10CA4000049A50465946C3B1FFF759FB02460B46BC
:10CA5000DDE90A01FDF728FC82468B46DFE713403B
:10CA6000A3F580136FEA135B6FEA0B5B4FF0FF3A9D
:10CA7000D5E7119B13EA0A0FE0E7FFF740FB0246F8
:10CA80000B46DDE90A01FDF70DFC0022002382467A
:10CA90008B46FEF727F80028C1D00EE602FCFFFF08
:10CAA0000000F07F00005039FFFF0F00FFFFEF7F15
:10CAB000206906003146284602F046FB59EC108BEF
:10CAC00010EE100A00224FF080434946FEF71EF890
:10CAD00000287CD00F9B002B4CD0954B0022CDE939
:10CAE0000C23DFF84C924FF00008924B3B4011931F
:10CAF000119A914B9A4240F0B280DDE90A23DDE9B8
:10CB00000C01A7F1547B4BEC10ABCDE91623CDE91A
:10CB10000C0102F04DFADDE90C0153EC102BFDF78E
:10CB200079FD52465B46FDF7BFFB0B468149834AC0
:10CB30001940914282465ED90B9B02F15472934296
:10CB400003D10A9B01333FF443ADDFF8FCB14FF052
:10CB5000FF3A1E99204601F063FF0799204601F035
:10CB60005FFF3146204601F05BFF2946204601F079
:10CB700057FF13E6BAF1000F1BD1CBF31303F3B940
:10CB80006B4B002240464946FDF7B6FFD0B9404600
:10CB900049466B4B0022FDF73DFD8046894609F171
:10CBA0000043CDF868801B93DDE91A23CDE90C23FF
:10CBB0009BE7BAF1010F02D1002F3FF47EAD614B2C
:10CBC00000228CE7DFF878914FF00008E7E75C4B34
:10CBD000404649460022FDF71DFD0F9B80468946D1
:10CBE00033B901F1004312901393DDE91223DDE71D
:10CBF000CDE91289F9E703F1547B049B002BA8D1FE
:10CC00002BF00043119A1B0D1B059A42A1D14046FF
:10CC1000494602F09DFDFDF7CFFC02460B4640461B
:10CC20004946FDF73FFB0F9ACBF3130343EA0A0390
:10CC300013438046894653D035A3D3E90023FDF73B
:10CC40005BFF00287FF4CEAC33A3D3E9002340463A
:10CC50004946FDF76FFF00283FF47BAFC2E4049B19
:10CC600033B3119BB3F1D46F22D82DA3D3E90023A2
:10CC700040464946FDF74AFFA0B149464046FDF708
:10CC8000A1FF012838BF0120FDF74AFC0F9B804619
:10CC9000894613BB01F1004314901593DDE9142379
:10CCA000CDE90C230D9B119A03F1D6639B1A0D93CA
:10CCB000DDE90C019DED0A0BCDE90C0102F078F9DC
:10CCC000DDE90C0153EC102BFDF7A4FCDDE90A2390
:10CCD000FDF7EAFA82468B468FE7CDE91489DDE756
:10CCE00011A3D3E90023FDF707FFB4E700230E9358
:10CCF000199A1D9B1360FFF765BA652B3FF45DAB76
:10CD0000452B3FF45AAB0122FFF792BBAFF30080F3
:10CD10009535A094FFFFDF3F35E5AF350000E03FDC
:10CD20000000C0FFFFFFDF419535A094FFFFCF3F1C
:10CD30000000F03F0000F07F0000E07FFFFF9F7CDD
:10CD40000000E03F0000F0BFFFFFEF7F0A46014612
:10CD50000248034B0068FFF7EFB900BF6C62002088
:10CD6000D46200202DE9F0473A4E86468C46604654
:10CD70001CF8014BA55D15F00805F8D12D2C33D119
:10CD80009CF800404FF0010800F1020C002B5CD031
:10CD9000102B0CD1302C0AD19CF8000000F0DF00E1
:10CDA00058284DD19CF8014010230CF1020C08F1D9
:10CDB0000047013F0026B7FBF3F9304603FB197A21
:10CDC000A4F13005092D18D82C46A34224DD751C8A
:10CDD00007D081451DD301D1A2451ADB00FB0340DA
:10CDE00001261CF8014BEBE72B2C08BF9CF80040F8
:10CDF000A84608BF00F1020CC8E7A4F14105192DAF
:10CE000001D8373CE1E7A4F16105192D04D8573C5E
:10CE1000DBE74FF0FF36E4E7731C06D12223CEF8A0
:10CE20000030384642B9BDE8F087B8F1000F00D0B5
:10CE30004042002AF7D00EB10CF1FF311160F2E749
:10CE40003024002BB3D10823B1E7302CA4D00A231F
:10CE5000ADE700BF4969060013460A46014602488D
:10CE60000068FFF77FBF00BF6C6200202DE9F04330
:10CE70003B4E86468C4660461CF8014BA55D15F07E
:10CE80000805F8D12D2C34D19CF800404FF0010852
:10CE900000F1020C002B5ED0102B0CD1302C0AD1EB
:10CEA0009CF8000000F0DF0058284FD19CF80140AA
:10CEB00010230CF1020C4FF0FF370025B7FBF3F7FE
:10CEC00003FB07F96FEA09092846A4F13006092E89
:10CED00018D83446A34224DD002D1FDB87421DD322
:10CEE00001D1A1451ADB00FB034001251CF8014BD1
:10CEF000EBE72B2C08BF9CF80040A84608BF00F1C8
:10CF0000020CC7E7A4F14106192E01D8373CE1E72E
:10CF1000A4F16106192E04D8573CDBE74FF0FF352A
:10CF2000E4E7002D07DA2223CEF800304FF0FF307F
:10CF300042B9BDE8F083B8F1000F00D04042002AAA
:10CF4000F7D00DB10CF1FF311160F2E73024002B66
:10CF5000B1D10823AFE7302CA2D00A23ABE700BF42
:10CF60004969060013460A46014602480068FFF771
:10CF70007DBF00BF6C620020F8B50E461446054622
:10CF800018B183690BB901F043F8214B9C422BD1B6
:10CF90006C68A369A360A3891A072FD523696BB3B3
:10CFA00023692068C01A6369F6B28342374604DCFD
:10CFB0002146284600F098FF30BBA368013BA360E0
:10CFC00023685A1C22601E7063690130834204D0BA
:10CFD000A389DB0706D50A2E04D12146284600F096
:10CFE00083FF88B93846F8BD0A4B9C4201D1AC6832
:10CFF000CFE7094B9C4208BFEC68CAE721462846A8
:10D0000000F00CF80028CBD04FF0FF37EAE700BF64
:10D01000786A0600986A0600586A0600324B70B5B6
:10D020001D6806460C4625B1AB6913B9284600F0C9
:10D03000EFFF2E4B9C420FD16C68A389B4F90C20F2
:10D0400019072CD4DD0611D40923336042F04003C4
:10D05000A3814FF0FF303EE0254B9C4201D1AC68EC
:10D06000EBE7244B9C4208BFEC68E6E7580712D573
:10D07000616B41B104F14403994202D03046FEF79E
:10D080008DF800236363A38923F02403A381002385
:10D09000636023692360A38943F00803A3812369A4
:10D0A0004BB9A38903F42073B3F5007F03D0214665
:10D0B000304601F0D3FBA089B4F90C2010F0010335
:10D0C0000AD00023A36063695B42A361236943B96B
:10D0D00010F08000BAD170BD810758BF6369A360AA
:10D0E000F4E70020F7E700BF6C620020786A0600D2
:10D0F000986A0600586A060008B5062002F04CFA45
:10D10000012002F093FB2DE9F74F03690C69A3425C
:10D110000746C0F28180013C01F1140800F11405BA
:10D1200005EB8403019358F8243055F8242001338B
:10D130009A424FEA840B08EB8409B2FBF3F631D331
:10D140004FF0000E4046AC46F24650F8042B93B226
:10D1500006FB03E34FEA134E9BB2AAEB0303120C48
:10D16000DCF800A006FB02E213FA8AF34FEA124E43
:10D170001FFA82FADCF80020CAEB124202EB2342CB
:10D180009BB243EA024381454CF8043B4FEA224AF2
:10D19000DBD255F80B302BB9019B043B9D421A465C
:10D1A0002ED33C61384601F070FE002824DB0136A6
:10D1B00028464FF0000C58F8042BD0F800E093B24A
:10D1C000ACEB0303120C13FA8EF3C2EB1E4202EB1C
:10D1D00023429BB243EA0243C14540F8043B4FEA75
:10D1E000224CE8D255F8242005EB840322B9043BF5
:10D1F0009D421A460AD33C61304603B0BDE8F08F29
:10D200001268043B002ACCD1013CC7E71268043BFA
:10D21000002AF0D1013CEBE70020EEE7000000001F
:10D220002DE9F04F2DED028B57EC106B95B0456A50
:10D23000DDF880800591CDE90267044609920F93DD
:10D240003DB91020F4F79CFEC0E90155606205600D
:10D25000C560636A196851B15A684A6001239340F6
:10D260008B60204601F0DCFB636A00221A603B1EE3
:10D27000B9BF23F0004303930023C8F80030DDF862
:10D280000C90B74BBCBF0122C8F8002033EA090359
:10D290001BD10F9A42F20F731360C9F31303334388
:10D2A00000F07585219B63B9AE4B25E0AE4B009332
:10D2B0000833219A1360009815B0BDEC028BBDE8CD
:10D2C000F08FA84B00930333F3E79DED027B002220
:10D2D00051EC170B00238DED0A7BFDF703FC804614
:10D2E00060B10F9A01231360219B002B00F04C8545
:10D2F0009E4B219A1360013B0093DCE79DED0A0BE6
:10D3000012AA13A9204601F0CFFEC9F30A5582469E
:10D31000002D7ED00B9BCDF84080C3F31303DDE9D5
:10D320000A6743F07F5747F44017A5F2FF35904B4B
:10D33000002230463946FCF7B5FF83A3D3E900232A
:10D34000FDF768F982A3D3E90023FCF7ADFF064699
:10D3500028460F46FDF7F4F87FA3D3E90023FDF735
:10D3600059F902460B4630463946FCF79DFF064602
:10D370000F46FDF7FFFB0022814600233046394669
:10D38000FDF7BAFB48B14846FDF7DAF832463B46AE
:10D39000FDF7A8FB08B909F1FF39B9F1160F56D806
:10D3A000744B03EBC903D3E90023DDE90A01FDF760
:10D3B000A3FB00284DD009F1FF3900230E93129BE7
:10D3C0005D1B6B1E049343BF0023C5F1010804934A
:10D3D0004FF00008B9F1000F3DDB049BCDF834900D
:10D3E0004B44049300230693059B092B00F29A807B
:10D3F000052BC4BF043B0593059BA3F10203CCBFDF
:10D4000000250125032B00F29980DFE803F02C7D35
:10D410007B89DDE912531D4405F23243202BC1BF45
:10D42000C3F1400305F2124009FA03F326FA00F0B3
:10D43000DABFC3F1200306FA03F01843FDF770F8D2
:10D4400001230646A1F1F877013D10936FE7012310
:10D45000B4E70E90B3E7C9F1000306930023A8EBED
:10D4600009080D93C0E700230893099B002B00F3E4
:10D4700085804FF0010BCDF804B05B46CDF824B0A9
:10D48000666A00227260042202F1140098427168F8
:10D490007AD9204601F090FA636A30601B680093E5
:10D4A000019B0E2B00F2F580002D00F0F280B9F107
:10D4B000000F7DDD2F4A09F00F0302EBC30393ED4C
:10D4C000007B19F4807F4FEA2917B0EE478AF0EE0F
:10D4D000678A5DD0284BDDE90A01D3E90823FDF70F
:10D4E000C3F9CDE9020107F00F070325224E002FF3
:10D4F00050D1DDE9020153EC182BFDF7B5F9CDE968
:10D5000002016FE00123AFE700230893099B09EBB9
:10D51000030B0BF10103012B0193B8BF0123AFE70C
:10D520000123F2E701250023059308954FF0FF3B07
:10D530000022CDF804B012230992A1E70123089339
:10D54000F4E700BFAFF3008061436F63A787D23F6A
:10D55000B3C8608B288AC63FFB799F501344D33FE2
:10D560000000F07F526A0600496A0600D268060091
:10D570000000F83FF86A0600D06A0600DDF824B023
:10D58000CDF804B05B467BE70131716052007BE768
:10D590000225ABE7F90708D551EC180BD6E90023B3
:10D5A000FDF738F841EC180B01357F1008369EE77F
:10D5B00000F0AB80C9F10006AA4BAB4F06F00F029A
:10D5C00003EBC203D3E90023DDE90A01FDF722F8EA
:10D5D000CDE90201361100230225002E40F08A8099
:10D5E000002B8CD10E9B002B00F09180DDE90267AF
:10D5F0009E4B002230463946FDF77EFA002800F0A7
:10D600008680019B002B00F08280BBF1000F3CDD87
:10D6100009F1FF3307930022954B30463946FCF75A
:10D62000F9FFCDE902010135CDF830B0DDE902673F
:10D630002846FCF785FF32463B46FCF7EBFF8D4B57
:10D640000022FCF731FEA1F15073CDE902010393F2
:10D650000C9B002B60D1884B002230463946FCF7EA
:10D6600021FEDDE9022306460F46FDF763FA002896
:10D6700040F09982DDE90221304601F1004339464C
:10D68000FDF73AFA002840F08B82DDE90A23CDE964
:10D690000223139B002BC0F25B81B9F10E0F00F344
:10D6A0005781704B03EBC90393ED007B099BB0EEF0
:10D6B000478AF0EE678A002B80F2E280019B002B04
:10D6C00000F3DE8040F06C826B4B51EC170B0022B4
:10D6D000FCF7A0FFDDE90223FDF722FA019E3746A1
:10D6E000002840F04282009D312305F8013B09F1FA
:10D6F00001093EE2F20705D5D7E90023FCF78AFFCE
:10D70000013501237610083767E702256AE7019B98
:10D71000CDF81C900C9389E700990C980C9A514B0A
:10D720009DED027B014402910899B0EE478AF0EE2C
:10D73000678A03EBC20353E90223002945D04F490E
:10D740000020FDF791F853EC182BFCF7ABFD009D82
:10D7500041EC180B39463046FDF70CFA0C90FCF7FB
:10D76000EFFE02460B4630463946FCF79BFD0C9B0C
:10D77000303305F8013B53EC182B06460F46FDF7F6
:10D78000BBF9002865D132463B4638490020FCF7FA
:10D7900089FD53EC182BFDF7AFF9002840F0B88055
:10D7A000029B9D423FF471AF314B51EC180B0022AC
:10D7B000FCF730FF2E4B41EC180B00223046394667
:10D7C000FCF728FF06460F46C4E751EC170BFCF7A1
:10D7D00021FF029B009D0C9341EC180B394630460B
:10D7E000FDF7C8F91190FCF7ABFE02460B46304638
:10D7F0003946FCF757FD119B303305F8013B029B7E
:10D800009D4206460F464FF0000225D11B4B51ECBE
:10D81000180BFCF749FD02460B4630463946FDF72A
:10D8200089F9002874D153EC182B14490020FCF717
:10D8300039FD02460B4630463946FDF75DF90028B2
:10D840003FF423AF0C9D6B1E0C9315F8013C302B5D
:10D85000F8D0DDF81C9049E0054BFCF7DBFE0646EE
:10D860000F46BBE7F86A0600D06A06000000F03FEA
:10D870000000244000001C40000014400000E03F75
:10D88000DDE90267009D53EC182B30463946FCF762
:10D89000EBFFFDF76FF98046FCF752FE53EC182BB7
:10D8A000FCF7B8FE02460B463046394608F1300612
:10D8B000FCF7F8FC05F8016B009E019FAE1BB74218
:10D8C00002460B4637D1FCF7EFFC53EC182B06460B
:10D8D0000F46FDF72FF9C8B953EC182B30463946DF
:10D8E000FDF700F910B118F0010F0FD12046514695
:10D8F00001F096F800232B700F9B09F101001860CE
:10D90000219B002B3FF4D7AC1D60D4E4CDF81C90D4
:10D910002B461D4613F8012D392A08D1009A9A4248
:10D92000F7D1079A00990132079230220A701A78CB
:10D9300001321A708DE79E4B0022FCF76BFE00222D
:10D94000002306460F46FDF7CDF800289BD0CDE713
:10D95000089A002A00F0C680059A012A00F3AA80DE
:10D96000109A002A00F0A28003F23343069E454637
:10D97000049A01211A4420469844049201F033F994
:10D980000746002D0BDD049B002B08DDAB42049AFB
:10D99000A8BF2B46A8EB0308ED1AD31A0493069BE5
:10D9A000FBB1089B002B00F0A180002E11DD394651
:10D9B0003246204601F0BCF9524601460746204651
:10D9C00001F01AF951460790204601F029F8079B0B
:10D9D0009A46069B9A1B04D05146204601F0A8F9AE
:10D9E00082460121204601F0FEF80D9B002B0646E1
:10D9F0007EDD1A460146204601F09AF9059B012B6F
:10DA0000064678DD00230693336906EB8303186925
:10DA100001F099F8C0F12000049B184410F01F0099
:10DA200000F08880C0F12003042B40F38180C0F116
:10DA30001C00049B0344804405440493B8F1000F88
:10DA400005DD51464246204601F0C0F98246049B5E
:10DA5000002B05DD31461A46204601F0B7F906468F
:10DA60000E9B002B68D03146504601F00EFA00287C
:10DA700062DA002351460A22204600F0E8FF089BA4
:10DA800009F1FF398246002B00F0888139460023D6
:10DA90000A22204600F0DBFFBBF1000F074600F32F
:10DAA0008F80059B022B40F38B804DE0129BC3F1CE
:10DAB00036035BE7019B5E1E069BB342BFBF069B1E
:10DAC0000696F21A0D9BB6BF9B189E1B0D93019BE9
:10DAD000B8BF0026002BB5BFA8EB0305019B0023B0
:10DAE000454645E7069E089F45464AE7069A73E77E
:10DAF000059B012B18DC029BB3B9039BC3F31303F3
:10DB0000A3B9039B23F000431B0D1B052BB1049B02
:10DB10000133049308F10108012306930D9B002BA8
:10DB20007FF472AF012077E70023F6E7029BF4E76A
:10DB300084D018461C307CE7019B002B3ADC059B07
:10DB4000022B37DDDDF804B0BBF1000F0DD13146FB
:10DB50005B460522204600F07AFF01460646504605
:10DB600001F093F900283FF7BEAD099B009D6FEAD5
:10DB700003094FF000083146204600F051FF002F06
:10DB80003FF4B4AEB8F1000F05D0B84503D041461C
:10DB9000204600F045FF3946204600F041FFA5E64B
:10DBA00000263746E1E70C9EDDF81C9037469AE5E3
:10DBB00000002440089BDDF804B0002B00F0F58045
:10DBC000002D05DD39462A46204601F0FFF80746BC
:10DBD000069B002B55D07968204600F0EDFE3A698F
:10DBE00002320546920007F10C010C30FDF796FA5F
:10DBF00001222946204601F0E9F8009B01330193F8
:10DC0000009B5B440793029B03F00103B846069315
:10DC10000746019B3146504603F1FF3BFFF773FA7D
:10DC200003463033029041465046089301F02DF9E7
:10DC30003A4604903146204601F043F9C268089BF9
:10DC4000054602BB0146504601F01FF9089B0246FB
:10DC500029462046CDE9083200F0E2FE059B099AEC
:10DC6000019D43EA0201069B0B43089B0DD1392B12
:10DC700027D0049A002A01DD029B31338BF8003053
:10DC800079E73846B9E70122E2E70499002904DB85
:10DC9000059801430698014320D1002AEEDD514644
:10DCA00001222046019301F091F83146824601F0AD
:10DCB000ECF80028019B02DCE0D1DA07DED5392B35
:10DCC000DAD139238BF800302B461D46013B15F87D
:10DCD000012C392A50D001321A704CE7002A03DD9A
:10DCE000392BEED00133C9E7019A079902F8013CBC
:10DCF0008A422AD0514600230A22204600F0A7FE7D
:10DD0000B84582464FF000034FF00A0241462046D4
:10DD100007D100F09CFE80460746019B013301932A
:10DD200077E700F094FE3946804600230A22204619
:10DD300000F08DFE0746F0E7BBF1000F009ACCBF64
:10DD40005D46012515444FF000085146012220464A
:10DD5000019301F03BF83146824601F096F8002825
:10DD6000B2DC02D1019BDB07AED42B461D4613F873
:10DD7000012D302AFAD0FEE6009A9A42A5D131232D
:10DD800009F101091370F6E6124BFFF7B5BA219BB2
:10DD9000002B7FF48BAA104BFFF7AEBABBF1000F3C
:10DDA00003DC059B022B3FF7CFAE009D314650466A
:10DDB000FFF7A9F900F1300305F8013B009AAA1A10
:10DDC0009345B9DD514600230A22204600F03FFE6C
:10DDD0008246EBE7D1680600496A06008A892DE988
:10DDE000F041054610070C4658D44B68002B05DC63
:10DDF0000B6C002B02DC0020BDE8F081E66A002EEF
:10DE0000F9D0002312F480522F682B6032D0606D5D
:10DE1000A3895A0705D56368C01A636B0BB1236CDD
:10DE2000C01A00230246E66A216A2846B047431C0E
:10DE3000A38906D129681D292CD82A4ACA40D607A9
:10DE400028D500226260D9042269226004D5421CD0
:10DE500001D12B6803B96065616B2F600029CAD0BE
:10DE600004F14403994202D02846FDF797F90020B7
:10DE70006063C1E7216A01232846B047411CC7D12E
:10DE80002B68002BC4D01D2B01D0162B01D12F6085
:10DE9000B1E7A38943F04003A381ADE70F69002FE9
:10DEA000A9D093070E6808BF4B690F6018BF002305
:10DEB000A6EB07088B60B8F1000F9CDD216AA66A0B
:10DEC00043463A462846B047002806DCA38943F07B
:10DED0004003A3814FF0FF308EE70744A8EB000812
:10DEE000E9E700BF0100402038B50B6905460C4644
:10DEF00013B90025284638BD18B183690BB900F065
:10DF000087F8144B9C421BD16C68B4F90C30002B81
:10DF1000EFD0626ED00704D4990502D4A06D00F052
:10DF200076FC28462146FFF759FF636EDA0705465F
:10DF3000E0D4A3899B05DDD4A06D00F069FCD9E78E
:10DF4000054B9C4201D1AC68DFE7044B9C4208BF03
:10DF5000EC68DAE7786A0600986A0600586A0600F4
:10DF6000002310B50446C0E90033C0E904338360E0
:10DF700081814366C2818361194608225C30FDF7C6
:10DF8000F5F8054B6362054BA362054BE362054B55
:10DF90002462236310BD00BFD1F50500F3F5050031
:10DFA0002BF605004FF60500014900F0AFB800BFA1
:10DFB000E9DE050070B54A1E682555430E4605F199
:10DFC0007401FDF73BF9044640B10021C0E9001699
:10DFD0000C30A06005F16802FDF7C8F8204670BD5E
:10DFE000014800F014BC00BFE7000120014800F028
:10DFF0000FBC00BFE7000120014800F008BC00BFD3
:10E00000E4000120014800F003BC00BFE40001204F
:10E0100010B50446FFF7F0FFA3691BB1BDE810403F
:10E02000FFF7F0BFC4E912332365134B134A1B6893
:10E03000A262A34204BF0123A361204600F020F89E
:10E040006060204600F01CF8A060204600F018F840
:10E050000022E06004216068FFF782FFA0680122CF
:10E060000921FFF77DFFE06802221221FFF778FF08
:10E070000123A361D2E700BFAC680600A9DF050059
:10E08000F8B50746FFF7ACFF1E4B1E68B36913B91E
:10E090003046FFF7BDFF4836D6E90134013B03D5D2
:10E0A00033680BB33668F7E7B4F90C50D5B9164BA3
:10E0B000E36004F15800656600F0A8FBFFF796FFE7
:10E0C000C4E90155C4E904552560A5610822294623
:10E0D00004F15C00FDF74AF8C4E90D55C4E9125596
:10E0E0002046F8BD6834D9E704213846FFF762FFBF
:10E0F000044630600028D5D1FFF778FF0C233B6041
:10E10000EEE700BFAC6806000100FFFF2DE9F84311
:10E110000646884600F148040027D4E90195B9F184
:10E12000010905D52468002CF7D13846BDE8F883ED
:10E13000AB89012B07D9B5F90E30013303D029463D
:10E140003046C04707436835E9E70369B3EB611F11
:10E150002DE9F0434FEA611200F1140445DD11F09E
:10E160001F0104EB830604EB82050CD100F11007BC
:10E170002946B14234D39B1A9B00EA1E964238BF0F
:10E180000023234415E054F82270C1F12008CF4049
:10E1900005F1040EA1467645F44615D89B1A9A005F
:10E1A000043A0135AE4238BF0022A318A75007B188
:10E1B00004331A1BA3424FEAA20208BF00230261E4
:10E1C00008BF4361BDE8F083DCF800C00CFA08FC2E
:10E1D0004CEA070749F8047B5EF8047BCF40DAE796
:10E1E00051F804CB47F804CFC3E72346E1E7A0F199
:10E1F0003003092B02D82038C0B27047A0F1610368
:10E20000052B01D84738F7E7A0F14103052B01D8CA
:10E210002738F1E7002070472DE9F04F2DED028BF4
:10E2200089B008EE100A0493BC4B1B680193184692
:10E230008B469046FDF7FFFE019BDBF80020034470
:10E24000824613F8013C0593931CC2F1FF2202F5AC
:10E250007F02FE32D1181F4613F8010B00913028BF
:10E26000F8D0FFF7C4FF044600283AD1019952467E
:10E270003846FDF7FBFE0546002868D117F80A006E
:10E2800007EB0A06FFF7B3FF002862D03346187881
:10E2900030281F4603F10103F9D0FFF7A8FF01233F
:10E2A000B0FA80F46409354600933A4616460132C6
:10E2B0003078FFF79CFF0028F8D10199524630468C
:10E2C000FDF7D4FE80B94DB906EB0A052A4616467D
:10E2D00001323078FFF78BFF0028F8D1AD1BAD007D
:10E2E00004E000242546E0E7002DF7D1337803F061
:10E2F000DF03502B3BD173782B2B2CD02D2B2ED022
:10E30000711C4FF000090878FFF771FF431EDBB264
:10E31000182B2CD8A0F1100211F8010FFFF767FF9E
:10E32000431EDBB2182B1DD9B9F1000F00D05242A9
:10E330001544CBF80010E4B1009B002B14BF00275C
:10E340000627384609B0BDEC028BBDE8F08F3E468B
:10E3500025460124CAE74FF00009B11CD3E74FF06E
:10E360000109FAE70A2303FB0202103AD4E7314617
:10E37000DFE7F31B013B2146072B52DC18EE100AA6
:10E3800000F01AFB4FF0000B00F11409CAF1010371
:10E390000446CDF80890CDF800B00693B74243D3B9
:10E3A0000298009B40F8043BA0EB09008010460156
:10E3B0002061184600F0C7FB301AD8F80060B04260
:10E3C00066DD871B3946204600F014FF8246A8B15F
:10E3D0007B1E591103F01F0259F821104FF0010A5A
:10E3E0000AFA02F20A4209D0534505DDB91E204659
:10E3F00000F000FF002848D14FF0020A39462046BD
:10E40000FFF7A3FE3D44D8F80830AB424FDA18EED0
:10E41000100A214600F004FB149A00231360A3277E
:10E420008FE701315B10A7E7731E059A039316F877
:10E43000013C934219D0BBF1200F07D1029B009AF7
:10E4400043F8042B0293002300939B4616F8010C1B
:10E45000FFF7CDFE009B00F00F0000FA0BF0034326
:10E4600000930BF1040B039B0DE0039B069A1344EE
:10E47000BB42E0D31846019907935246FDF7F6FDDB
:10E48000079B0028D7D11E4688E74FF0030AB5E75F
:10E490000ADA371A214618EE100A3A4600F096FCBE
:10E4A000ED1B044600F114094FF0000AABE7D8F861
:10E4B0000400A8426DDD451BAE4231DCD8F80C30BB
:10E4C000022B23D0032B25D0012B15D1AE4213D123
:10E4D000012E0BD1049AD8F8043013600123236174
:10E4E000C9F80030149B62271C602AE7711E204681
:10E4F00000F080FE0028EDD118EE100A214600F051
:10E500008FFA149A0023136050271AE7159B002BEB
:10E51000F2D1DFE7159B002BDCD1EDE7BC6A0600EA
:10E520006F1EBAF1000F31D127B13946204600F0F5
:10E5300061FE82467B11012159F8233007F01F0745
:10E5400001FA07F71F422946204618BF4AF0020A7F
:10E55000761BFFF7FAFDD8F804500227BAF1000F36
:10E5600048D0D8F80C30022B15D0032B17D0012B34
:10E5700009D11AF0020F06D0D9F800004AEA000AC1
:10E580001AF0010F0ED147F0100733E04FF0010AE7
:10E59000D0E70127E2E7159BC3F101031593159B13
:10E5A000002BF0D0D4F8109004F114034FEA890B3B
:10E5B00003EB89014FF0000C184653F8042BB2F11D
:10E5C000FF3F1CD001320260022F04F114033AD144
:10E5D000D8F80020013AB2420AD17111012253F851
:10E5E000213006F01F0602FA06F61E4218BF174633
:10E5F00047F02007149B1C60049B1D60A1E6994214
:10E6000043F804CCD8D8A368994514DB616818EEA8
:10E61000100A013100F0D0F92269023204F10C0134
:10E62000824692000C30FCF779FD214618EE100A64
:10E6300000F0F6F9544623695A1C04EB8303226167
:10E6400001225A61C0E722694A450BDD01212046BB
:10E65000FFF77BFDD8F808300135AB42FFF6D7AEA7
:10E660000127C5E716F01F06FAD09B44C6F1200625
:10E670005BF8040C00F067FAB042E7DBF0E700BF9C
:10E68000C2F10802920070B5C2F120064368046826
:10E6900003FA06F52C43D340046040F8043F884257
:10E6A000F4D370BD30B50368013311F8014B14B9D0
:10E6B0000360012030BD13F8012BA2F14105192D93
:10E6C00098BF2032A242F0D00020F3E72DE9F04FAE
:10E6D0000B6801685E1102EB860613F01F0387B01A
:10E6E00018BF04360025371F82469046019346F82E
:10E6F000045CB9463C460295AB464A784B1C0393F2
:10E7000042B3104605910492FFF771FD00284FD1E6
:10E71000049A0599202A18D8029B9B4513DD4C4585
:10E7200006D2072D04DC2A4649462046FFF7A8FFFB
:10E73000444550D90023A4F1040944F8043CCDF821
:10E7400008B04C461D460399D7E7292A56D1023115
:10E75000CAF80010BBF1000F50D04C4506D2072D6F
:10E7600004DC2A4649462046FFF78AFF444534D94F
:10E77000A8F10402234653F8041B42F8041F9F42E9
:10E78000F9D23B1B23F0030304330134033EB442AC
:10E7900088BF04234344002243F8042B9F42FBD24A
:10E7A0003B681BB9474527D101233B60052026E084
:10E7B0000135082D0BF1010B06DD4445C3D90023BB
:10E7C00044F8043C0125043C226800F00F0040EAB4
:10E7D00002122260B7E70825B5E7019B002BDFD0C6
:10E7E0004FF0FF32C3F1200322FA03F356F8042C52
:10E7F0001A4046F8042CD3E7043FD1E7042007B0C1
:10E80000BDE8F08F00487047C46300207047704730
:10E81000704770B50E46B1F90E10002996B0144637
:10E820001D4607DA00232B60B3891A0610D44FF473
:10E8300080630EE06A4600F03DFF0028F2DB019A9B
:10E8400002F47042A2F500535A425A412A60EEE7A0
:10E8500040230020236016B070BD00008B8973B583
:10E860009D0706460C4607D504F147032360236144
:10E870000123636102B070BD01AB6A46FFF7C9FFB7
:10E88000009905463046FCF7D9FC48B9B4F90C307C
:10E890009A05EFD423F0030343F00203A381E3E7D7
:10E8A0000D4BB362A389206043F08003A381009BDA
:10E8B0006361019B20615BB1B4F90E10304600F03A
:10E8C0000BFF28B1A38923F0030343F00103A381C5
:10E8D000A0890543A581CDE7A9DF050082B001B974
:10E8E00001A942B14BB113780B601278101E18BF0A
:10E8F000012002B070471046FBE76FF00100F8E717
:10E9000001F0FF01102A2BDB10F0070F08D010F8E0
:10E91000013B013A8B422DD010F0070F42B3F6D1E4
:10E92000F0B441EA012141EA014122F007047FF0FD
:10E9300000070023F0E80256083C85EA010586EA54
:10E94000010685FA47F5A3FA87F586FA47F6A5FA90
:10E9500087F68EB9EED1F0BC01F0FF0102F007029C
:10E9600032B110F8013B013A83EA010313B1F8D147
:10E970000020704701387047002D06BF3546033828
:10E98000073815F0010F07D1013015F4807F02BF61
:10E99000013015F4C03F0130F0BC0138704700BFB2
:10E9A0000148FFF734BF00BFEB0001200148FFF72B
:10E9B0002FBF00BFEB00012070B5466A04460D462C
:10E9C0003EB91020F3F7DCFAC0E901666062066028
:10E9D000C660666AF36883B1636ADB6853F8250032
:10E9E000B8B9012101FA05F6721D92002046FCF724
:10E9F000C5FB60B1C0E901560EE02122042120468A
:10EA0000FCF7BCFB636AF060DB68002BE4D10020FC
:10EA100070BD026843F825200023C0E90333F7E7FF
:10EA200070B5466A05460C463EB91020F3F7A8FAC1
:10EA3000C0E9016668620660C6603CB16B6A6268E4
:10EA4000DB6853F82210216043F8224070BD2DE9A5
:10EA5000F0410E69074698460C4601F11400002368
:10EA60000568A9B202FB01814FEA114C2D0C02FB93
:10EA700005C589B2013301EB05419E4240F8041BF4
:10EA80004FEA1548ECDCB8F1000F1BD0A368B34285
:10EA900012DC616838460131FFF78EFF22690232CD
:10EAA00004F10C01054692000C30FCF737FB2146BF
:10EAB0003846FFF7B5FF2C4604EB86030136C3F852
:10EAC000148026612046BDE8F0812DE9F8430C460C
:10EAD00015461F4609220833064693FBF2F3002130
:10EAE00001229A4220DB3046FFF766FF089B436114
:10EAF000092D4FF00103036119DD04F10909C8462E
:10EB00002C4418F8013B0146303B0A223046FFF7FF
:10EB10009EFFA045F5D1A5F108044C442D1B6319B7
:10EB2000BB4207DBBDE8F88352000131D9E70A3464
:10EB30000925F3E714F8013B0146303B0A22304631
:10EB4000FFF785FFEBE7030C1B04D3B90004102388
:10EB500010F07F4F04BF0002083310F0704F04BF65
:10EB60000001043310F0404F04BF8000023300283E
:10EB700005DB10F0804F03F1010308BF2023184686
:10EB800070470023E4E7036813F0070201460BD047
:10EB9000DA0724D4980749BF5B089B0801200B6063
:10EBA0005CBF0B600220704798B2B0B91B0C1020FC
:10EBB00013F0FF0F04BF1B0A08301A0704BF1B091C
:10EBC00004309A0704BF9B080230DA0703D45B08BD
:10EBD00000F1010005D00B6070471046E8E7002007
:10EBE00070472020704710B50C460121FFF7E4FE66
:10EBF00001224461026110BD2DE9F04F15460A69FA
:10EC00002B699A42B8BF0B460C46BCBF2C461D462A
:10EC10002769D5F81090A368616807EB0906B3422D
:10EC2000B8BF013185B0FFF7C7FE00F1140101EB59
:10EC300086080B46002243451DD304F1140305F159
:10EC4000140203EB870702EB890302933B1B153B7E
:10EC500023F00303043304F11505AF4238BF042346
:10EC60000193029B0392934208D8002E5ADC06615E
:10EC700005B0BDE8F08F43F8042BDCE7B2F800A044
:10EC8000BAF1000F24D004F1140E89464FF0000CA5
:10EC90005EF8045BD9F800B0ABB21FFA8BFB0AFB3D
:10ECA00003B34FEA154BD9F8005063444FEA154CB3
:10ECB0000AFB0BC505EB13459BB243EA05437745B9
:10ECC00049F8043B4FEA154CE2D8019B41F803C0D8
:10ECD000039BB3F802900432B9F1000F20D00B6807
:10ECE00004F1140C8E464FF0000ABCF80050BEF838
:10ECF00002B009FB05B5AA449BB243EA0A434EF8A9
:10ED0000043B5CF8043BBEF800501B0C09FB0353AA
:10ED100003EB1A4367454FEA134AE6D8019D4B516E
:10ED200004319EE758F8043D002BA0D1013E9CE73A
:10ED30002DE9F843154612F0030206460F4607D0A8
:10ED4000214C013A002354F82220FFF780FE0746A9
:10ED5000AD1035D0746A3CB91020F3F711F9C0E951
:10ED6000014470620460C460D6F82480D8F808407A
:10ED70004CB940F271213046FFF735FF0023C8F847
:10ED80000800044603604FF00009EB070AD5394636
:10ED900022463046FFF730FF394680463046FFF7BF
:10EDA0003FFE47466D100BD0206838B922462146F9
:10EDB0003046FFF721FF2060C0F800900446E4E7EA
:10EDC0003846BDE8F88300BFC06B06002DE9F04768
:10EDD0000C464968236903EB6218A368074691460D
:10EDE0004FEA621A08F10106B3423FDB3846FFF7EB
:10EDF000E3FD0023054600F1140100F1100218465E
:10EE0000534536DB20692AEAEA7A04F1140319F043
:10EE10001F0901EB8A0103EB800C2ED0C9F1200EF3
:10EE20008A460022186800FA09F002434AF8042BC7
:10EE300053F8042B9C4522FA0EF2F3D8ACEB0403F2
:10EE4000153B23F00303043304F11500604588BF2C
:10EE50000423CA500AB108F10206013E38462E6169
:10EE60002146FFF7DDFD2846BDE8F08701315B0054
:10EE7000BAE742F8040F0133C2E7043953F8042B10
:10EE800041F8042F9C45F9D8E7E730B502690C69D1
:10EE9000121B0ED100F11403143103EB840001EBBB
:10EEA000840150F8045D51F8044DA54203D005D308
:10EEB0000122104630BD8342F3D3FAE74FF0FF3210
:10EEC000F7E72DE9F84F0C4606461146204617464F
:10EED000FFF7DBFF051E08D129463046FFF76CFD22
:10EEE0000123C0E90435BDE8F88FA4BF3B4627469F
:10EEF00030467968A6BF1C4600250125FFF75CFD5A
:10EF00003E69C560256907F1140104F1140900F197
:10EF1000140E07F1100201EB860C09EB8505F24691
:10EF2000002759F8043B52F804BF1FFA83F817FA78
:10EF30008BF71B0CA7EB0808C3EB1B4303EB284321
:10EF40001FFA88F81F144D4548EA03434AF8043B6A
:10EF5000E7D82B1B153B23F0030304331534A542DC
:10EF600038BF0423194473449E460D4665450ED3AD
:10EF70000CF10302521A22F0030203398C4538BF08
:10EF800000221A4452F8043D7BB10661ABE755F804
:10EF9000048B17FA88F4221402EB1842A4B244EA54
:10EFA00002444EF8044B1714E0E7013EEAE7000084
:10EFB00082B08DED000B019B12491940A1F15071F7
:10EFC000002905DD00220B4643EC102B02B07047F0
:10EFD0004942B1F1A07F4FEA21504FF000024FF0BB
:10EFE000000304DA4FF4002141FA00F3ECE7A0F14A
:10EFF00014011E29DABF4FF0004020FA01F101216F
:10F000000A46E1E70000F07FF8B5056900F1140752
:10F0100007EB85052E1F55F8044C2046FFF793FD9E
:10F02000C0F120030A28DFF87CC00B6014DCC0F1BB
:10F030000B0E24FA0EF1B74241EA0C0334BF55F827
:10F04000081C0021153004FA00F021FA0EF140EA04
:10F05000010243EC102BF8BDB7423ABF55F8081C2B
:10F06000A5F1080600210B3817D0C0F1200C04FAD6
:10F0700000F5BE4221FA0CF445EA04058CBF56F8AF
:10F08000044C002445F07F5301FA00F024FA0CF4FC
:10F0900043F4401340EA0402DBE744EA0C030A4667
:10F0A000D7E700BF0000F03F2DE9F7438946012173
:10F0B00057EC106B9046FFF77FFCC7F30A550446E8
:10F0C000C7F3130335BB002E019328D06846009682
:10F0D000FFF759FD009900B3019AC0F1200302FA2D
:10F0E00003F30B43C24063610192019BA361002BB8
:10F0F00014BF022201222261D5B1A5F23345054495
:10F10000C9F80050C0F13500C8F80000204603B02F
:10F11000BDE8F08343F48013D5E76161E5E701A81A
:10F12000FFF731FD019B6361012222612030E3E79B
:10F1300004EB8203A0F23240C9F800001869FFF71F
:10F1400002FDC0EB4210DFE72DE9F74F8846694624
:10F150008146FFF759FF01A9404655EC104BFFF7D8
:10F1600053FFD9F81030D8F81020A3EB020CDDE9DA
:10F1700000329B1A03EB4C1351EC100B002BD6BF43
:10F180000A462A46C3EB03338B462F46D4BF02EB15
:10F19000035B02EB0357204610EE102A5B4639460C
:10F1A000FBF762FB41EC100B03B0BDE8F08F0139B7
:10F1B00070B549111469013102F1140300EB8101AA
:10F1C00003EB8404051FA3420CD3A31A113B23F0C5
:10F1D00003031132A24288BF00231844002388424F
:10F1E00005D370BD53F8046B45F8046FEBE740F8A6
:10F1F000043BF4E700F1140200694B11984210B58A
:10F2000011DB0ADD11F01F0107D052F8234024FA68
:10F2100001F000FA01F18C420BD102EB830393421F
:10F2200003D8002010BD0346F7E753F8041D00295A
:10F23000F5D00120F6E7F8B5074614460E4621B989
:10F24000BDE8F8401146FBF7F9BF22B9FBF7A6FF6E
:10F2500025462846F8BD00F061FAA0420FD22146AB
:10F260003846FBF7EBFF05460028F2D03146224630
:10F27000FBF754FF31463846FBF790FFE9E7354688
:10F28000E7E72DE9F0478E689E4282460C4690469D
:10F290001F4638D88A8912F4906F32D025680969E0
:10F2A000A5EB0109656905EB450505EBD57501334E
:10F2B0004B446D109D4238BF1D46530531D529463C
:10F2C000FBF7BCFF064650B90C23CAF80030A389EF
:10F2D00043F04003A3814FF0FF30BDE8F087216980
:10F2E0004A46FBF71BFFA38923F4906343F0800396
:10F2F000A381266165614E44A5EB09052660A560E2
:10F300003E46BE4200D93E46324620684146FBF7A3
:10F3100013FFA36822689B1B3244A3602260002075
:10F32000DBE72A46FFF787FF06460028E1D121697F
:10F330005046FBF733FFC7E72DE9F04F98468B891E
:10F340001B069DB007460D4614460ED50B6963B9E2
:10F350004021FBF773FF2860286120B90C233B6034
:10F360004FF0FF30D1E040236B610023099320234D
:10F370008DF82930CDF80C803023DFF8A8818DF886
:10F380002A304FF0010923469A4613F8012B0AB19F
:10F39000252AF9D1BAEB040B0BD05B46224629464D
:10F3A0003846FFF76EFF013000F0AA80099A5A44F0
:10F3B00009929AF80030002B00F0A28000234FF051
:10F3C000FF32CDE905230AF1010A049307938DF872
:10F3D00053301A935446052214F8011B5148FFF785
:10F3E0008FFA049AD8B9D00644BF20238DF8533041
:10F3F000110744BF2B238DF853309AF800302A2B85
:10F4000015D0079A544600204FF00A0C214611F8F7
:10F41000013B303B092B4ED9B0B1079214E0A0EB71
:10F42000080309FA03F313430493A246D2E7039BAC
:10F43000191D1B680391002BBBBF5B4242F0020207
:10F4400007930793B8BF049223782E2B0CD16378CF
:10F450002A2B35D1039B1A1D1B680392002BB8BFC2
:10F460004FF0FF3302340593DFF8C8A02178032260
:10F470005046FFF745FA40B14023A0EB0A0003FADB
:10F4800000F0049B03430134049314F8011B264845
:10F490008DF828100622FFF733FA002838D0234BC6
:10F4A0001BBB039B073323F0070308330393099B1C
:10F4B0003344099367E70CFB02320C460120A5E7B1
:10F4C00000230134059319464FF00A0C204610F82A
:10F4D000012B303A092A03D9002BC5D00591C3E787
:10F4E0000CFB012104460123F0E703AB00932A46FD
:10F4F0000F4B04A93846FCF7F5F8421C0646D6D156
:10F50000AB895B063FF52CAF09981DB0BDE8F08FC5
:10F5100003AB00932A46064B04A93846FCF786FB4A
:10F52000EBE700BFB0680600BA680600E5B6050064
:10F5300083F20500B66806009FED010B704700BF1F
:10F54000000000000000F87F1F2938B504460D4672
:10F5500004D9162303604FF0FF3038BD426C12B15E
:10F5600052F821304BB9204600F030F82A460146C7
:10F570002046BDE8384000F017B8012B0AD0591CCE
:10F5800003D1162303600120E7E7002442F8254059
:10F59000284698470020E0E7024B01461868FFF72D
:10F5A000D3BF00BF6C62002038B5074D002304466E
:10F5B000084611462B6000F021F9431C02D12B684C
:10F5C00003B1236038BD00BFF000012000F006B990
:10F5D00010B50C46B1F90E1000F0A8F80028ABBF2A
:10F5E000636DA3891B1823F48053ACBF6365A381AB
:10F5F00010BD2DE9F0411F468B89DB0505460C4601
:10F60000164605D5B1F90E100223002200F074F859
:10F61000A389B4F90E1023F48053A38132463B46EC
:10F620002846BDE8F04100F023B810B50C46B1F90A
:10F630000E1000F061F8431CA38915BF606523F428
:10F64000805343F48053A38118BFA38110BDB1F947
:10F650000E1000F01FB849B1FF2A85BF8A2303604E
:10F660000A704FF0FF3098BF01207047084670477E
:10F6700038B5074D04460846114600222A601A464E
:10F68000F5F736F8431C02D12B6803B1236038BD6F
:10F69000F000012038B5064D0023044608462B60D3
:10F6A00000F08CF8431C02D12B6803B1236038BDF5
:10F6B000F000012038B5074D0023044608461146E6
:10F6C0002B6000F083F8431C02D12B6803B1236048
:10F6D00038BD00BFF000012038B5064D00230446B8
:10F6E00008462B6000F082F8431C02D12B6803B15E
:10F6F000236038BDF000012038B5074D04460846A8
:10F70000114600222A601A4600F080F8431C02D1FC
:10F710002B6803B1236038BDF000012051F8043C90
:10F72000181F002BBCBF0B58C018704738B5074DC9
:10F7300004460846114600222A601A4600F06EF878
:10F74000431C02D12B6803B1236038BDF0000120B7
:10F7500038B50022002304460D46FBF7CDF928B941
:10F7600020462946BDE8384000F00AB8204605F199
:10F77000004100F005F8404261EB410138BD00BF97
:10F78000D0B50C4B002206460F46FAF743FFFBF7B5
:10F7900019FA0446FAF7C4FE074B0022FAF73AFFBB
:10F7A00002460B4630463946FAF77CFDFBF70AFA6B
:10F7B0002146D0BD0000F03D0000F041024B582230
:10F7C0001A604FF0FF307047F0000120024B5822C2
:10F7D0001A604FF0FF307047F0000120024B5822B2
:10F7E0001A604FF0FF307047F0000120024B5822A2
:10F7F0001A600020704700BFF0000120024B582221
:10F800001A604FF0FF307047F0000120024B582281
:10F810001A604FF0FF307047F0000120024B582271
:10F820001A604FF0FF307047F0000120FEE700BF84
:10F83000F8B500BFF8BC08BC9E467047F8B500BFDD
:10F84000F8BC08BC9E4670475453540052415700C0
:10F85000504F4E470000000052414E474500000007
:10F860005343414E00000000424541434F4E0000CB
:10F8700050545400575000005B5357495443485D5F
:10F88000207377697463684D6F64652063616C6C85
:10F8900065642066726F6D20000000007265743D23
:10F8A0003078000020206F6C645F6D6F64653D00F0
:10F8B000206E65775F6D6F64653D0000526563651E
:10F8C00069766564206D6F6465206973206E6F745E
:10F8D0002076616C69642E00524551004E554C4CA7
:10F8E000000000005458545F4D554C54490000002E
:10F8F00050494E47000000005B5358313236325DAC
:10F9000020525353493A0909000000002064426D17
:10F91000000000005B5358313236325D20534E52A6
:10F920003A090900206442005B5358313236325D97
:10F930002053656E64696E6720616E6F74686572CE
:10F94000207061636B6574202E2E2E200000000055
:10F9500050696E67210000004E6F204750532046CB
:10F960007828252E30662900252E36662C20252E57
:10F97000366600006E6F2072616E67652070636B83
:10F9800074000000506F7765726564204F66662EC4
:10F990002E000000507265737320726573657420C9
:10F9A000627574746F6E0000746F207475726E20CF
:10F9B0006F6E2E007465737425640000524E2563CB
:10F9C0002573256400000000746573740000000056
:10F9D00053656E743A202573000000005458256367
:10F9E0007E4750252E36662C252E36667E535425AE
:10F9F0007325730054582563257300004C494E4508
:10FA00003A54587C544558543A53656E743A2025FC
:10FA1000730000004C494E453A54587C4D554C54A7
:10FA2000493A25647C25730054584D256325642F7D
:10FA300025647E4750252E36662C252E36667E534D
:10FA40005425737E0000000054584D256325642F13
:10FA500025647E0025642F2564000000484947483E
:10FA600020284F4B290000004C4F57202862757406
:10FA7000746F6E20737475636B3F29005B42544E44
:10FA80005D20426F6F7420636865636B204D4F4447
:10FA9000455F50494E3D200000000000000000007E
:10FAA000F1620200F5620200D5620200CD6202003E
:10FAB00053455249414C3A00646973636F6E6E65F9
:10FAC00063746564000000004C494E453A5345524A
:10FAD00049414C7C444154413A257300636F6E6E3A
:10FAE00065637465640000004C494E453A4E4F54BE
:10FAF00049467C444154413A252E2A7300000000B7
:10FB000043686172616374657269737469632077B5
:10FB100072697474656E2C206C656E6774683A2027
:10FB20000000000052656365697665642073747235
:10FB3000696E673A20000000416374696F6E3A2075
:10FB40000000000056616C75653A20005345544D25
:10FB50004F44450053454E44545854005345544E69
:10FB6000414D45004F4B7B4E414D453A25737D003D
:10FB70004552527B4E414D453A746F6F206C6F6E0B
:10FB8000677D00005345544255444459000000002D
:10FB90004F4B7B42554444593A25647D0000000098
:10FBA0004745544255444459000000004F4B7B42A6
:10FBB000554444593A25737D000000004F4B7B4269
:10FBC000554444593A7D00004745545343524545F6
:10FBD0004E0000004F4B7B53435245454E3A7265F1
:10FBE000667265736865647D000000004745545384
:10FBF00054415455530000004F4B7B424C453A3121
:10FC00007D7B4C4F52413A25647D0000556E6B6EF2
:10FC10006F776E20616374696F6E0000496E766164
:10FC20006C696420666F726D61742E204D69737308
:10FC3000696E6720273A272064656C696D69746571
:10FC4000722E0000505425634F000000526563651A
:10FC5000697665642062696E61727920646174619D
:10FC60003A20000025303858000000004C696C79BB
:10FC7000676F542D4563686F2D253038580000009C
:10FC8000424C4520496E697469616C697A656420EB
:10FC90007769746820646576696365206E616D6557
:10FCA0003A20000031323335000000004142434524
:10FCB00000000000434E25737C444925732C00004E
:10FCC00053454C46000000005B446973706C6179D9
:10FCD0005D207374617274696E6720652D70617048
:10FCE000657220696E69742E2E2E00005B44697364
:10FCF000706C61795D206261636B6C696768742008
:10FD00004F4E00005B446973706C61795D206361E4
:10FD10006C6C696E6720696E6974207769746820FD
:10FD200072657365745F6475726174696F6E3D337B
:10FD300030302E2E2E0000005B446973706C6179A8
:10FD40005D20696E697428292072657475726E650C
:10FD500064204F4B000000005B446973706C617954
:10FD60005D20706F73742D72657365742064656CAB
:10FD7000617920646F6E65005B446973706C6179B2
:10FD80005D20726F746174696F6E207365742C20CE
:10FD9000636C656172696E672073637265656E2E50
:10FDA0002E2E00005B446973706C61795D20636C7A
:10FDB00065617253637265656E2072657475726EEB
:10FDC0006564204F4B000000542D4563686F20523E
:10FDD00065616479210000005B446973706C61792E
:10FDE0005D20646F696E672066756C6C2072656655
:10FDF000726573682E2E2E005B446973706C617996
:10FE00005D20434F4D504C455445202D20652D70AD
:10FE1000617065722073686F756C6420626520750F
:10FE200070646174696E67206E6F77004449535047
:10FE30003A20696E697420636F6D706C657465003B
:10FE40005B446973706C61795D204572726F723AC0
:10FE50002000000000000000000000005D650300BD
:10FE60004D0D0500798702007D8702008187020021
:10FE70003D5703004157030051570300FD5903004C
:10FE80007D5A0300F95A03003D5703008D570300C4
:10FE900089570300A95703000558030001590300BF
:10FEA00079820200355C030061580300FFFFFFFF09
:10FEB000FFFFFFFFFFFFFFFFFFFFFFFFFFFFFFFF52
:10FEC000FFFFFFFFFFFFFFFFFFFFFFFFC003300C3F
:10FED0000810042002406240E181C18FC187818106
:10FEE0008241824004200810300CC00300006006EC
:10FEF000F00F1818981918189819F81F9819181849
:10FF000098191818F00F60060000000000000100AA
:10FF1000030007000E001C0038007000E080C0C124
:10FF200080E30077003E001C00080000300206005D
:10FF300038FF0500207E1200000000000B000100C9
:10FF40000000030B0B04F600050007050B02F6008A
:10FF50000A00080C0B01F6001600070E0B02F50054
:10FF60002300070B0B02F6002D00080A0B01F70017
:10FF7000370003050B04F6003900040E0B05F600EC
:10FF80004000040E0B02F600470008070B02F600C3
:10FF90004E0008090B02F800570003050B03FF0091
:10FFA000590009020B01FB005C0002020B04FF0078
:10FFB0005D00070F0B02F4006B00070C0B02F5004D
:10FFC0007600070B0B02F6008000080C0B01F50011
:10FFD0008C00080C0B02F5009800070A0B02F700D2
:10FFE000A100090B0B01F600AE00080C0B02F50096
:10FFF000BA00080B0B01F600C500070C0B02F50058
:0200000260009C
:10000000D000080C0B02F500DC0002080B04F9001C
:10001000DE00030B0B03F900E30009080B01F800F5
:10002000EC0009060B01F900F30009080B01F800C8
:10003000FC00080B0B02F6000701090F0B01F5008D
:1000400018010B0B0B00F60028010A0B0B01F60040
:100050003601090B0B01F60043010A0B0B00F600F9
:100060005101090B0B01F6005E01090B0B01F600B3
:100070006B010A0B0B01F6007901090B0B01F6006D
:100080008601060B0B03F6008F010A0B0B01F6002D
:100090009D010A0B0B01F600AB01090B0B01F600E9
:1000A000B8010B0B0B00F600C8010B0B0B00F600A0
:1000B000D8010B0B0B00F600E801090B0B01F60051
:1000C000F5010B0E0B00F6000902090B0B01F600FF
:1000D0001602090B0B01F6002302090B0B01F600B7
:1000E00030020B0B0B00F60040020B0B0B00F6006E
:1000F00050020A0B0B00F6005E020A0B0B00F60022
:100100006C020A0B0B00F6007A02080B0B02F600D9
:100110008502040E0B05F6008C02070F0B02F4009B
:100120009A02040E0B02F600A10207060B02F5006C
:10013000A7020B020B000300AA0203030B03F50046
:10014000AC0209080B01F900B5020A0B0B00F6001E
:10015000C30209080B01F900CC020A0B0B01F600DF
:10016000DA0209080B01F900E302080B0B02F600A2
:10017000EE02090C0B01F900FC02090B0B01F60061
:100180000903080B0B02F6001403060F0B02F6001E
:100190002003090B0B01F6002D03080B0B02F600E0
:1001A00038030B080B00F900430309080B01F900A1
:1001B0004C0309080B01F90055030B0C0B00F90067
:1001C00066030B0C0B00F900770309080B01F9001B
:1001D000800308080B02F9008803080B0B01F600E6
:1001E000930309080B01F9009C030B080B00F900AD
:1001F000A7030B080B00F900B20309080B01F90073
:10020000BB030A0C0B00F900CA0307080B02F90034
:10021000D103040E0B03F600D803020E0B05F60003
:10022000DC03040E0B04F600E30309040B01FA00DF
:10023000FFFFD21F80EC891224403636367F7F368E
:10024000FFFF3C3C3C0018FFFE3C1F1F83468DF027
:10025000C1830061224486673711224C703C7E6066
:1002600060307BDFCEFF7FC9243766CCCCCC6631D3
:10027000CE6633333366C81818FFFF3C3C66181847
:1002800018FFFF181818186B48FFFFC0F0020C1871
:1002900060C3060C3061830C18200038FBBE3C782C
:1002A000F1E3C7DDF1C038F360C183060C18FDF837
:1002B0003CFEC70303060C1870E3FFFF7CFE03033C
:1002C000031E1E070303FE7C1C38B164D9BFFF3E2A
:1002D0007C7E3F180FC7F31C0603C3FF9F800F3FB0
:1002E000306060DCFEE3C3637E3CFFFFC3030606B1
:1002F000060C0C0C1838FB1E3C6F9F63C78FF1C0B7
:100300003C7EE6C3C3E77F3B060EFCF0F00F6C00BB
:100310001AD2000183870E0F80E01C03FFFFC0008C
:100320000FFFFCC0780F01E0F9E3C1807CFEC7033A
:100330000E1C00000030301E1F1CDC6C767B6DB67E
:10034000DB6FF3FC0633F8783C07C0380581B03624
:100350000FE1FC71DF7FEF80FF3FE619867F1FE62C
:100360001D8360FFFFF01FBFD8F83C0603018061CA
:10037000BFC7C0FE3FE6198360D8360D8361BFEF6B
:10038000E0FFFFD86DB7C3E1B0C361FFFFE0FFFF3F
:10039000D86DB7C3E1B0C0607C3E001F9FE61B066E
:1003A000C0300C7F1FE19FE3F0F7FBD8CC6633F938
:1003B000FCC6637BFDE0FFF30C30C30C33FFC01FB2
:1003C000C7F0300C0300CC330CC73F87C0F7BDE645
:1003D00061B0781F06E198633CFF3CFC7E0C06038D
:1003E0000180C66331FFFFE0E0FE3DC73DE7BCD7BB
:1003F0009BB37660DE3FC780E1FE3DE33C66CCDD2B
:1004000099B31E63DE3BC3001F07F1C7707C0780F2
:10041000F01F0771C7F07C00FE7F986C361BF9F85F
:10042000C0607C3E001F07F1C7707C0780F01F078B
:1004300071C7F07C0C33FE7F80FC7F18CC6673F1B3
:10044000F0CC637DFE603FBFF0780F03F83F83C3BD
:10045000FFBF80FFFFF67B3D98C06030183F1F80D4
:10046000F1FE3D8330660CC198330660C7F07C0016
:10047000FBFF7DC318C3183606C0500E01C0100024
:10048000FBFEF60D936EDBB7ADEE7B8EE318F3FC4F
:10049000F738FC1E0301E0CC73BCFF3CF3FCF738DB
:1004A000CC1E0780C0300C0FC3F0FEFEC6CC18185F
:1004B0003063C3FFFFFFCCCCCCCCCCFF01030606DE
:1004C0000C0C181830306060C080FF333333333386
:1004D000FF1071E36C7040FFFFFC88807E3F8FCF80
:1004E000EE361BFEFFE0380601BC7F9C760D837163
:1004F000FFEEF03FBFF8783C0705FE7E0380E01872
:10050000F67FB8EC1B06E39FF3FC3E3FB0FFFFFE17
:1005100001FE7E1F3F307E7E30303030FEFE3FBF1A
:10052000F9D86C3739FC7603018FC7C0E070180D1D
:10053000C7F3998CC6637BFDE0181800787818180B
:100540001818FFFF18603FFC30C30C30C30FFF804A
:10055000E070180DE6F3E1E0F86E73F9E0787818D2
:10056000181818181818FFFFFD9FF99B33666CCDFB
:10057000BDFFBFEE7F98CC66331BDFEF3E3FB8F880
:100580003C1F1DFC7CEF1FF9C3B03606E1DFF3789A
:10059000600C03E07C001EEFFF87606C0DC39FF0D2
:1005A000F600C0180F81F077BFCF06030183F9FC76
:1005B0003FFFC3FC3FC3FFFC606060FEFE60606005
:1005C000617F3EE77398CC663319FE7FFBFF7CC6E4
:1005D00018C1B036038070F1FE3DBB3763F8770E6B
:1005E000E18CF7FBCD8383C3BBDFEFF3FCF618CCC4
:1005F000330781E0300C060FC3F0FFFF30C30C7FE0
:10060000FF376666CC666673FFFFFFF0CE66663323
:100610006666EC707CF3C0C0C003E007F00F300CDE
:10062000300C300CFC3FFE7FFE7FFE7FFE7FFE7FA6
:10063000FE7FFE7FFC3F0000C003F00FF81F3C3C34
:100640001C381C383C3CF81FF00FC0034000C000B1
:100650008001000100000000FFFF0180FDBFF18F5D
:10066000C1830180018001800180018001800180BF
:1006700001800180FFFF0000E003F007980F8C1F4E
:10068000CC1FFC1FF80FF80F50052002400140015D
:10069000400140014001C001FFFF0180FDBF05A0F6
:1006A000F5AF05A8F5AB05AAFDAA85AAB5AAA5AA26
:1006B000ADAAA9AAABAAFFFF000000000000FE7FC0
:1006C000FE7F03800380038003800380FE7FFE7F24
:1006D0000000000000000000000000000000FE7F9D
:1006E000FE7F0380ABAAABAAABAA0380FE7FFE7F8E
:1006F0000000000000000000000000000000FE7F7D
:10070000FE7F03800B800B800B800380FE7FFE7FCB
:100710000000000000000000000000000000FE7F5C
:10072000FE7F03802B802B802B800380FE7FFE7F4B
:100730000000000000000000000000000000FE7F3C
:10074000FE7F0380AB80AB80AB800380FE7FFE7FAB
:100750000000000000000000000000000000FE7F1C
:10076000FE7F0380AB82AB82AB820380FE7FFE7F85
:100770000000000000000000000000000000FE7FFC
:10078000FE7F0380AB8AAB8AAB8A0380FE7FFE7F4D
:1007900000000000000000008001800188118C3101
:1007A000866183C183C103C003C003C003C0066068
:1007B0000C301818E0070000252E326600000000FB
:1007C000253032643A2530326400000063686E3AA6
:1007D0002563207370663A2564000000502025646C
:1007E0002F256420282564206D736773290000007D
:1007F000463A252E32664D487A000000463A2D2DA5
:100800002D2E2D2D4D487A0050726F6772657373CF
:1008100000000000256425250000000050726F676D
:10082000726573733A202D2D2D250000546F7020B2
:100830004368616E6E656C7300000000252E3266A1
:100840002051256420252E306664426D0000000092
:100850002D2D2D002564206D73672873290000005D
:100860004E6F206D65737361676573004E6F206D09
:1008700065737361676573207965740053656E7481
:100880003A20256400000000526563763A20256412
:100890000000000063686E3A25632025646270736F
:1008A00000000000526F6C653A2053454E4445529B
:1008B00000000000526F6C653A205245434549568E
:1008C000455200004750533A20252E316600000063
:1008D000252E366600000000526E673A252E3166DE
:1008E0006D0000004D61783A252E31666D000000E4
:1008F000504C6F73733A25642F256400252E3066A3
:100900006D000000252E31666B6D00004E6F20706B
:10091000656572206C6F6300256420706565727375
:100920000000000020252E30666D000020252E31AD
:10093000666B6D00202564252500000053454E445C
:10094000494E4700524543454956494E470000002D
:100950005354414E4442592020000000534E523A15
:10096000252E3166644220525353493A252E306673
:1009700064426D004C61743A20252E3666000000FA
:100980004C6F6E3A20252E366600000042726F6171
:10099000646361737420256473000000416C743AD1
:1009A00020252E31666D000073656E64696E6700E8
:1009B00069646C6500000000726563656976656452
:1009C0000000000053746174653A20257300000034
:1009D0005254543A202564206D7300005254543A06
:1009E000202D2D2D206D7300080000000E0000004A
:1009F0000A000000100000000C00000006000000CB
:100A00000E0000000A00000010100600200A060078
:100A1000207E1200F8130600180D0600207E180034
:100A2000000000000B0001000000030B0B04F600A7
:100A3000050007050B02F6000A00080C0B01F60082
:100A40001600070E0B02F5002300070B0B02F60041
:100A50002D00080A0B01F700370003050B04F60010
:100A60003900040E0B05F6004000040E0B02F600E0
:100A7000470008070B02F6004E0008090B02F800B9
:100A8000570003050B03FF00590009020B01FB008F
:100A90005C0002020B04FF005D00070F0B02F40074
:100AA0006B00070C0B02F5007600070B0B02F6003B
:100AB0008000080C0B01F5008C00080C0B02F500FF
:100AC0009800070A0B02F700A100090B0B01F600C2
:100AD000AE00080C0B02F500BA00080B0B01F60083
:100AE000C500070C0B02F500D000080C0B02F50046
:100AF000DC0002080B04F900DE00030B0B03F90015
:100B0000E30009080B01F800EC0009060B01F900ED
:100B1000F30009080B01F800FC00080B0B02F600BB
:100B20000701090F0B01F50018010B0B0B00F60074
:100B300028010A0B0B01F6003601090B0B01F60028
:100B400043010A0B0B00F6005101090B0B01F600E3
:100B50005E01090B0B01F6006B010A0B0B01F6009D
:100B60007901090B0B01F6008601060B0B03F60059
:100B70008F010A0B0B01F6009D010A0B0B01F60019
:100B8000AB01090B0B01F600B8010B0B0B00F600D3
:100B9000C8010B0B0B00F600D8010B0B0B00F60085
:100BA000E801090B0B01F600F5010B0E0B00F60036
:100BB0000902090B0B01F6001602090B0B01F600E6
:100BC0002302090B0B01F60030020B0B0B00F600A1
:100BD00040020B0B0B00F60050020A0B0B00F60054
:100BE0005E020A0B0B00F6006C020A0B0B00F6000B
:100BF0007A02080B0B02F6008502040E0B05F600C4
:100C00008C02070F0B02F4009A02040E0B02F6008E
:100C1000A10207060B02F500A7020B020B0003005E
:100C2000AA0203030B03F500AC0209080B01F9004B
:100C3000B5020A0B0B00F600C30209080B01F9000C
:100C4000CC020A0B0B01F600DA0209080B01F900CD
:100C5000E302080B0B02F600EE02090C0B01F9008F
:100C6000FC02090B0B01F6000903080B0B02F6004E
:100C70001403060F0B02F6002003090B0B01F6000C
:100C80002D03080B0B02F60038030B080B00F900CC
:100C9000430309080B01F9004C0309080B01F90093
:100CA00055030B0C0B00F90066030B0C0B00F9004D
:100CB000770309080B01F900800308080B02F9000B
:100CC0008803080B0B01F600930309080B01F900D8
:100CD0009C030B080B00F900A7030B080B00F9009D
:100CE000B20309080B01F900BB030A0C0B00F90061
:100CF000CA0307080B02F900D103040E0B03F60028
:100D0000D803020E0B05F600DC03040E0B04F600FC
:100D1000E30309040B01FA00000000000E000100CB
:100D20000000040F0E05F200080008070E03F30090
:100D30000F000B120E02F10028000A140E02F00040
:100D400041000A0F0E02F20054000A0D0E02F400D8
:100D5000650003070E05F300680005130E06F20098
:100D6000740005130E03F20080000A0A0E02F2005E
:100D70008D000C0D0E01F400A10005070E04FE000D
:100D8000A6000C020E01F900A90003030E05FE00E7
:100D9000AB000A140E02F000C4000A0F0E02F200AB
:100DA000D7000A0F0E02F200EA000A0F0E02F2004C
:100DB000FD000B0F0E01F2001201090E0E02F300EE
:100DC00022010A0F0E02F20035010A0F0E02F20094
:100DD00048010A0F0E02F2005B010A0F0E02F20038
:100DE0006E010A0F0E03F2008101030B0E05F600DF
:100DF0008601040F0E04F6008E010C0B0E01F500A7
:100E00009F010C070E01F700AA010C0B0E01F50063
:100E1000BB01090E0E03F300CB010B130E02F2000F
:100E2000E6010F0E0EFFF30001020D0E0E00F3009F
:100E300018020C0E0E01F3002D020C0E0E01F30031
:100E400042020D0E0E00F30059020D0E0E00F300CB
:100E500070020D0E0E01F30087020E0E0E00F3005D
:100E6000A0020A0E0E02F300B2020D0E0E01F300F4
:100E7000C9020E0E0E00F300E2020C0E0E01F3008A
:100E8000F7020E0E0E00F30010030D0E0E00F3001D
:100E900027030C0E0E01F3003C030C0E0E00F300B2
:100EA00051030C110E01F3006B030E0E0E00F30044
:100EB00084030A0E0E02F30096030C0E0E01F300DB
:100EC000AB030C0E0E01F300C003100E0EFFF30077
:100ED000DC030E0E0E00F300F5030E0E0E00F30001
:100EE0000E040C0E0E01F30023040A0E0E02F30092
:100EF000350405130E06F20041040A140E02F00038
:100F00005A0405130E03F20066040A080E02F100EB
:100F100070040E020E000400740404040E04F100B8
:100F200076040C0B0E01F60087040D0F0E00F20084
:100F3000A0040C0B0E01F600B1040D0F0E01F2001F
:100F4000CA040C0B0E01F600DB040B0F0E02F200BC
:100F5000F0040D100E01F6000A050E0F0E00F2004F
:100F600025050B0E0E01F300390508130F03F300DE
:100F70004C050D0F0E01F20065050B0F0E01F2007E
:100F80007A050F0B0E00F6008F050E0B0E00F60013
:100F9000A3050C0B0E01F600B4050E100E00F600B2
:100FA000D0050E100E00F600EC050C0B0E01F6003D
:100FB000FD050A0B0E02F6000B060B0E0E01F300E8
:100FC0001F060D0B0E00F60031060E0B0E00F6008C
:100FD00045060E0B0E00F60059060E0B0E00F6002D
:100FE0006D060C100E01F60085060B0B0E01F600C7
:100FF000950607130E03F200A60602130E06F20072
:10100000AB0607130E04F200BC060C040E01F90037
:10101000FFFFD21F80EC891224403636367F7F36A0
:10102000FFFF3C3C3C0018FFFE3C1F1F83468DF039
:10103000C1830061224486673711224C703C7E6078
:1010400060307BDFCEFF7FC9243766CCCCCC6631E5
:10105000CE6633333366C81818FFFF3C3C66181859
:1010600018FFFF181818186B48FFFFC0F0020C1883
:1010700060C3060C3061830C18200038FBBE3C783E
:10108000F1E3C7DDF1C038F360C183060C18FDF849
:101090003CFEC70303060C1870E3FFFF7CFE03034E
:1010A000031E1E070303FE7C1C38B164D9BFFF3E3C
:1010B0007C7E3F180FC7F31C0603C3FF9F800F3FC2
:1010C000306060DCFEE3C3637E3CFFFFC3030606C3
:1010D000060C0C0C1838FB1E3C6F9F63C78FF1C0C9
:1010E0003C7EE6C3C3E77F3B060EFCF0F00F6C00CE
:1010F0001AD2000183870E0F80E01C03FFFFC0009F
:101100000FFFFCC0780F01E0F9E3C1807CFEC7034C
:101110000E1C00000030301E1F1CDC6C767B6DB690
:10112000DB6FF3FC0633F8783C07C0380581B03636
:101130000FE1FC71DF7FEF80FF3FE619867F1FE63E
:101140001D8360FFFFF01FBFD8F83C0603018061DC
:10115000BFC7C0FE3FE6198360D8360D8361BFEF7D
:10116000E0FFFFD86DB7C3E1B0C361FFFFE0FFFF51
:10117000D86DB7C3E1B0C0607C3E001F9FE61B0680
:10118000C0300C7F1FE19FE3F0F7FBD8CC6633F94A
:10119000FCC6637BFDE0FFF30C30C30C33FFC01FC4
:1011A000C7F0300C0300CC330CC73F87C0F7BDE657
:1011B00061B0781F06E198633CFF3CFC7E0C06039F
:1011C0000180C66331FFFFE0E0FE3DC73DE7BCD7CD
:1011D0009BB37660DE3FC780E1FE3DE33C66CCDD3D
:1011E00099B31E63DE3BC3001F07F1C7707C078005
:1011F000F01F0771C7F07C00FE7F986C361BF9F872
:10120000C0607C3E001F07F1C7707C0780F01F079D
:1012100071C7F07C0C33FE7F80FC7F18CC6673F1C5
:10122000F0CC637DFE603FBFF0780F03F83F83C3CF
:10123000FFBF80FFFFF67B3D98C06030183F1F80E6
:10124000F1FE3D8330660CC198330660C7F07C0028
:10125000FBFF7DC318C3183606C0500E01C0100036
:10126000FBFEF60D936EDBB7ADEE7B8EE318F3FC61
:10127000F738FC1E0301E0CC73BCFF3CF3FCF738ED
:10128000CC1E0780C0300C0FC3F0FEFEC6CC181871
:101290003063C3FFFFFFCCCCCCCCCCFF01030606F0
:1012A0000C0C181830306060C080FF333333333398
:1012B000FF1071E36C7040FFFFFC88807E3F8FCF92
:1012C000EE361BFEFFE0380601BC7F9C760D837175
:1012D000FFEEF03FBFF8783C0705FE7E0380E01884
:1012E000F67FB8EC1B06E39FF3FC3E3FB0FFFFFE2A
:1012F00001FE7E1F3F307E7E30303030FEFE3FBF2D
:10130000F9D86C3739FC7603018FC7C0E070180D2F
:10131000C7F3998CC6637BFDE0181800787818181D
:101320001818FFFF18603FFC30C30C30C30FFF805C
:10133000E070180DE6F3E1E0F86E73F9E0787818E4
:10134000181818181818FFFFFD9FF99B33666CCD0D
:10135000BDFFBFEE7F98CC66331BDFEF3E3FB8F892
:101360003C1F1DFC7CEF1FF9C3B03606E1DFF378AC
:10137000600C03E07C001EEFFF87606C0DC39FF0E4
:10138000F600C0180F81F077BFCF06030183F9FC88
:101390003FFFC3FC3FC3FFFC606060FEFE60606017
:1013A000617F3EE77398CC663319FE7FFBFF7CC6F6
:1013B00018C1B036038070F1FE3DBB3763F8770E7D
:1013C000E18CF7FBCD8383C3BBDFEFF3FCF618CCD6
:1013D000330781E0300C060FC3F0FFFF30C30C7FF2
:1013E000FF376666CC666673FFFFFFF0CE66663336
:1013F0006666EC707CF3C0C0FFFFFFF666606F604E
:10140000E7E76242424242118730C618C331FFFF0C
:10141000F998330660CC7FEFFC660CC398630440F8
:101420000C0300C0FE7F9C660980780FE07F03E01C
:10143000F87FFBFC0C0300C030381F0C4210C41FA7
:10144000039C3C7F33E08C2108C3E0703E1FC661E3
:1014500080700C0783EEDFB3CC73FE7F80FD249099
:1014600039DCE67318C6318C318E31C4E71CE31CBD
:101470006318C63198CE67100C0300C3B7FFDFE1D5
:10148000E0FC330CC0060060060060060FFFFFF0B2
:101490006006006006006006003B9CCE6200FFFF15
:1014A000FFFF800040301C070380E0301C060380F3
:1014B000C070180E0301C060380E01001E0FC61B5D
:1014C00087C0F03C0F03C0F03C0F87618FC1E01C68
:1014D0000F0FC3B00C0300C0300C0300C0300C3F32
:1014E000FFFC1F1FEE1F83C0C070381E0F0783C193
:1014F000E3F0FFFFFC3F0FF18700600C0383E07C0B
:1015000001C00C01803C0FFF9FC0070783C3E1B1FE
:10151000D8CCC6E37FFFE061F8FC7F9FE6018060E6
:101520001F87F98600C0300C03C1BFE7E007C7F38F
:10153000C1C060380EF3FEF1F83E0F8371CFE1F0C9
:10154000FFFFFC1F07018060380C0301C060180E0C
:101550000300C01E1FEE1F03C0F03619FE7FB87CCB
:101560000F03E1DFE3F03E1FCE3B07C1F07E3DFFFE
:101570003DC070180E0F3F8F80FF8000FF80777096
:101580000000766CC88000300F03E0F83E0F803E0C
:1015900000F803E00F0020FFFFFF000000000FFF36
:1015A000FFF0600F803E00F803E01F07C1F07C0FE2
:1015B0000040007C7FB0F830181C3C3C1808000745
:1015C0000381C01E07F1C7306C0D87B3F6E6D8DB88
:1015D0001B7367FC7F8030030071C7F87C003F807D
:1015E0007F801F007600EE018C07180E381FF07FF9
:1015F000F0C06180CFC7FF8FC0FFC7FF0C1C6063C6
:10160000031838FF87FE303980CC06607FFF7FF0FB
:101610000FF3FF707603C03C00C00C00C00C0060EC
:1016200037073FF0FCFF0FFC60E6066036036036CC
:101630000360360360760EFFCFF8FFF7FF8C0C6077
:10164000631B18C0FE07F031818CCC06603FFFFFA2
:10165000FCFFFFFFCC0660331998C0FE07F0318114
:101660008C0C00600FF07F800FF1FF9C1CC06C039E
:10167000600300187FC3FE01B80CE0E3FF07E07CC5
:10168000F9F3E3030C0C3030C0C3FF0FFC3030C063
:10169000C3030C0CFCFFF3F0FFFFF0C0300C0300A1
:1016A000C0300C0300C030FFFFF00FF87FC03001E6
:1016B000800C0060031818C0C6063031C30FF81F35
:1016C00000FCFBF3E30E0C703380FC03F00FE039F9
:1016D000C0C3030E0C18FC7FF0F0FF0FF018018060
:1016E000180180180180183183183183FFFFFFF043
:1016F0003FC0F7879E1E7CF9B3E6FD99F667998E89
:1017000066319806FCFFF3F0F1FFCFCF0C7863E36E
:101710001B18DCC67631B18F8C3C61E7E73F180FB0
:1017200003FC70E606E07C03C03C03C03E07606734
:101730000E3FC0F0FF8FFE3073033033033073FE73
:101740003F8300300300FF0FF00F03FC70E606E05C
:101750007C03C03C03C03E0760670E3FC1F01833F6
:10176000FF3FE0FF83FF83070C0C3030C1C3FE0F47
:10177000F031E0C383070C0CFE3FF8703FDFFE1F23
:1017800003C0F807E07E01F03C0F87FFBFC0FFFFFA
:10179000FFC63C63C63C630600600600600600604E
:1017A0003FC3FCFFFFFF606606606606606606607A
:1017B000660660639C1FC0F0FC3FFC3F300C381C89
:1017C00018181C381C380E700E700F6007E007E008
:1017D00003C003C0FCFFF3F601DCC67799DE67792E
:1017E0008DFE3FF8F3E3CF8F3C3870E1C0F8FBE3A8
:1017F000E3860F381FC03E007003E00F8077038E32
:101800001E1CFCFFF3F0F9FF9F30C39C1981F80FF9
:1018100000600600600600603FC3FCFFBFEC3B0CAD
:10182000C63380C06038CC360F03FFFFF0FFF18C69
:101830006318C6318C6318C7FE40300E0180700CEF
:101840000380601C0300E0180700C0380E01C07060
:101850000C01FFC6318C6318C6318C631FFE040374
:1018600001E0FC7B9C7E1F03FFFFFFF0CE733F0770
:10187000F800C00C1FC7FC60CC0CC1CFFF3FF0F0DC
:1018800007800C0060037C1FF8F1C707301980CC7B
:10189000066073C77FFBDF001FB3FF70FE07C03C0D
:1018A00000C00C007077FF1FC001E00F001800C1DE
:1018B000F63FF1C79C1CC06603301981C71E3FFC70
:1018C0007DE01F83FC70EE07FFFFFFE00E007073EA
:1018D000FF1FC007C3FC600C0FFDFF8600C018038C
:1018E00000600C0181FFBFF01F79FFDC7981CC061D
:1018F0006033019C1C71E1FF07D800C00600707FB7
:1019000003F0F003C003000C0037C0FF83C70C0CCA
:101910003030C0C3030C0C3033F3FFCFC00600C01F
:10192000003F07E00C0180300600C018030FFFFFE6
:10193000C0060600FFFF03030303030303030303BF
:101940000307FEFCF007800C0060033F19F8DE0778
:10195000E03E01F00FC06F031C78FFC7E07E0FC0B0
:10196000180300600C0180300600C018030061FFFE
:10197000FFF8FEF1FFF1CE6318C6318C6318C63153
:101980008C6319F7BFEF7877C1FF83C70C0C303039
:10199000C0C3030C0C3033F1FFC7C01F83FC70EED3
:1019A00007C03C03C03E0770E3FC1F80F7E3FFC3A2
:1019B000C38E07300CC03300CE073C38FFC37E0C0B
:1019C000003000C00FE03F801FBCFFF70F381CC085
:1019D0003300CC03381C70F0FFC1FB000C0030005A
:1019E000C01FC07F79E7FF1F31C018018018018038
:1019F000180FFCFFC03F9FFE1F82FE1FE0FF03E0A9
:101A0000FFFFF0300600C07FEFFC600C0180300665
:101A100000C01871FE1F00F1F78F8C0C6063031873
:101A200018C0C60638F0FFC3EEFCFFF3F3870E1CA8
:101A30001C607380EC03F007801E007800F87FE1E3
:101A4000F7398CE637B0FFC3FF07BC1CF073818603
:101A5000007CF9F3E3CF07F80FC01E00FC0738380D
:101A600073F3FFCFC0F9FF9F70E30C39C198198160
:101A7000F80F00F00600600E00C0FF0FF07FCFF9F6
:101A80008E3380701C0701C670FFFFFF800E3C6024
:101A9000C183060C39E3C0C183060C183C38FFFF34
:101AA000FFFFF0E1C0C183060C18303C7983060CBF
:101AB0001831E3803C37E767E61C00005B47505372
:101AC0005D204E6F206461746120666F722000009B
:101AD00020636865636B732C206E6F772061637180
:101AE0007569726564000000475053204C6F632095
:101AF00068646F7020746F6F206C6F772000000037
:101B0000475053204C6F632061676520746F6F20CE
:101B10006869676800000000475053204C6F63619C
:101B200074696F6E20696E76616C696400000000F4
:101B30004750533A206C6F636174696F6E20696E11
:101B400076616C69640000004672657175656E634C
:101B5000792073657420746F3A2000004661696CC7
:101B6000656420746F207365742066726571756595
:101B70006E63792C20636F64653A2000202D20006D
:101B80004E6F20676F6F64206672657175656E6356
:101B90007920666F756E642C2066616C6C696E6767
:101BA000206261636B20746F20737461727446727B
:101BB00065710000496E76616C69642066726571BA
:101BC00075656E6379206D617020726563656976F5
:101BD000656400004E65776572207061636B6574A3
:101BE0002071756575652066756C6C2C2064697351
:101BF00063617264696E67207061636B65742E0047
:101C000050726F63657373696E6720717565756572
:101C100064207061636B65743A2000002530346481
:101C20002530326425303264253032642530326408
:101C300025303264000000004C6F5261206D6F64EB
:101C4000756C65206973206E6F7720696E20736CE8
:101C5000656570206D6F64652E0000004C6F5261E9
:101C600020536C656570204572726F723A2025644E
:101C7000000000005061636B6574207175657565C7
:101C80002066756C6C2C2064726F7070696E6720B2
:101C90007061636B657400005B4E414B5D20526563
:101CA0006C696162696C6974792073797374656DAC
:101CB00020696E697469616C697A6564000000006E
:101CC0005B4E414B5D2052455120666F7220636F21
:101CD000756E746572200000207265736F6C766596
:101CE0006420E28094207061636B65742072656388
:101CF00065697665640000005B424F4F545D204C7F
:101D00006F526120726164696F2D3E626567696E12
:101D1000286672657129206661696C65642C206390
:101D20006F64652000000000424F4F543A204C6F12
:101D30005261204641494C20636F64653D000000BC
:101D40005B424F4F545D204C6F5261207261646959
:101D50006F2D3E626567696E286672657129204F36
:101D60004B000000424F4F543A204C6F5261204FBD
:101D70004B000000416C726561647920696E2074CB
:101D800072616E736D69742C20656E717565756511
:101D9000696E67207061636B657400007E50432537
:101DA000647E534425737E7E000000007E50430015
:101DB00054696D652D6F6E2D41697220286D7329F0
:101DC0003A2000005472616E736D697373696F6EAF
:101DD000207374617274206661696C65642C206381
:101DE0006F646520000000004C6F726120537472B4
:101DF000742054726E736D74204572723A2025649B
:101E0000000000004225737E434E25737E47502517
:101E10002E36662C252E36667E4254256400000040
:101E20004225737E4750252E36662C252E36667E3B
:101E300042542564000000004225737E434E257302
:101E40007E425425640000004225737E425425647E
:101E500000000000526573656E64696E67207061F2
:101E6000636B6574207769746820636F756E746541
:101E7000723A2000526573656E643A202564000052
:101E8000526571756573746564207061636B657408
:101E9000206E6F7420666F756E6420696E206275A7
:101EA0006666657200000000526573656E642034DA
:101EB00030343A202564000053656E64696E6720F3
:101EC0006E657874207061636B65742066726F6DE7
:101ED000207175657565000052455125640000004C
:101EE0005B4E414B5D205245512073656E742066F8
:101EF0006F7220636F756E7465723A200000000087
:101F0000546F6F206D616E79207061636B657473BF
:101F1000206D69737365642C20756E61626C652039
:101F2000746F2072657175657374206F6C6465726F
:101F3000207061636B6574730000000052657175F9
:101F4000657374696E672072657472616E736D6912
:101F50007373696F6E206F66207061636B65743A8E
:101F6000200000004D69737365643A202564000009
:101F7000207265736F6C766564207669612070727B
:101F80006F63657373656420636F756E746572004B
:101F90005B4E414B5D20476976696E672075702006
:101FA0006F6E20636F756E746572200020616674B9
:101FB0006572206D617820726574726965730000C6
:101FC0005B4E414B5D205265747279696E67205299
:101FD000455120666F7220636F756E7465722000C4
:101FE0002028617474656D70742000002C20646575
:101FF0006C617920000000006D73290050527E440E
:10200000492573005061636B6574207761732053B9
:10201000656E742C2066696E6973685472616E73A4
:102020006D69740053656E74206661696C65642C1B
:1020300020636F6465200000526573656E64696E8D
:1020400067206C617374206D6573736167652061CF
:1020500066746572206672657175656E6379206855
:102060006F7000005061636B6574207061727365FE
:10207000643A20005052420050524F42452072654F
:102080006365697665642066726F6D3A20000000B2
:1020900050524F42452073796E63656420E280940C
:1020A00020656E61626C696E6720686F7070696E22
:1020B000670000004175746F2D73796E636564204D
:1020C000766961207E5344206669656C6420E280F5
:1020D0009420656E61626C696E6720686F707069CC
:1020E0006E6700004D41500052656365697665205A
:1020F0006661696C65642C20636F64652000000074
:102100000A0A2A2A2A204649524D5741524520435D
:10211000524153484544202A2A2A00002020486181
:1021200072644661756C74204C523D30780000003A
:102130002020434653523D30780000002020424684
:1021400041523D307800000020202D3E20496C6C2B
:102150006567616C20496E737472756374696F6E24
:10216000204163636573732056696F6C6174696F96
:102170006E00000020202D3E20556E6D6170706550
:1021800064202F20666F7262696464656E20696ED8
:10219000737472756374696F6E20616363657373C2
:1021A0000000000020202D3E204461746120504C2E
:1021B000422061646472657373206661756C74009B
:1021C00020202D3E204661756C74696E6720646125
:1021D000746120616464726573733A203078000022
:1021E00049646C65636F756E743A20256400000065
:1021F0005B426F6172645D203E3E3E20626F6172A1
:1022000064496E69742829205354415254000000D7
:102210005B426F6172645D20626567696E20536521
:102220007269616C4D6F6E2061742000206261756F
:10223000640000005B426F6172645D2052657365EB
:102240007420726561736F6E206465636F64653AB4
:1022500000000000202076616C75653D307800003C
:1022600020202D3E20506F7765722D757000000084
:1022700020202D3E2045787465726E616C20706957
:102280006E00000020202D3E205761746368646F4B
:102290006700000020202D3E20535644000000001F
:1022A00020202D3E20435055206C6F636B757000CD
:1022B00020202D3E204C52574943544F2066726FC8
:1022C0006D2053797374656D204F46460000000001
:1022D00020202D3E20435249544552494153452028
:1022E00066726F6D2053797374656D204F4646009A
:1022F0005B426F6172645D20506F7765725F456EFF
:1023000061626C655F50696E3D0000002C204F5586
:102310005450555420484947480000005B426F61C3
:1023200072645D20636F6E6669677572696E67209F
:102330004C45447320616E6420627574746F6E73D3
:10234000202E2E2E000000005B426F6172645D2023
:102350004E46432070696E732050302E382F503017
:102360002E3920636F6E66696775726564206173CC
:1023700020696E70757473005B426F6172645D20DA
:102380004C454420626C696E6B2070617474657298
:102390006E20283130206379636C657329202E2EDE
:1023A0002E200000646F6E65000000005B426F61CC
:1023B00072645D2063616C6C696E6720736574750F
:1023C00070446973706C61792829202E2E2E0000CC
:1023D0005B426F6172645D203C3C3C20626F6172C5
:1023E00064496E6974282920444F4E45000000005E
:1023F0004F4B00004641494C000000005B424F4FEC
:10240000545D204372617368207265626F6F74203F
:10241000230000000A2D2D2D204C6173742063725F
:102420006173682066726F6D205254432052414D93
:10243000202D2D2D0000000020204C523D30780032
:10244000202046756E633A200000000020204C6971
:102450006E653A20000000005B424F4F545D2062E1
:102460006567696E2053657269616C206174203103
:10247000313532303020626175640A005B424F4F63
:10248000545D2064656C617920646F6E652C2073E7
:1024900074617274696E6720626F617264496E69FB
:1024A0007428290A000000005B44425D206C696EBC
:1024B000652000005B424F4F545D20626F61726483
:1024C000496E6974282920646F6E650A0000000057
:1024D0005B424F4F545D204D53503D30780000001B
:1024E000426F6F74696E672E2E2E00005B424F4F55
:1024F000545D203D3D3D205374657020312F373AA7
:1025000020696E697469616C697A65467265717576
:10251000656E63794D61702829202800496E6974C1
:10252000206672657175656E63796D61700000007B
:102530002920746F6F6B20005B424F4F545D203D2C
:102540003D3D205374657020322F373A20736574F7
:1025500075704C6F52612829202800006D732C2063
:1025600072657475726E65643A2000005B424F4F6D
:10257000545D203D3D3D205374657020332F373A24
:1025800020736574757053657474696E6773282958
:10259000202800005B424F4F545D203D3D3D2053BD
:1025A00074657020342F373A207365747570475006
:1025B00053282920280000005B424F4F545D203DE6
:1025C0003D3D205374657020352F373A2073657474
:1025D00075704170704D6F64657328292028000064
:1025E0005B424F4F545D203D3D3D2053746570204C
:1025F000362F373A207365747570424C4528292070
:10260000280000005B424F4F545D203D3D3D20417E
:102610006C6C20696E697420737465707320636FCD
:102620006D706C657465203D3D3D0000424F4F5418
:102630003A20616C6C20696E697420646F6E65006D
:102640005B424F4F545D20546F74616C20626F6F1A
:10265000742074696D653A2000000000424F4F54A9
:102660003A20746F74616C3D000000005B424F4F74
:10267000545D203D3D3D3D3D3D3D3D3D3D3D3D3D70
:102680003D3D3D3D3D3D3D3D3D3D3D3D3D3D3D3D7A
:102690003D3D3D3D3D3D3D3D3D3D3D0A0000000091
:1026A0005B424F4F545D20426F6F742073657175AC
:1026B000656E63652066696E6973686564202D20A8
:1026C000656E746572696E67206C6F6F7028290A79
:1026D000000000005B424F4F545D203D3D3D3D3DBD
:1026E0003D3D3D3D3D3D3D3D3D3D3D3D3D3D3D3D1A
:1026F0003D3D3D3D3D3D3D3D3D3D3D3D3D3D3D3D0A
:102700003D3D3D0A0A000000424F4F543A20656E9D
:10271000746572696E67206C6F6F7000505454203E
:102720007061636B657420646574656374656420AF
:10273000E28094204F707573207061796C6F6164D2
:1027400000000000547970652064657465726D69DD
:102750006E65643A20505454206F6E206368616E39
:102760006E656C200000000054797065206465740B
:1027700065726D696E65643A2052414E4745206F1F
:102780006E206368616E6E656C2000005479706520
:102790002064657465726D696E65643A205458549E
:1027A0005F4D554C5449206F6E206368616E6E65B5
:1027B0006C200000547970652064657465726D69E1
:1027C0006E65643A204D41500000000054797065F8
:1027D0002064657465726D696E65643A2052455176
:1027E000202852657472616E736D69742052657130
:1027F00075657374290000005479706520646574F0
:1028000065726D696E65643A20424541434F4E00E2
:10281000547970652064657465726D696E65643A9B
:1028200020505242202850726F62652044697363C1
:102830006F76657279290000556E6B6E6F776E202A
:10284000747970652C20696E76616C6964207061A2
:10285000636B65742E0000004669656C64207479B2
:102860007065206578747261637465643A20000055
:102870005061636B657420636F756E746572202898
:102880005043292064657465726D696E65643A20F1
:102890000000000053656E64204461746554696DE6
:1028A0006520285344292064657465726D696E65DE
:1028B000643A2000475053206461746120284750D7
:1028C000292064657465726D696E65643A20000044
:1028D000556E6B6E6F776E206669656C643A20008A
:1028E0004E6F20736570617261746F7220277E274E
:1028F00020666F756E642C20696E76616C69642049
:102900006865616465722E00526563656976656409
:10291000205061636B65743A20000000496E766157
:102920006C696420636865636B73756D20666F7294
:10293000204D4150207061636B65742C2064697375
:1029400063617264696E6700436F6E74656E7420B4
:1029500064657465726D696E65643A2000000000FC
:102960005458000052657175657374656420706118
:10297000636B657420636F756E7465723A20000036
:10298000252E3266205125642052252E3166000006
:102990005363616E6E696E672E2E2E0046726571EE
:1029A00075656E6379207363616E207374617274F0
:1029B00065642E004661696C656420746F207365E0
:1029C00074206672657175656E6379200000000081
:1029D000204D487A2C20636F646520004672657133
:1029E00075656E6379207363616E2073746F7070A8
:1029F00065642E003E5465737420252E3266204D8A
:102A0000487A00000000000000C079C400C079C40A
:102A10000000000053656E646572000052656365D6
:102A200069766572000000005258000049646C65C8
:102A3000000000004C494E453A537C4D3A25737CCA
:102A4000483A25737C433A00706565725F6E616D2C
:102A5000653A25732C000000706565725F646973C8
:102A6000743A252E30666D2C00000000726F73746E
:102A700065725F636F756E743A25642C0000000008
:102A80007225645F6E3D25732C0000007225645F23
:102A9000643D252E30666D2C000000007225645FB9
:102AA000643D252E31666B6D2C0000007225645F3D
:102AB000643D3F3F3F2C00007225645F623D25640A
:102AC00025252C007225645F623D2D25252C0000F4
:102AD00072616E67655F726F6C653A25732C0000DA
:102AE00072616E67655F6C6173745F636F756E743E
:102AF0003A25642C0000000072616E67655F636FA9
:102B00006E73656375746976655F6F6B3A25642CC7
:102B10000000000072616E67655F746F74616C5FC6
:102B20006C6F73733A25642C0000000072616E674D
:102B3000655F737461626C655F646973743A252EB6
:102B400031666D2C0000000072616E67655F6D611B
:102B5000785F646973743A252E31666D2C0000002D
:102B6000686F6D655F6C61743A252E36662C0000C7
:102B7000686F6D655F6C6F6E3A252E36662C0000AF
:102B8000637572725F6C61743A252E36662C000094
:102B9000637572725F6C6F6E3A252E36662C00007C
:102BA0007074745F73746174653A25732C0000004F
:102BB0007478745F696E626F785F636F756E743A74
:102BC00025642C007478745F73686F775F696E6238
:102BD0006F783A25642C00007478745F7363726FA9
:102BE0006C6C5F706167653A25642C007478745F63
:102BF0006C61746573745F6D73673D25732C0000A1
:102C00007473745F73656E743A25642C0000000061
:102C10007473745F726563763A25642C000000005B
:102C2000706F6E675F73746174653A25642C000081
:102C3000706F6E675F7274745F6D733A25642C00F9
:102C40007363616E5F70726F67726573733A256448
:102C500025252C007363616E5F667265713D257377
:102C60002C0000007325645F663D252E32666D687A
:102C70002C7325645F723D252E316664422C000062
:102C80007325645F663D2D2D2D6D682C00000000BE
:102C90007261775F636F756E743A25642C00000073
:102CA0007261775F6C6173745F727373693D252E17
:102CB000316664426D2C00007261775F6C617374E1
:102CC0005F736E723D252E316664422C0000000059
:102CD00077705F6C6162656C3D25732C00000000AD
:102CE00077705F6C61743D252E36662C0000000005
:102CF00077705F6C6F6E3D252E36662C00000000ED
:102D000077705F616C743D252E31666D2C0000007C
:102D100077705F62726F616463617374696E673A42
:102D200025642C0077705F62636173745F72656DF8
:102D30003A2564732C0000007C533A25737C543A86
:102D400025737C473A25647C423A256425257C49D5
:102D50003A000000677073743D6F6B2C0000000038
:102D6000677073743D6E6F252C0000006261743DC6
:102D7000256400005B53455454494E47535D203E43
:102D80003E3E20736574757053657474696E677325
:102D90002829205354415254000000005B534554ED
:102DA00054494E47535D20202052544320696E748D
:102DB00065727275707420636F6E6669677572658F
:102DC000640000005B53455454494E47535D202036
:102DD0002052656C656173696E67204932432062D9
:102DE00075732066726F6D20746F75636820636FF2
:102DF0006E74726F6C6C65722E2E2E005B53455490
:102E000054494E47535D2020205573696E67205703
:102E10006972652070726F626520666F722052540D
:102E20004300000020205254432070726F626520DE
:102E3000617474656D707420000000002F352E2EB3
:102E40002E0000005B53455454494E47535D203CCF
:102E50003C3C20736574757053657474696E677358
:102E6000282920444F4E450053455454494E47535A
:102E70003A20525443204F4B000000005B5345540E
:102E800054494E47535D202020525443206E6F74A6
:102E900020726573706F6E64696E67206F6E204973
:102EA0003243202870726F62656420696E200000D2
:102EB0005B53455454494E47535D20202057697257
:102EC0006520626567696E204F4B20286E6F205227
:102ED000544329005B53455454494E47535D2020C9
:102EE00020576972652070726F62653A20504346C0
:102EF0003835363320464F554E44202870726F6265
:102F0000656420696E2000005254433A2025303415
:102F1000642D253032642D25303264202530326412
:102F20003A253032643A2530326400004261636BE6
:102F30006C696768743A00004F6E00004F66660067
:102F4000426974726174653A0000000042697472EB
:102F50006174653A2025642062707300566F6C7549
:102F60006D653A00566F6C756D653A2025640000FA
:102F70004368616E6E656C3A000000004368616EE4
:102F80006E656C3A20256300537072656164696EEA
:102F90006720466163746F723A00000053463A201E
:102FA0002564000053657474696E6720486F7572FC
:102FB0003A00000053657474696E67204D696E7540
:102FC00074653A0053657474696E67205365636F66
:102FD0006E643A0042616E6477696474683A000016
:102FE00042573A20252E3266206B487A00000000B6
:102FF000436F64696E6720526174653A0000000097
:1030000043523A2025640000467265716E63792050
:10301000486F7070696E673A00000000456E61622B
:103020006C65640044697361626C65640000000053
:1030300053462053657420746F3A202564000000C5
:10304000426974726174652053657400566F6C75C3
:103050006D652053657400006009000040060000A3
:1030600078050000B0040000BC0200000000000071
:1030700000000000614C03004D0D0500798702003F
:10308000A54D0300714D0300254C03002D4D030099
:103090000338FDD870470000705F73706920213DD0
:1030A000204E554C4C000000535049436C617373E3
:1030B0003A3A535049436C617373284E52465F53FA
:1030C00050494D5F547970652A2C2075696E7438AB
:1030D0005F742C2075696E74385F742C2075696E6E
:1030E00074385F7429000000433A5C55736572734D
:1030F0005C6A756C69656E5C417070446174615C9A
:103100004C6F63616C5C41726475696E6F31355CE4
:103110007061636B616765735C6164616672756938
:10312000745C68617264776172655C6E7266353278
:103130005C312E372E305C6C696272617269657326
:103140005C5350495C5350492E637070000000007E
:1031500000000000000000005D53030095530300D1
:103160007987020051530300555303008553030030
:103170008D53030000000000003E5B4F5B3E3E6B42
:103180004F6B3E1C3E7C3E1C183C7E3C181C577D01
:10319000571C1C5E7F5E1C00183C1800FFE7C3E74D
:1031A000FF0018241800FFE7DBE7FF30483A060E5F
:1031B0002629792926407F050507407F05253F5AA6
:1031C0003CE73C5A7F3E1C1C08081C1C3E7F142216
:1031D0007F22145F5F005F5F06097F017F006689C1
:1031E000956A606060606094A2FFA29408047E0407
:1031F0000810207E201008082A1C08081C2A08082D
:103200001E101010100C1E0C1E0C30383E383006EC
:103210000E3E0E06000000000000005F00000007E8
:10322000000700147F147F14242A7F2A1223130816
:10323000646236495620500008070300001C2241F2
:10324000000041221C002A1C7F1C2A08083E080896
:103250000080703000080808080800006060002046
:10326000100804023E5149453E00427F4000724929
:103270004949462141494D331814127F10274545CD
:1032800045393C4A494931412111090736494949E3
:1032900036464949291E0000140000004034000051
:1032A00000081422411414141414004122140802BA
:1032B000015909063E415D594E7C1211127C7F492D
:1032C0004949363E414141227F4141413E7F494982
:1032D00049417F090909013E414151737F080808AE
:1032E0007F00417F41002040413F017F081422417F
:1032F0007F404040407F021C027F7F0408107F3ED9
:103300004141413E7F090909063E4151215E7F0945
:10331000192946264949493203017F01033F4040AC
:10332000403F1F2040201F3F4038403F6314081497
:103330006303047804036159494D43007F414141CF
:103340000204081020004141417F040201020440B0
:1033500040404040000307080020545478407F2834
:103360004444383844444428384444287F3854542A
:10337000541800087E090218A4A49C787F0804044D
:103380007800447D40002040403D007F10284400EC
:1033900000417F40007C047804787C08040478387D
:1033A00044444438FC1824241818242418FC7C08AD
:1033B000040408485454542404043F44243C40402A
:1033C000207C1C2040201C3C4030403C44281028DD
:1033D000444C9090907C4464544C44000836410026
:1033E0000000770000004136080002010204023CA0
:1033F0002623263C1EA1A161123A4040207A38546F
:1034000054555921555579412254547842215554E7
:10341000784020545579400C1E527212395555553A
:1034200059395454545939555454580000457C4125
:103430000002457D420001457C407D1211127DF065
:10344000282528F07C545545002054547C547C0A8F
:10345000097F4932494949323A4444443A324A4858
:1034600048303A4141217A3A42402078009DA0A05C
:103470007D3D4242423D3D4040403D3C24FF2424AE
:10348000487E4943662B2FFC2F2BFF0929F620C0CD
:10349000887E090320545479410000447D4130481E
:1034A000484A32384040227A007A0A0A727D0D1961
:1034B000317D2629292F28262929292630484D40C3
:1034C00020380808080808080808382F10C8ACBABF
:1034D0002F102834FA00007B000008142A1422223E
:1034E000142A14085500550055AA55AA55AAFF5587
:1034F000FF55FF000000FF00101010FF001414140F
:10350000FF001010FF00FF1010F010F0141414FC56
:10351000001414F700FF0000FF00FF1414F404FC73
:10352000141417101F10101F101F1414141F001054
:103530001010F0000000001F101010101F101010CD
:1035400010F010000000FF101010101010101010DC
:10355000FF10000000FF140000FF00FF00001F101C
:10356000170000FC04F414141710171414F404F4D6
:103570000000FF00F714141414141414F700F714C7
:103580001414171410101F101F141414F414101016
:10359000F010F000001F101F0000001F14000000BA
:1035A000FC140000F010F01010FF10FF141414FFB2
:1035B000141010101F00000000F010FFFFFFFFFFAD
:1035C000F0F0F0F0F0FFFFFF0000000000FFFF0F41
:1035D0000F0F0F0F3844443844FC4A4A4A347E02E5
:1035E000020606027E027E02635549416338444466
:1035F0003C04407E201E2006027E020299A5E7A51B
:10360000991C2A492A1C4C7201724C304A4D4D308B
:103610003048784830BC625A463D3E494949007EB0
:103620000101017E2A2A2A2A2A44445F4444405147
:103630004A444040444A51400000FF0103E080FFFB
:10364000000008086B6B083612362436060F090F87
:1036500006000018180000001010003040FF0101A3
:10366000001F01011E00191D1712003C3C3C3C00CC
:103670000000000000000000000000005D65030085
:103680004D0D0500798702007D8702002D1F050082
:103690003D5703004157030051570300FD590300F4
:1036A0007D5A0300F95A03003D5703008D5703006C
:1036B00089570300A9570300055803000159030067
:1036C00069570300355C0300615803004275737944
:1036D0002054696D656F757421000000203A200048
:1036E0000000000000000000F16C0300196C0300F2
:1036F000B16A03002D1F05002D1F05002D1F0500B9
:10370000F96903002D1F0500256A03002D6A0300D7
:10371000596A03009D6A0300A16A03002D1F05007A
:103720002D1F05002D1F05002D1F0500A56A030094
:10373000A96A0300AD6A03005F506F7765724F6638
:10374000660000005F506F7765724F6E00000000EA
:103750005F5570646174655F46756C6C00000000B5
:103760005F5570646174655F5061727400000000A1
:103770000040000000000000000000008080000009
:1037800000000000000000004040000000000000B9
:1037900000000000008000000000000000000000A9
:1037A0000000000000000000000000000F0000000A
:1037B0000000010101000000000000000000000006
:1037C00000000000000000000000000000000000F9
:1037D00000000000000000000000000000000000E9
:1037E00000000000000000000000000000000000D9
:1037F00000000000000000000000000000000000C9
:1038000022222222222200000000000000000000EC
:1038100000000000F16C0300196C0300B16A0300A2
:1038200035790300517A03001575030049750300CB
:10383000CD7B0300A978030049750300D57E030002
:103840009D6A0300A16A0300B1830300998203000B
:1038500079700300B5700300A56A0300A96A03002C
:10386000AD6A03004750524D43000000474E524D91
:10387000430000004750474741000000474E47477C
:10388000410000000000000000000000F1620200A2
:10389000F5620200698F0300CD62020000000000A3
:1038A000000000002D1F05002D1F05002D1F050025
:1038B0002D1F05002D1F05002D1F05002D1F0500C4
:1038C0002D1F05002D1F05002D1F05002D1F0500B4
:1038D0002D1F05002D1F05002D1F05002D1F0500A4
:1038E00071930300719303007593030079930300B0
:1038F000719303007D930300FFFFFFFFFFFFFFFFB6
:10390000FFFFFFFFFFFFFFFFFFFFFFFF00000000C3
:1039100000000000B9A60300A9A6030099A60300B1
:1039200089A603007DA6030075A60300A1A50300D8
:1039300071A6030039A6030025A60300B9A503005C
:1039400019A60300C9A5030011A60300C1A5030021
:10395000E9A60300C9A60300FDA50300F1A5030025
:10396000EDA50300B5A50300000000000000000065
:103970000338FDD87047000053583132363100000B
:10398000000000000000000055BB0300B5AE0300BE
:103990002DAF0300C1EE030031D50300D1D40300E5
:1039A00089DC0300B5D8030091B9030011B7030007
:1039B000B9AF030019AB0300F9A7030051B203002C
:1039C00051B1030035B50300E9B503007DB4030030
:1039D00075A703004DA7030061B80300A9D5030034
:1039E000E1C2030081AB030009B003006DAF030027
:1039F00031B303007DAC0300B9AA030051AB03004F
:103A000025B1030061B0030095AA030059CF03005C
:103A10009DB0030071AA0300B9B3030029BA0300E3
:103A2000F9AE030079AE030035EF0300F9AE0300F1
:103A300095AE0300F9AE030095AE0300F9AE0300A6
:103A400095AE030081A9030021AE0300D9AA0300AB
:103A50002DAB0300161618191A1E0000FFFFFFFFFA
:103A60000000000080010000800100000000000054
:103A700012AD101B000000000000000055BB030049
:103A8000B5AE03002DAF0300C1EE030031D5030036
:103A9000D1D4030089DC0300B5D8030091B9030039
:103AA00011B70300B9AF030019AB0300D9EE03004F
:103AB00051B2030051B1030035B50300E9B503006D
:103AC0007DB40300E9EE0300F1EE030061B80300EA
:103AD000A9D50300E1C2030081AB030009B00300D4
:103AE0006DAF030031B303007DAC0300B9AA03003E
:103AF00051AB030025B1030061B0030095AA030098
:103B000059CF03009DB0030071AA0300B9B30300AD
:103B100029BA0300F9AE030079AE030035EF0300C4
:103B2000F9AE030095AE0300F9AE030095AE0300B5
:103B3000F9AE030095AE0300C1EE030021AE030011
:103B4000D9AA03002DAB0300212D303336390000F4
:103B5000010100000100010000000100010000005F
:103B60005000B00018017801B0021803C8053006F3
:103B7000300C980C0F060300001224364804162857
:103B80003A4C081A2C3E0C1E3042102234460113C7
:103B90002537490517293B4D091B2D3F0D1F314383
:103BA00011233547021426384A06182A3C4E0A1CAF
:103BB0002E400E203244031527394B07192B3D4F59
:103BC0000B1D2F410F2133450000000000000000B5
:103BD000A9EE0300B9EE030041EF0300C1EE0300BC
:103BE000B9EE0300C9EE0300B1EE0300A9EE030035
:103BF000B9EE0300B1EE0300D1EE0300B9EE03000D
:103C0000D9EE0300D9EE0300D9EE0300C1EE0300A4
:103C1000C1EE0300E1EE0300E9EE0300F1EE030064
:103C2000B1EE0300D1EE0300F9EE0300F9EE03005C
:103C300009EF03000DEF03000DEF030015EF030084
:103C400015EF030019EF0300D1EE0300D1EE0300DE
:103C5000B9EE030021EF0300B9EE0300B9EE030053
:103C600021EF030029EF03002DEF030031EF0300E4
:103C700035EF03002DEF03003DEF03002DEF0300B0
:103C80003DEF03002DEF03003DEF0300C1EE030005
:103C900021EF03002D1F05003021120312033021F4
:103CA000031221302130031243703407251652616C
:103CB000526125163407437007347043615216254C
:103CC000162561527043073434074370526125163C
:103CD000251652614370340770430734162561522C
:103CE00061521625073470431100000000000000E7
:103CF00000000000C9F70300E1F70300FDF703002F
:103D0000F9F9030000000000000000001D0004009D
:103D100041000400100018000000C800000000006E
:103D20000000000069150400691504006D15040009
:103D3000000000000000000000000000E515040085
:103D4000E91504005075626C696300005374617476
:103D50006963000050726976617465205265736F03
:103D60006C7661626C6500005072697661746520E2
:103D70004E6F6E205265736F6C7661626C650000E9
:103D80006E5246353238343020444B00424C4500A8
:103D9000534F4300443D06004C3D0600543D060091
:103DA000683D06000100000711000000D8ECF0F4A7
:103DB000F8FC000203040506070800002F61646197
:103DC00066727569742F626F6E645F7072706800DE
:103DD0002F61646166727569742F626F6E645F63D0
:103DE0006E7472002F61646166727569742F626F00
:103DF0006E645F707270682F2530325825303258EB
:103E00002530325825303258253032582530325836
:103E1000000000002F61646166727569742F626F23
:103E20006E645F636E74722F2530325825303258BD
:103E30002530325825303258253032582530325806
:103E400000000000253032583A253032583A2530EB
:103E500032583A253032583A253032583A253032E5
:103E60005800000054696E795553422053657269B9
:103E7000616C00000000000000000000E92B04005D
:103E80005D2A04004D2A0400412A0400C9290400C7
:103E9000152A0400E9290400A52A0400F0FFFFFF09
:103EA00000000000552C04004E6F7264696300002E
:103EB0003031323334353637383941424344454660
:103EC0000000000012010002000000409A23DA8086
:103ED000000101020301000009020900000100A025
:103EE0003200000041646166727569740000000070
:103EF0004D6173732053746F726167650000000039
:103F0000312E30007573626400000000050F390027
:103F1000021810050038B60834A909A0478BFDA087
:103F2000768815B665000101011C100500DF60DD13
:103F3000D88945C74C9CD2659D9E648A9F0000032A
:103F400006B20002000103005F757362645F716472
:103F5000656600000000000069380400FD380400B8
:103F60002939040071390400813A0400513B0400EE
:103F7000000000000000000089450400000000006F
:103F800099450400A94504004146040089470400FE
:103F90000000000000000000093D0400213D040075
:103FA000253D04003D3D0400FD3D0400314004007A
:103FB0000000000000000000555504007155040089
:103FC0007555040091550400F1560400B55E0400D7
:103FD00000000000000000000141040075410400E1
:103FE000A1410400C9410400F1420400F54204006B
:103FF0000000000000000000194F0400714F040091
:104000008D4F0400B14F0400F5350400D550040075
:10401000000000000001010100000000000000009D
:10402000F5900400F99004002F000000000000004B
:104030000000000081940400FD92040079870200D2
:10404000F1930400AD930400259404003D93040013
:10405000626C6F636B203C206C66732D3E636667F9
:104060002D3E626C6F636B5F636F756E7400000052
:10407000433A5C55736572735C6A756C69656E5C16
:10408000417070446174615C4C6F63616C5C41723F
:104090006475696E6F31355C7061636B6167657300
:1040A0005C61646166727569745C68617264776191
:1040B00072655C6E726635325C312E372E305C6C08
:1040C00069627261726965735C4164616672756987
:1040D000745F4C6974746C6546535C7372635C6C9A
:1040E0006974746C6566735C6C66732E63000000A3
:1040F00068656164203E3D20322026262068656187
:1041000064203C3D206C66732D3E6366672D3E62E5
:104110006C6F636B5F636F756E74000070636163D7
:1041200068652D3E626C6F636B203D3D2030786684
:1041300066666666666666006E626C6F636B203EDE
:104140003D2032202626206E626C6F636B203C3D42
:10415000206C66732D3E6366672D3E626C6F636BE9
:104160005F636F756E740000656E7472792E642ED5
:1041700074797065203D3D204C46535F545950453D
:104180005F52454700000000726573006C66732D36
:104190003E6366672D3E6C6F6F6B6168656164207E
:1041A00025203332203D3D20300000006C66732D09
:1041B0003E6366672D3E6C6F6F6B6168656164205E
:1041C0003E2030006C66732D3E6366672D3E707234
:1041D0006F675F73697A652025206C66732D3E6377
:1041E00066672D3E726561645F73697A65203D3D47
:1041F000203000006C66732D3E6366672D3E626C56
:104200006F636B5F73697A652025206C66732D3E42
:104210006366672D3E70726F675F73697A65203DD4
:104220003D203000342A6C66735F6E707732283020
:10423000786666666666666666202F20286C6673FA
:104240002D3E6366672D3E626C6F636B5F73697AA8
:10425000652D322A342929203C3D206C66732D3E81
:104260006366672D3E626C6F636B5F73697A65008E
:104270006C6974746C656673000000006C66735F33
:1042800063616368655F7265616400006C66735F9B
:1042900063616368655F70726F6700006C66735F6F
:1042A00063747A5F66696E64000000006C66735F19
:1042B00063747A5F657874656E6400006C66735F22
:1042C00066696C655F73796E630000006C66735F8E
:1042D00072656D6F766500006C66735F696E6974F8
:1042E00000000000000000006410B71DC8206E3BF5
:1042F000AC30D9269041DC76F4516B6B5861B24DED
:104300003C7105502083B8ED44930FF0E8A3D6D656
:104310008CB361CBB0C2649BD4D2D38678E20AA0BE
:104320001CF2BDBD000000000000000095EB040081
:10433000A9EB0400000000000100000002000000E2
:10434000030000000400000005000000060000005B
:104350000700000008000000090000000A0000003B
:104360000B0000000C0000000D0000000E0000001B
:104370000F000000100000001100000012000000FB
:1043800013000000140000001500000016000000DB
:104390001700000018000000190000001A000000BB
:1043A0001B0000001C0000001D0000001E0000009B
:1043B0001F0000002000000021000000220000007B
:1043C000230000002400000025000000260000005B
:1043D0002700000028000000290000002A0000003B
:1043E0002B0000002C0000002D0000002E0000001B
:1043F0002F000000737172740000000000000000C4
:10440000182D4454FB21E9BFD221337F7CD90240CF
:10441000D221337F7CD902C0000000000000008060
:10442000182D4454FB210940182D4454FB2109C088
:10443000FB21F93FFB2109407CD91240FB211940A7
:104440007A6A1F407CD92240BBFD2540FB212940D0
:104450003A462C407A6A2F405C4731407CD9324042
:104460009C6B3440BBFD3540DB8F3740FB2139402E
:104470001BB43A403A463C405AD83D407A6A3F40E5
:104480004C7E40405C4741406C1042407CD94240E9
:104490008CA243409C6B4440AC344540BBFD45403E
:1044A000CBC64640DB8F4740EB584840FB21494094
:1044B00083F9A200444E6E00FC291500D157270055
:1044C000DD34F50062DBC0003C999500419043006B
:1044D0006351FE00BBDEAB00B761C5003A6E24003D
:1044E000D24D42004906E00009EA2E001C92D1009C
:1044F000EB1DFE0029B11C00E83EA700F535820047
:1045000044BB2E009CE98400B4267000417E5F000D
:10451000D6913900538339009CF439008B5F8400B5
:1045200028F9BD00F81F3B00DEFF97000F9805003B
:10453000112FEF000A5A8B006D1F6D00CF7E3600E1
:1045400009CB2700464FB7009E663F002DEA5F006B
:10455000BA277500E5EBC7003D7BF100F73907008E
:1045600092528A00FB6BEA001FB15F00085D8D006C
:10457000300356007BFC4600F0AB6B0020BCCF0044
:1045800036F49A00E3A91D005E619100081BE60065
:1045900085996500A0145F008D40680080D8FF00F9
:1045A00027734D0006063100CA561500C9A87300CE
:1045B0007BE260006B8CC00000000040FB21F93FF3
:1045C000000000002D44743E000000809846F83C36
:1045D0000000006051CC783B00000080831BF03964
:1045E0000000004020257A38000000802282E33657
:1045F000000000001DF36935020000000300000008
:1046000004000000060000004FBB610567ACDD3F01
:10461000182D4454FB21E93F9BF681D20B73EF3FE9
:10462000182D4454FB21F93FE2652F227F2B7A3C61
:10463000075C143326A6813CBDCBF07A8807703C1A
:10464000075C143326A6913C252E2A660000000044
:10465000546D725100000000546D72205376630057
:104660006C6F6F70000000000100000043616C6C13
:104670006261636B000000004661696C20746F200A
:1046800061637175697265206D757465780A0000E3
:104690004661696C20746F2072656C65617365207A
:1046A0006D757465780A00004661696C20746F202E
:1046B000696E63726561736520504D20636F756E1E
:1046C0007465720A000000004661696C20746F20F6
:1046D000646563726561736520504D20636F756E0C
:1046E0007465720A00000000000102030405060759
:1046F00008090A0B0C0D0E0F1011121314151617C2
:1047000018191A1B1C1D1E1FC6A13B37878F5B8201
:104710006F4F8162A1C8D8799503E3A2245A2BE494
:104720003C9874EDFE1BED9EF29000B62A499FD096
:10473000A9F39A6ADD2E77809DBA41A777F3B46A10
:1047400037B7AAAE49D6DF8D2F7A3C600708D1244F
:10475000ACD3C5DE3B6584470000000001000000CB
:104760000300000002000000FFFFFFFF0700000041
:104770004661696C20746F206765742054524E47FF
:1047800020636861726163746572697A6174696FCC
:104790006E20706172616D6574657273200A00002D
:1047A0004661696C20746F20637265617465205383
:1047B000594D206D757465780A0000004661696C7A
:1047C00020746F20637265617465204153594D20D8
:1047D0006D757465780A00004661696C65642074C3
:1047E0006F2063726561746520506F776572206D0C
:1047F000757465780A0000004661696C20746F204A
:104800006372656174652047656E566563206D75DA
:104810007465780A0000000043616E277420696E99
:10482000697469616C697A65206D757465782C208E
:10483000776173204E554C4C0D0A000043616E2782
:1048400074206C6F636B206D757465782C207761B4
:1048500073204E554C4C0D0A0000000043616E273A
:104860007420756E6C6F636B206D757465782C2089
:10487000776173204E554C4C0D0A0000536153690B
:104880005F48616C57616974496E746572727570C6
:10489000742063616E74207761697420666F722082
:1048A0006E6F7468696E670A000000000001020301
:1048B0000405060708090A0B0C0D0E0F1011121340
:1048C0001415161718191A1B1C1D1E1F45A20500CA
:1048D0004DA2050055A205005DA2050065A20500D8
:1048E0006DA2050075A205007DA2050085A2050048
:1048F0008DA2050095A205000000000073ACFFFF2B
:10490000FEFFFFFFFFFFFFFFFFFFFFFFFFFFFFFFB8
:104910000000000000000000000000000000000097
:104920000000000000000000000000000000000087
:104930000000000000000000000000000000000077
:104940000000000000000000000000000000000067
:104950000000000000000000000000000000000057
:104960000000000000000000000000000000000047
:104970000000000000000000000000000000000037
:104980000000000000000000000000000700000020
:104990000000000000000000000000000000000017
:1049A0000000000000000000000000000000000007
:1049B00000000000000000000000000000000000F7
:1049C00000000000000000000000000000000000E7
:1049D00000000000B3B616CA9AABDF16FAB80100A1
:1049E00000000000000000000100000000000000C6
:1049F00000000000000000000000000000000000B7
:104A000000000000000000000000000000000000A6
:104A10000000000000000000000000000000000096
:104A2000BB7E4DDDF5F43630769E01A492A17AE38B
:104A30002C384C3B0000000000000000000000008B
:104A40000000000000000000000000000000000066
:104A50000000000000000000000000000000000056
:104A60000000000000000000EE4F3CF0C33317537D
:104A70008682C26BEDDC8F3135F98C93000000002B
:104A80000000000000000000000000000000000026
:104A90000000000000000000000000000000000016
:104AA0000000000000000000000000000000000006
:104AB0000100000000000000000000008000000075
:104AC0000000000000000000FFFFFFFFFFFFFFFFEE
:104AD000FF000000000000000000000000000000D7
:104AE00000000000000000000000000000000000C6
:104AF00000000000000000000000000000000000B6
:104B000000000000000000000000000000000000A5
:104B10000000000000000000000000000000000095
:104B20000000000000000000000000000000000085
:104B30000000000000000000000000000000000075
:104B40000000000000000000000000000000000065
:104B50000000000000000000000000000000000055
:104B60000000000000000000000000000000000045
:104B70000000000000000000000000000000000035
:104B80000000000000000000000000000000000025
:104B90000000000000000000000000000000000015
:104BA0000000000000000000000000000000000005
:104BB00000000000A0000000A100000005000000AF
:104BC00000000000534543475F5052494D455F3157
:104BD00036304B3100000000FFFFFF7FFFFFFFFF7B
:104BE000FFFFFFFFFFFFFFFFFFFFFFFF00000000D1
:104BF00000000000000000000000000000000000B5
:104C000000000000000000000000000000000000A4
:104C10000000000000000000000000000000000094
:104C2000FCFFFF7FFFFFFFFFFFFFFFFFFFFFFFFF17
:104C3000FFFFFFFF00000000000000000000000078
:104C40000000000000000000000000000000000064
:104C50000000000000000000000000000000000054
:104C6000000000000000000045FA65C5ADD4D48105
:104C70009FF8AC658B7ABD54FCBE971C0000000009
:104C80000000000000000000000000000000000024
:104C90000000000000000000000000000000000014
:104CA0000000000000000000000000000000000004
:104CB000572275CAD3AE27F9C8F4010000000000DE
:104CC00000000000010000000000000000000000E3
:104CD00000000000000000000000000000000000D4
:104CE00000000000000000000000000000000000C4
:104CF00000000000000000000000000082FCCB1358
:104D0000B98BC368896964462873F58E68B5964A7D
:104D10000000000000000000000000000000000093
:104D20000000000000000000000000000000000083
:104D30000000000000000000000000000000000073
:104D40000000000032FBC57A3751230412C9DC5938
:104D50007D9468315528A623000000000000000063
:104D60000000000000000000000000000000000043
:104D70000000000000000000000000000000000033
:104D80000000000000000000000000000100000022
:104D90000000000000000000800000000000000093
:104DA00000000000FFFFFFFFFFFFFFFFFF0000000C
:104DB00000000000000000000000000000000000F3
:104DC00000000000000000000000000000000000E3
:104DD00000000000000000000000000000000000D3
:104DE00000000000000000000000000000000000C3
:104DF00000000000000000000000000000000000B3
:104E000000000000000000000000000000000000A2
:104E10000000000000000000000000000000000092
:104E20000000000000000000000000000000000082
:104E30000000000000000000000000000000000072
:104E40000000000000000000000000000000000062
:104E50000000000000000000000000000000000052
:104E60000000000000000000000000000000000042
:104E70000000000000000000000000000000000032
:104E80000000000000000000000000000000000022
:104E9000A0000000A10000000500000001000000CB
:104EA000534543475F5052494D455F31363052318B
:104EB0000000000073ACFFFFFEFFFFFFFFFFFFFFDE
:104EC000FFFFFFFFFFFFFFFF0000000000000000EA
:104ED00000000000000000000000000000000000D2
:104EE00000000000000000000000000000000000C2
:104EF00000000000000000000000000070ACFFFF98
:104F0000FEFFFFFFFFFFFFFFFFFFFFFFFFFFFFFFB2
:104F10000000000000000000000000000000000091
:104F20000000000000000000000000000000000081
:104F30000000000000000000000000000000000071
:104F400000000000BA8803F55A4D6604492757ABA4
:104F50008BEB59FBD334E1B40000000000000000EB
:104F60000000000000000000000000000000000041
:104F70000000000000000000000000000000000031
:104F80000000000000000000000000006BA1A1F381
:104F900018A886E71E350000000000000000000091
:104FA0000100000000000000000000000000000000
:104FB00000000000000000000000000000000000F1
:104FC00000000000000000000000000000000000E1
:104FD00000000000000000006DCE44319D19F73044
:104FE0001BF14F1F7E113A2934B0DC520000000043
:104FF00000000000000000000000000000000000B1
:1050000000000000000000000000000000000000A0
:105010000000000000000000000000000000000090
:105020002E3FD4A7FE2C98F90DFA71E096F231E3E9
:10503000F2FEAFFE000000000000000000000000D3
:105040000000000000000000000000000000000060
:105050000000000000000000000000000000000050
:10506000000000000000000001000000000000003F
:1050700000000000800000000000000000000000B0
:10508000FFFFFFFFFFFFFFFFFF0000000000000029
:105090000000000000000000000000000000000010
:1050A0000000000000000000000000000000000000
:1050B00000000000000000000000000000000000F0
:1050C00000000000000000000000000000000000E0
:1050D00000000000000000000000000000000000D0
:1050E00000000000000000000000000000000000C0
:1050F00000000000000000000000000000000000B0
:10510000000000000000000000000000000000009F
:10511000000000000000000000000000000000008F
:10512000000000000000000000000000000000007F
:10513000000000000000000000000000000000006F
:10514000000000000000000000000000000000005F
:10515000000000000000000000000000000000004F
:10516000000000000000000000000000A00000009F
:10517000A100000005000000020000005345434765
:105180005F5052494D455F313630523200000000C9
:1051900037EEFFFFFEFFFFFFFFFFFFFFFFFFFFFFF9
:1051A000FFFFFFFFFFFFFFFF000000000000000007
:1051B00000000000000000000000000000000000EF
:1051C00000000000000000000000000000000000DF
:1051D00000000000000000000000000000000000CF
:1051E00000000000000000000000000000000000BF
:1051F00000000000000000000000000000000000AF
:10520000000000000000000000000000000000009E
:10521000000000000000000000000000000000008E
:10522000030000000000000000000000000000007B
:10523000000000000000000000000000000000006E
:10524000000000000000000000000000000000005E
:10525000000000000000000000000000000000004E
:1052600000000000000000008DFDDE746A46690F3A
:1052700017FCF226FEFFFFFFFFFFFFFFFFFFFFFF10
:10528000000000000000000000000000000000001E
:10529000000000000000000000000000000000000E
:1052A00000000000000000000000000000000000FE
:1052B000000000007D6CE0EAB1D1A51D34F4B78098
:1052C000027DB026AEE957C00EF14FDB00000000B2
:1052D00000000000000000000000000000000000CE
:1052E00000000000000000000000000000000000BE
:1052F0000000000000000000000000009D2F5ED9AB
:1053000088AA82403486BE15D0634184A728569C63
:105310006D2F2F9B00000000000000000000000027
:10532000000000000000000000000000000000007D
:10533000000000000000000000000000000000006D
:10534000000000000100000000000000000000005C
:1053500080000000000000000000000000000000CD
:1053600000000000800000000000000000000000BD
:10537000000000000000000000000000000000002D
:10538000000000000000000000000000000000001D
:10539000000000000000000000000000000000000D
:1053A00000000000000000000000000000000000FD
:1053B00000000000000000000000000000000000ED
:1053C00000000000000000000000000000000000DD
:1053D00000000000000000000000000000000000CD
:1053E00000000000000000000000000000000000BD
:1053F00000000000000000000000000000000000AD
:10540000000000000000000000000000000000009C
:10541000000000000000000000000000000000008C
:10542000000000000000000000000000000000007C
:10543000000000000000000000000000000000006C
:105440000000000000000000C0000000C0000000DC
:105450000500000003000000534543475F505249D8
:105460004D455F3139324B3100000000FFFFFFFF37
:10547000FFFFFFFFFEFFFFFFFFFFFFFFFFFFFFFF3D
:10548000FFFFFFFF00000000000000000000000020
:10549000000000000000000000000000000000000C
:1054A00000000000000000000000000000000000FC
:1054B00000000000FCFFFFFFFFFFFFFFFEFFFFFFFC
:1054C000FFFFFFFFFFFFFFFFFFFFFFFF00000000E8
:1054D00000000000000000000000000000000000CC
:1054E00000000000000000000000000000000000BC
:1054F000000000000000000000000000B1B946C13B
:10550000ECDEB8FE49302472ABE9A70FE7809CE5DA
:1055100019052164000000000000000000000000E8
:10552000000000000000000000000000000000007B
:10553000000000000000000000000000000000006B
:10554000000000003128D2B4B1C96B1436F8DE99DE
:10555000FFFFFFFFFFFFFFFFFFFFFFFF0000000057
:10556000000000000000000000000000000000003B
:10557000000000000000000000000000000000002B
:10558000000000000000000000000000000000001B
:105590001210FF82FD0AFFF40088A143EB20BF7CBC
:1055A000F69030B00EA88D1800000000000000003A
:1055B00000000000000000000000000000000000EB
:1055C00000000000000000000000000000000000DB
:1055D00000000000000000001148791EA177F97357
:1055E000D5CD246BED11106378DAC8FF952B190720
:1055F00000000000000000000000000000000000AB
:10560000000000000000000000000000000000009A
:10561000000000000000000000000000000000008A
:1056200001000000000000000000000080000000F9
:10563000000000000000000000000000000000006A
:1056400080000000000000000000000000000000DA
:10565000000000000000000000000000000000004A
:10566000000000000000000000000000000000003A
:10567000000000000000000000000000000000002A
:10568000000000000000000000000000000000001A
:10569000000000000000000000000000000000000A
:1056A00000000000000000000000000000000000FA
:1056B00000000000000000000000000000000000EA
:1056C00000000000000000000000000000000000DA
:1056D00000000000000000000000000000000000CA
:1056E00000000000000000000000000000000000BA
:1056F00000000000000000000000000000000000AA
:105700000000000000000000000000000000000099
:105710000000000000000000000000000000000089
:1057200000000000C0000000C000000005000000F4
:1057300004000000534543475F5052494D455F31D7
:1057400039325231000000006DE5FFFFFEFFFFFF20
:10575000FFFFFFFFFFFFFFFFFFFFFFFFFFFFFFFF59
:10576000FFFFFFFF0000000000000000000000003D
:105770000000000000000000000000000000000029
:105780000000000000000000000000000000000019
:105790000000000000000000000000000000000009
:1057A00000000000000000000000000000000000F9
:1057B00000000000000000000000000000000000E9
:1057C00000000000000000000000000000000000D9
:1057D00000000000000000000500000000000000C4
:1057E00000000000000000000000000000000000B9
:1057F00000000000000000000000000000000000A9
:105800000000000000000000000000000000000098
:105810000000000000000000000000000000000088
:10582000F7B19F7671A9F0CA8461ECD2E8DC01007F
:105830000000000000000000000000000100000067
:105840000000000000000000000000000000000058
:105850000000000000000000000000000000000048
:105860000000000000000000000000005CA4B7B6CB
:105870000E657E0FA97570E4E967A469A128FC3064
:10588000DF99F04D335B45A10000000000000000EF
:105890000000000000000000000000000000000008
:1058A00000000000000000000000000000000000F8
:1058B00000000000A5616D55DB4BCAE259BDB0C0C8
:1058C000F719E3F7D6FBCA824234BA7FED9F087E10
:1058D00000000000000000000000000000000000C8
:1058E00000000000000000000000000000000000B8
:1058F00000000000000000000000000001000000A7
:105900000000000000000000800000000000000017
:1059100000000000FFFFFFFFFFFFFFFFFF00000090
:105920000000000000000000000000000000000077
:105930000000000000000000000000000000000067
:105940000000000000000000000000000000000057
:105950000000000000000000000000000000000047
:105960000000000000000000000000000000000037
:105970000000000000000000000000000000000027
:105980000000000000000000000000000000000017
:105990000000000000000000000000000000000007
:1059A00000000000000000000000000000000000F7
:1059B00000000000000000000000000000000000E7
:1059C00000000000000000000000000000000000D7
:1059D00000000000000000000000000000000000C7
:1059E00000000000000000000000000000000000B7
:1059F00000000000000000000000000000000000A7
:105A0000E0000000E10000000500000005000000CB
:105A1000534543475F5052494D455F3232344B3115
:105A20000000000001000000000000000000000075
:105A3000FFFFFFFFFFFFFFFFFFFFFFFFFFFFFFFF76
:105A40000000000000000000000000000000000056
:105A50000000000000000000000000000000000046
:105A6000000000000000000000000000FEFFFFFF3B
:105A7000FFFFFFFFFFFFFFFFFEFFFFFFFFFFFFFF37
:105A8000FFFFFFFFFFFFFFFF00000000000000001E
:105A90000000000000000000000000000000000006
:105AA00000000000000000000000000000000000F6
:105AB00000000000B4FF552343390B27BAD8BFD7E5
:105AC000B7B04450563241F5ABB3040C850A05B467
:105AD00000000000000000000000000000000000C6
:105AE00000000000000000000000000000000000B6
:105AF0000000000000000000000000003D2A5C5C87
:105B00004529DD133EF0B8E0A216FFFFFFFFFFFFBF
:105B1000FFFFFFFFFFFFFFFF00000000000000008D
:105B20000000000000000000000000000000000075
:105B30000000000000000000000000000000000065
:105B40000000000000000000211D5C11D6803234EE
:105B50002211C256D3C1034AB99013327FBFB46B2E
:105B6000BD0C0EB7000000000000000000000000A7
:105B70000000000000000000000000000000000025
:105B80000000000000000000000000000000000015
:105B9000347E00859981D5446447075AA07543CD6A
:105BA000E6DF224CFB23F7B5886337BD0000000019
:105BB00000000000000000000000000000000000E5
:105BC00000000000000000000000000000000000D5
:105BD00000000000000000000100000000000000C4
:105BE0000000000080000000000000000000000035
:105BF0000000000000000000800000000000000025
:105C00000000000000000000000000000000000094
:105C10000000000000000000000000000000000084
:105C20000000000000000000000000000000000074
:105C30000000000000000000000000000000000064
:105C40000000000000000000000000000000000054
:105C50000000000000000000000000000000000044
:105C60000000000000000000000000000000000034
:105C70000000000000000000000000000000000024
:105C80000000000000000000000000000000000014
:105C90000000000000000000000000000000000004
:105CA00000000000000000000000000000000000F4
:105CB00000000000000000000000000000000000E4
:105CC00000000000000000000000000000000000D4
:105CD000000000000000000000000000E0000000E4
:105CE000E0000000050000000600000053454347A7
:105CF0005F5052494D455F3232345231000000004E
:105D00002FFCFFFFFEFFFFFFFFFFFFFFFFFFFFFF77
:105D1000FFFFFFFFFFFFFFFFFFFFFFFFFFFFFFFF93
:105D20000000000000000000000000000000000073
:105D30000000000000000000000000000000000063
:105D40000000000000000000000000000000000053
:105D50000000000000000000000000000000000043
:105D60000000000000000000000000000000000033
:105D70000000000000000000000000000000000023
:105D80000000000000000000000000000000000013
:105D900007000000000000000000000000000000FC
:105DA00000000000000000000000000000000000F3
:105DB00000000000000000000000000000000000E3
:105DC00000000000000000000000000000000000D3
:105DD0000000000000000000414136D08C5ED2BFC0
:105DE0003BA048AFE6DCAEBAFEFFFFFFFFFFFFFFC0
:105DF000FFFFFFFFFFFFFFFF0000000000000000AB
:105E00000000000000000000000000000000000092
:105E10000000000000000000000000000000000082
:105E2000000000009817F8165B81F259D928CE2D92
:105E3000DBFC9B02070B87CE9562A055ACBBDCF95F
:105E40007E66BE7900000000000000000000000037
:105E50000000000000000000000000000000000042
:105E6000000000000000000000000000B8D410FB9B
:105E70008FD0479C195485A648B417FDA808110E69
:105E8000FCFBA45D65C4A32677DA3A480000000055
:105E90000000000000000000000000000000000002
:105EA00000000000000000000000000000000000F2
:105EB00000000000010000000000000000000000E1
:105EC0008000000000000000000000000000000052
:105ED0000000000080000000000000000000000042
:105EE00000000000000000000000000000000000B2
:105EF00000000000000000000000000000000000A2
:105F00000000000000000000000000000000000091
:105F10000000000000000000000000000000000081
:105F20000000000000000000000000000000000071
:105F30000000000000000000000000000000000061
:105F40000000000000000000000000000000000051
:105F50000000000000000000000000000000000041
:105F60000000000000000000000000000000000031
:105F70000000000000000000000000000000000021
:105F80000000000000000000000000000000000011
:105F90000000000000000000000000000000000001
:105FA00000000000000000000000000000000000F1
:105FB00000000000000000000001000000010000DF
:105FC0000500000007000000534543475F50524959
:105FD0004D455F3235364B3100000000FFFFFFFFBB
:105FE000FFFFFFFFFFFFFFFF0000000000000000B9
:105FF0000000000001000000FFFFFFFF00000000A4
:106000000000000000000000000000000000000090
:106010000000000000000000000000000000000080
:1060200000000000FCFFFFFFFFFFFFFFFFFFFFFF7F
:10603000000000000000000000000000010000005F
:10604000FFFFFFFF00000000000000000000000054
:106050000000000000000000000000000000000040
:106060000000000000000000000000004B60D2278C
:106070003E3CCE3BF6B053CCB0061D65BC86987650
:1060800055BDEBB3E7933AAAD835C65A00000000D5
:106090000000000000000000000000000000000000
:1060A00000000000000000000000000000000000F0
:1060B00000000000512563FCC2CAB9F3849E17A7F3
:1060C000ADFAE6BCFFFFFFFFFFFFFFFF000000008F
:1060D000FFFFFFFF000000000000000000000000C4
:1060E00000000000000000000000000000000000B0
:1060F00000000000000000000000000000000000A0
:1061000096C298D84539A1F4A033EB2D817D037751
:10611000F240A463E5E6BCF847422CE1F2D1176BEC
:10612000000000000000000000000000000000006F
:10613000000000000000000000000000000000005F
:106140000000000000000000F551BF376840B6CBEA
:10615000CE5E316B5733CE2B169E0F7C4AEBE78E0B
:106160009B7F1AFEE242E34F0000000000000000A7
:10617000000000000000000000000000000000001F
:10618000000000000000000000000000000000000F
:1061900001000000FFFFFFFF7F0000008000000003
:1061A0000000000000000000FFFFFFFF7F00000074
:1061B000800000000000000000000000000000005F
:1061C00000000000000000000000000000000000CF
:1061D00000000000000000000000000000000000BF
:1061E00000000000000000000000000000000000AF
:1061F000000000000000000000000000000000009F
:10620000000000000000000000000000000000008E
:10621000000000000000000000000000000000007E
:10622000000000000000000000000000000000006E
:10623000000000000000000000000000000000005E
:10624000000000000000000000000000000000004E
:10625000000000000000000000000000000000003E
:10626000000000000000000000000000000000002E
:10627000000000000000000000000000000000001E
:10628000000000000000000000000000000000000E
:1062900000000000000100000001000005000000F7
:1062A00008000000534543475F5052494D455F3257
:1062B0003536523100000000FFFFFFFF00000000F4
:1062C00000000000FFFFFFFFFEFFFFFFFFFFFFFFDB
:1062D000FFFFFFFFFFFFFFFFFFFFFFFFFFFFFFFFCE
:1062E000FFFFFFFFFFFFFFFF0000000000000000B6
:1062F000000000000000000000000000000000009E
:10630000FCFFFFFF0000000000000000FFFFFFFF98
:10631000FEFFFFFFFFFFFFFFFFFFFFFFFFFFFFFF8E
:10632000FFFFFFFFFFFFFFFFFFFFFFFFFFFFFFFF7D
:10633000000000000000000000000000000000005D
:106340000000000000000000EF2AECD3EDC8852A11
:106350009DD12E8A8D3956C65A8713508F08140343
:10636000124181FE6E9C1D18192DF8E36B058E9865
:10637000E4E73EE2A72F31B3000000000000000078
:10638000000000000000000000000000000000000D
:106390007329C5CC6A19ECEC7AA7B048B20D1A582B
:1063A000DF2D37F4814D63C7FFFFFFFFFFFFFFFFC6
:1063B000FFFFFFFFFFFFFFFFFFFFFFFFFFFFFFFFED
:1063C00000000000000000000000000000000000CD
:1063D000000000000000000000000000B70A767214
:1063E000385E543A6C2955BF5DF20255382A548202
:1063F000E041F759989BA78B623B1D6E74AD20F36B
:106400001EC7B18E37058BBE22CA87AA00000000C6
:10641000000000000000000000000000000000007C
:10642000000000005F0EEA907C1D437A9D817E1D76
:10643000CEB1600AC0B8F0B51331DAE97C149A28FD
:10644000BD1DF4F829DC9292BF989E5D6F2C2696B4
:106450004ADE1736000000000000000000000000C7
:10646000000000000000000000000000010000002B
:10647000000000000000000080000000000000009C
:10648000000000000000000000000000800000008C
:1064900000000000000000000000000000000000FC
:1064A00000000000000000000000000000000000EC
:1064B00000000000000000000000000000000000DC
:1064C00000000000000000000000000000000000CC
:1064D00000000000000000000000000000000000BC
:1064E00000000000000000000000000000000000AC
:1064F000000000000000000000000000000000009C
:10650000000000000000000000000000000000008B
:10651000000000000000000000000000000000007B
:10652000000000000000000000000000000000006B
:10653000000000000000000000000000000000005B
:10654000000000000000000000000000000000004B
:10655000000000000000000000000000000000003B
:10656000000000000000000000000000000000002B
:10657000800100008001000005000000090000000B
:10658000534543475F5052494D455F33383452318C
:1065900000000000FFFFFFFFFFFFFFFFFFFFFFFF07
:1065A000FFFFFFFFFFFFFFFFFFFFFFFFFFFFFFFFFB
:1065B000FFFFFFFFFFFFFFFFFFFFFFFFFFFFFFFFEB
:1065C000FFFFFFFFFFFFFFFFFFFFFFFFFFFFFFFFDB
:1065D000FFFFFFFFFF01000000000000FCFFFFFFC6
:1065E000FFFFFFFFFFFFFFFFFFFFFFFFFFFFFFFFBB
:1065F000FFFFFFFFFFFFFFFFFFFFFFFFFFFFFFFFAB
:10660000FFFFFFFFFFFFFFFFFFFFFFFFFFFFFFFF9A
:10661000FFFFFFFFFFFFFFFFFFFFFFFFFF01000086
:1066200000000000003F506BD41F45EFF1342C3DBB
:1066300088DF733507BFB13BBDC052167B937EEC3C
:1066400051391956E109F18E9189B4B8F315B3990E
:106650005B72DAA2EE4085B6A0219A921F9A1C8E38
:1066600061B93E95510000000000000009643891B6
:106670001EB76FBBAE479C89B8C9B53BD0A509F71B
:106680004801CC7F6B962FBF83878651FAFFFFFFAF
:10669000FFFFFFFFFFFFFFFFFFFFFFFFFFFFFFFF0A
:1066A000FFFFFFFFFFFFFFFFFFFFFFFFFF010000F6
:1066B000000000000000000066BDE5C2317E7EF9EA
:1066C0009B426A85C1B34833DEA8FFA227C11DFEE5
:1066D0002859E7EF775E4BA1BA3D4D6B60AF28F8C4
:1066E00021B53F053981649C42B4952366CB3E9E1B
:1066F000CDE90404B7068E85C60000000000000046
:106700005066D19F7694BE8840C272A286703C3596
:106710006107AD3F01B950C54026F45E9972EE970E
:106720002C663E2717BDAF1768449B574944F59820
:10673000D91B7D2CB45F8A5C04C03B9A786A2939E6
:10674000180100000000000001000000000000002F
:1067500000000000800000000000000000000000B9
:1067600000000000000000008000000000000000A9
:106770000000000000000000000000000000000019
:106780000000000000000000000000000000000009
:1067900000000000000000000000000000000000F9
:1067A00000000000000000000000000000000000E9
:1067B00000000000000000000000000000000000D9
:1067C00000000000000000000000000000000000C9
:1067D00000000000000000000000000000000000B9
:1067E00000000000000000000000000000000000A9
:1067F0000000000000000000000000000000000099
:106800000000000000000000000000000000000088
:106810000000000000000000000000000000000078
:106820000000000000000000000000000000000068
:106830000000000000000000000000000000000058
:10684000000000000000000000000000090200003D
:1068500009020000050000000A00000053454347FC
:106860005F5052494D455F353231523100000000D2
:106870002C2066756E6374696F6E3A2000617373C5
:10688000657274696F6E2022257322206661696CBF
:1068900065643A2066696C6520222573222C206C81
:1068A000696E65202564257325730A0070620020D7
:1068B000232D302B2000686C4C00656667454647E9
:1068C00000494E4600696E66004E414E006E616E94
:1068D00000300030313233343536373839414243B5
:1068E0004445460030313233343536373839616209
:1068F000636465660000000035000000CEFBFFFF0A
:10690000CB03000001000000000000003400000084
:10691000CEFBFFFFCB0300000100000000000000E1
:10692000BC89D897B2D29C3C33A7A8D523F6493965
:106930003DA7F444FD0FA5329D978CCF08BA5B2587
:10694000436FAC64280668110020202020202020FE
:10695000202028282828282020202020202020200F
:10696000202020202020202020881010101010101F
:10697000101010101010101010040404040404046B
:106980000404041010101010101041414141414105
:1069900001010101010101010101010101010101E7
:1069A00001010101101010101010424242424242F7
:1069B00002020202020202020202020202020202B7
:1069C000020202021010101020000000000000005F
:1069D00000000000000000000000000000000000B7
:1069E00000000000000000000000000000000000A7
:1069F0000000000000000000000000000000000097
:106A00000000000000000000000000000000000086
:106A10000000000000000000000000000000000076
:106A20000000000000000000000000000000000066
:106A30000000000000000000000000000000000056
:106A4000000000000000000000496E66696E697475
:106A500079004E614E0000000000000000000000C0
:106A60000000000000000000000000000000000026
:106A70000000000000000000000000000000000016
:106A80000000000000000000000000000000000006
:106A900000000000000000000000000000000000F6
:106AA00000000000000000000000000000000000E6
:106AB00000000000000000002E000000B86A060080
:106AC000AB680600D06200204300504F5349580085
:106AD0000080E03779C34143176E05B5B5B89346DA
:106AE000F5F93FE9034F384D321D30F94877825AA6
:106AF0003CBF737FDD4F1575000000000000F03FC4
:106B00000000000000002440000000000000594088
:106B10000000000000408F40000000000088C340DB
:106B200000000000006AF8400000000080842E4150
:106B300000000000D01263410000000084D797419C
:106B40000000000065CDCD41000000205FA00242A2
:106B5000000000E876483742000000A2941A6D4217
:106B6000000040E59C30A2420000901EC4BCD6420A
:106B700000003426F56B0C430080E03779C34143B5
:106B800000A0D8855734764300C84E676DC1AB432B
:106B9000003D9160E458E143408CB5781DAF154449
:106BA00050EFE2D6E41A4B4492D54D06CFF0804424
:106BB000F64AE1C7022DB544B49DD9794378EA4439
:106BC00005000000190000007D000000000000002A
:086BD00080F6FB7F01000000CC
:106BD80000000000FF0000000000000000388FC027
:106BE800FFFF000000000000000000000000F0BFF0
:106BF800320000000200000068F805004CF80500AB
:106C080058FB050058F8050048F8050050F805003D
:106C180060F8050070F8050074F80500040000002D
:106C280001010000C8000000100000001000000072
:106C3800020000000C000000C80000002F00000047
:106C4800145E59449A6959440100000000C0574431
:106C58000AD7233C5A5A5A5A020000000A00000078
:106C6800960000004142434445464748494A4B4C38
:106C78004D4E4F505152535455565758595A00007B
:106C880002000000050000000000000008000000ED
:106C980001000000000000000000000000000000EB
:106CA80090D003000600000001000000691D0000EC
:106CB8000A00000000000306B200080001000000FE
:106CC800A800080002000000A000140003005749B3
:106CD8004E555342000000000000000000008400F0
:106CE800040007002A00440065007600690063007C
:106CF800650049006E00740065007200660061005E
:106D08006300650047005500490044007300000017
:106D180050007B003900370035004600340034004D
:106D2800440039002D0030004400300038002D00A8
:106D380034003300460044002D0038004200330080
:106D480045002D0031003200370043004100380073
:106D58004100460046004600390044007D0000001E
:106D6800000000000400000010000C00C8DF002034
:106D7800483F06000000000000000000000000007E
:106D880000000000000000000000000000000000FB
:106D980000000000000000000000000000000000EB
:106DA80000000000000000000000000000000000DB
:106DB80000000000000000000000000000000000CB
:106DC80000000000FF0000000000000019EC0400B3
:106DD800FDEB0400D1EB0400C5EB040080000000CB
:106DE8008000000080000000E0000000800000003B
:106DF800000000000000000000000000000000008B
:106E080021EE040091EE040015EE040005EE0400E6
:106E1800FFFFFFFFACE500200200000001000000BA
:106E2800F40001200090D0030A0000004C0001206B
:106E38006000012074000120880001207062002099
:106E480000000000786A0600986A0600586A060082
:106E5800000000000000000000000000000000002A
:106E6800000000000000000000000000000000001A
:106E7800000000000000000000000000000000000A
:106E880000000000000000000000000000000000FA
:106E980000000000000000000000000000000000EA
:106EA800FF00000043000000000000000000000098
:106EB80000000000000000000000000000000000CA
:106EC8000000000043000000000000000000000077
:106ED80000000000000000000000000000000000AA
:106EE8000000000043000000000000000000000057
:106EF800000000000000000000000000000000008A
:106F08000000000043000000000000000000000036
:106F18000000000000000000000000000000000069
:106F28000000000043000000000000000000000016
:106F38000000000000000000000000000000000049
:106F480000000000430000000000000000000000F6
:106F58000000000000000000000000000000000029
:106F680000000000430000000000000000000000D6
:106F78000000000000000000000000000000000009
:106F88000000000057F60500DDE8050000000000DD
:106F980048690600B86A0600AB680600AB680600D8
:106FA800AB680600AB680600AB680600AB68060075
:106FB800AB680600AB680600AB680600FFFFFFFF82
:106FC800FFFFFFFFFFFFFFFFFFFF0000010041532E
:106FD80043494900000000000000000000000000D4
:106FE8000000000000000000000000000000415305
:106FF80043494900000000000000000000000000B4
:107008000000000000000000000000000000000078
:107018000162020035620200BD76020011820200A0
:1070280021F70200F9120300B53603009D49030059
:1070380019530300F156030039930300E5F00300E8
:10704800FDF003007DF20300F5200400052804008C
:10705800412E040071EC040065170500315B050042
:0470680011620200AF
:04000003500045E57F
:00000001FF
